NCTId,BriefTitle,Condition,Phase,StudyType,InterventionType,InterventionName,Enrollment,StartDate,PrimaryCompletionDate,OverallStatus,LeadSponsorName,planned_enrollment,num_conditions,num_interventions,planned_duration_days,sponsor_type_industry,intervention_type,start_year,has_multiple_conditions,has_multiple_interventions,is_large_trial,label
NCT00002752,Radiolabeled Monoclonal Antibody Therapy in Treating Patients With Primary or Metastatic Brain Cancers,Brain and Central Nervous System Tumors; Metastatic Cancer,PHASE1; PHASE2,INTERVENTIONAL,RADIATION,iodine I 131 monoclonal antibody 81C6,,1993-02,2003-01,COMPLETED,Duke University,,2,1,3621.0,0,RADIATION,1993.0,1,0,0,1.0
NCT00002543,"Gallium Nitrate in Treating Children With Brain Tumor, Neuroblastoma, Rhabdomyosarcoma, Non-Hodgkin's Lymphoma, or Refractory Solid Tumors","Brain and Central Nervous System Tumors; Lymphoma; Neuroblastoma; Sarcoma; Unspecified Childhood Solid Tumor, Protocol Specific",PHASE1,INTERVENTIONAL,DRUG,gallium nitrate,3,1995-02,,COMPLETED,Medical College of Wisconsin,3.0,5,1,,0,DRUG,1995.0,1,0,0,1.0
NCT00004644,Phase I/II Study of High-Dose Acyclovir for Central Nervous System or Disseminated Neonatal Herpes Simplex Virus Infection,Herpes Simplex,PHASE1; PHASE2,INTERVENTIONAL,DRUG,acyclovir,25,1995-02,,COMPLETED,National Center for Research Resources (NCRR),25.0,1,1,,0,DRUG,1995.0,0,0,0,1.0
NCT00019058,Radiation Therapy in Treating Patients With Glioblastoma,Brain and Central Nervous System Tumors,PHASE1,INTERVENTIONAL,DRUG; DRUG; DRUG; RADIATION,chemotherapy; hydroxyurea; pentoxifylline; radiation therapy,34,1995-04,,COMPLETED,National Cancer Institute (NCI),34.0,1,4,,0,DRUG,1995.0,0,1,0,1.0
NCT00001565,Phase I and Pharmacokinetic Trial of Phenylbutyrate Given as a Continuous Infusion in Pediatric Patients With Refractory Malignancy,Brain Neoplasms; Neuroblastoma,PHASE1,INTERVENTIONAL,DRUG,phenylbutyrate,35,1996-12,,COMPLETED,National Cancer Institute (NCI),35.0,2,1,,0,DRUG,1996.0,1,0,0,1.0
NCT00005813,Bispecific Antibody Plus White Blood Cells in Treating Patients With Recurrent or Refractory Glioblastoma Multiforme,Brain and Central Nervous System Tumors,PHASE1,INTERVENTIONAL,BIOLOGICAL; BIOLOGICAL; PROCEDURE,bispecific antibody MDX447; lymphokine-activated killer cells; conventional surgery,,1997-03,2003-01,COMPLETED,Dartmouth-Hitchcock Medical Center,,1,3,2132.0,0,BIOLOGICAL,1997.0,0,1,0,1.0
NCT00003331,Combination Chemotherapy in Treating Patients With Advanced Cancer,"Chronic Myeloproliferative Disorders; Leukemia; Lymphoma; Multiple Myeloma and Plasma Cell Neoplasm; Myelodysplastic Syndromes; Precancerous Condition; Unspecified Adult Solid Tumor, Protocol Specific",PHASE1,INTERVENTIONAL,DRUG; DRUG; DRUG,fluorouracil; leucovorin calcium; topotecan hydrochloride,30,1998-01,2001-11,COMPLETED,NYU Langone Health,30.0,7,3,1400.0,0,DRUG,1998.0,1,1,0,1.0
NCT00019578,Stereotactic Radiosurgery in Treating Patients With Brain Tumors,Adult Central Nervous System Germ Cell Tumor; Adult Malignant Meningioma; Adult Medulloblastoma; Adult Noninfiltrating Astrocytoma; Adult Oligodendroglioma; Adult Craniopharyngioma; Adult Meningioma; Brain Metastases; Adult Ependymoma; Adult Pineal Parenchymal Tumor; Adult Brain Stem Glioma; Adult Infiltrating Astrocytoma; Mixed Gliomas; Stage IV Peripheral Primitive Neuroectodermal Tumor,PHASE1,INTERVENTIONAL,PROCEDURE,Sterotactic radiosurgery,,1998-11,,COMPLETED,National Institutes of Health Clinical Center (CC),,14,1,,0,PROCEDURE,1998.0,1,0,0,1.0
NCT00003301,Irinotecan in Treating Patients With Recurrent Malignant Glioma,Brain and Central Nervous System Tumors,PHASE1; PHASE2,INTERVENTIONAL,DRUG,irinotecan hydrochloride,,1998-07,,COMPLETED,New Approaches to Brain Tumor Therapy Consortium,,1,1,,0,DRUG,1998.0,0,0,0,1.0
NCT00003461,Radiolabeled Monoclonal Antibody Therapy in Treating Patients With Primary or Metastatic Brain Tumors,Brain and Central Nervous System Tumors; Metastatic Cancer; Neuroblastoma,PHASE1; PHASE2,INTERVENTIONAL,PROCEDURE; RADIATION,surgical procedure; astatine At 211 monoclonal antibody 81C6,,1998-02,2005-02,COMPLETED,Duke University,,3,2,2557.0,0,PROCEDURE,1998.0,1,1,0,1.0
NCT00003462,"Intrathecal Busulfan in Treating Patients With Recurrent, Refractory, or Metastatic Leptomeningeal Tumors",Brain and Central Nervous System Tumors,PHASE1,INTERVENTIONAL,DRUG,busulfan,20,1998-04,2001-02,COMPLETED,Duke University,20.0,1,1,1037.0,0,DRUG,1998.0,0,0,0,1.0
NCT00003876,Internal Radiation Therapy Plus Carmustine Implants in Treating Patients With Recurrent or Refractory Malignant Glioma,Brain and Central Nervous System Tumors,PHASE1,INTERVENTIONAL,DRUG; PROCEDURE; RADIATION,polifeprosan 20 with carmustine implant; surgical procedure; iodine I 125,,1999-04,,COMPLETED,Barrett Cancer Center,,1,3,,0,DRUG,1999.0,0,1,0,1.0
NCT00003956,Combination Chemotherapy in Treating Patients With Advanced Cancer,"Lymphoma; Unspecified Adult Solid Tumor, Protocol Specific",PHASE1,INTERVENTIONAL,DRUG; DRUG; DRUG,fluorouracil; leucovorin calcium; lonafarnib,25,1999-04,2001-01,COMPLETED,Memorial Sloan Kettering Cancer Center,25.0,2,3,641.0,0,DRUG,1999.0,1,1,0,1.0
NCT00005637,Combination Chemotherapy Following Radiation Therapy in Treating Patients With Malignant Glioma,Brain and Central Nervous System Tumors,PHASE1,INTERVENTIONAL,DRUG; DRUG,carmustine; temozolomide,,1999-12,2003-06,COMPLETED,Memorial Sloan Kettering Cancer Center,,1,2,1278.0,0,DRUG,1999.0,0,1,0,1.0
NCT00004002,PS-341 in Treating Patients With Advanced Solid Tumors or Lymphoma,"Lymphoma; Small Intestine Cancer; Unspecified Adult Solid Tumor, Protocol Specific",PHASE1,INTERVENTIONAL,DRUG,bortezomib,,1999-07,2001-10,COMPLETED,NYU Langone Health,,3,1,823.0,0,DRUG,1999.0,1,0,0,1.0
NCT00004004,Procarbazine in Treating Patients With Recurrent Brain Tumor,Brain and Central Nervous System Tumors,PHASE1; PHASE2,INTERVENTIONAL,DRUG,procarbazine hydrochloride,,1999-07,,COMPLETED,New Approaches to Brain Tumor Therapy Consortium,,1,1,,0,DRUG,1999.0,0,0,0,1.0
NCT00005796,Combination Chemotherapy Plus Gene Therapy in Treating Patients With CNS Tumors,Bone Marrow Suppression; Brain and Central Nervous System Tumors; Drug/Agent Toxicity by Tissue/Organ,PHASE1,INTERVENTIONAL,PROCEDURE; BIOLOGICAL; DRUG; DRUG; DRUG; PROCEDURE,filgrastim; gene therapy; lomustine; procarbazine hydrochloride; vincristine sulfate; in vitro-treated peripheral blood stem cell transplantation,10,2000-02,2003-06,COMPLETED,Indiana University,10.0,3,6,1216.0,0,PROCEDURE,2000.0,1,1,0,1.0
NCT02171195,"A Single Centre, Phase I, Double-blind, Randomised, Placebo-controlled Study to Investigate the Safety, Tolerability, Pharmacokinetic Profile and Effects on EEG of Single Rising Oral Doses of BIA 2-093",Epilepsy,PHASE1,INTERVENTIONAL,DRUG; DRUG,BIA 2-093; Placebo,64,2000-07,2000-10,COMPLETED,Bial - Portela C S.A.,64.0,1,2,92.0,0,DRUG,2000.0,0,1,0,1.0
NCT02763800,"Study to Investigate the Safety, Tolerability, Steady State Pharmacokinetic and Pharmacodynamic Profile of BIA 3-202",Parkinson's Disease,PHASE1,INTERVENTIONAL,DRUG; DRUG,BIA 3-202; Placebo,33,2000-09,2001-01,COMPLETED,Bial - Portela C S.A.,33.0,1,2,122.0,0,DRUG,2000.0,0,1,0,1.0
NCT00024570,Interstitial Infusion of IL13-PE38QQR Cytotoxin in Recurrent Malignant Glioma,Malignant Glioma; Glioblastoma Multiforme; Anaplastic Astrocytoma; Mixed Oligoastrocytoma,PHASE1; PHASE2,INTERVENTIONAL,DRUG; PROCEDURE; PROCEDURE,IL13-PE38QQR; targeted fusion protein therapy; surgery,60,2000-11,2007-07,COMPLETED,INSYS Therapeutics Inc,60.0,4,3,2433.0,1,DRUG,2000.0,1,1,0,1.0
NCT00004892,O6-Benzylguanine and Carmustine Implants in Treating Patients With Recurrent Malignant Glioma,Brain and Central Nervous System Tumors,PHASE1,INTERVENTIONAL,DRUG; DRUG; PROCEDURE,O6-benzylguanine; polifeprosan 20 with carmustine implant; conventional surgery,,2000-04,,COMPLETED,National Cancer Institute (NCI),,1,3,,0,DRUG,2000.0,0,1,0,1.0
NCT00005952,Temozolomide Plus Peripheral Stem Cell Transplantation in Treating Children With Newly Diagnosed Malignant Glioma or Recurrent CNS or Other Solid Tumors,Brain and Central Nervous System Tumors; Childhood Germ Cell Tumor; Head and Neck Cancer; Kidney Cancer; Neuroblastoma; Ovarian Cancer; Sarcoma; Testicular Germ Cell Tumor,PHASE1; PHASE2,INTERVENTIONAL,BIOLOGICAL; DRUG; PROCEDURE,filgrastim; temozolomide; peripheral blood stem cell transplantation,30,2000-08,2005-11,COMPLETED,Duke University,30.0,8,3,1918.0,0,BIOLOGICAL,2000.0,1,1,0,1.0
NCT00005855,Efaproxiral Plus Carmustine in Treating Patients With Progressive or Recurrent Malignant Glioma,Brain and Central Nervous System Tumors,PHASE1; PHASE2,INTERVENTIONAL,DRUG; DRUG,carmustine; efaproxiral,48,2000-07,,COMPLETED,New Approaches to Brain Tumor Therapy Consortium,48.0,1,2,,0,DRUG,2000.0,0,1,0,1.0
NCT00001986,1-Octanol to Treat Essential Tremor,Essential Tremor,PHASE1,INTERVENTIONAL,DRUG,1-Octanol,12,2000-01,,COMPLETED,National Institute of Neurological Disorders and Stroke (NINDS),12.0,1,1,,0,DRUG,2000.0,0,0,0,1.0
NCT00006025,Temozolomide Plus Irinotecan in Treating Patients With Recurrent Malignant Glioma,Brain and Central Nervous System Tumors,PHASE1,INTERVENTIONAL,DRUG; DRUG,irinotecan hydrochloride; temozolomide,,2001-01-05,2005-01-10,COMPLETED,Sidney Kimmel Comprehensive Cancer Center at Johns Hopkins,,1,2,1466.0,0,DRUG,2001.0,0,1,0,1.0
NCT00418275,Safety Study of a Recombinant Human Plasminogen Activator to Treat Acute Ischemic Stroke.,Cerebrovascular Accident,PHASE1; PHASE2,INTERVENTIONAL,GENETIC,Recombinant Human Plasminogen Activator (HTUPA),30,2001-04,,COMPLETED,Global Biotech,30.0,1,1,,1,GENETIC,2001.0,0,0,0,1.0
NCT00016679,1-Octanol to Treat Essential Tremor,Essential Tremor,PHASE1,INTERVENTIONAL,DRUG,1-Octanol,42,2001-05,,COMPLETED,National Institute of Neurological Disorders and Stroke (NINDS),42.0,1,1,,0,DRUG,2001.0,0,0,0,1.0
NCT00022724,CCI-779 in Treating Patients With Malignant Glioma,Brain and Central Nervous System Tumors,PHASE1; PHASE2,INTERVENTIONAL,DRUG,temsirolimus,49,2001-08-27,2006-05-04,COMPLETED,Sidney Kimmel Comprehensive Cancer Center at Johns Hopkins,49.0,1,1,1711.0,0,DRUG,2001.0,0,0,0,1.0
NCT00028158,"Safety and Effectiveness Study of G207, a Tumor-Killing Virus, in Patients With Recurrent Brain Cancer",Glioma; Astrocytoma; Glioblastoma,PHASE1; PHASE2,INTERVENTIONAL,DRUG,"G207, an oncolytic virus",65,2001-12,,COMPLETED,MediGene,65.0,3,1,,0,DRUG,2001.0,1,0,0,1.0
NCT00074607,"Intrathecal Gemcitabine to Treat Neoplastic Meningitis, IT Gemcitabine",Meningitis; Neoplasms,PHASE1,INTERVENTIONAL,DRUG,Gemcitabine,10,2001-12,2005-07,TERMINATED,Baylor College of Medicine,10.0,2,1,1308.0,0,DRUG,2001.0,1,0,0,0.0
NCT00025311,"Topotecan in Treating Patients With Recurrent, Progressive, or Refractory Cancer That is Metastatic to the Lining Around the Brain",Brain and Central Nervous System Tumors,PHASE1,INTERVENTIONAL,DRUG,topotecan hydrochloride,,2001-05,2003-10,COMPLETED,NYU Langone Health,,1,1,883.0,0,DRUG,2001.0,0,0,0,1.0
NCT00006773,Bortezomib in Treating Patients With Recurrent Glioma,Adult Anaplastic Astrocytoma; Adult Anaplastic Oligodendroglioma; Adult Giant Cell Glioblastoma; Adult Glioblastoma; Adult Gliosarcoma; Recurrent Adult Brain Tumor,PHASE1,INTERVENTIONAL,DRUG,bortezomib,42,2001-05,2007-06,TERMINATED,National Cancer Institute (NCI),42.0,6,1,2222.0,0,DRUG,2001.0,1,0,0,0.0
NCT00223717,Treatment of Supine Hypertension in Autonomic Failure,Hypertension,PHASE1,INTERVENTIONAL,DRUG; DRUG; DRUG; DRUG; DRUG; DRUG; DRUG; DRUG; DRUG; DRUG; DRUG; DRUG; DRUG; DIETARY_SUPPLEMENT; DRUG; DRUG; DRUG; DRUG; DRUG; DRUG; DRUG; OTHER; DRUG; OTHER,Clonidine; Nitroglycerin transdermal; Dipyridamole/ Aspirin (Aggrenox); Desmopressin (DDAVP); Sildenafil; Nifedipine; Hydralazine; Hydrochlorothiazide; Placebo; Bosentan; Diltiazem; Eplerenone; guanfacine; L-arginine; captopril; carbidopa; losartan; metoprolol tartrate; nebivolol hydrochloride; prazosin hydrochloride; tamsulosin hydrochloride; Head-up tilt.; aliskiren; Local heat stress,152,2001-01,2017-01,COMPLETED,Vanderbilt University,152.0,1,24,5844.0,0,DRUG,2001.0,0,1,1,1.0
NCT00021229,Imatinib Mesylate With or Without Radiation Therapy in Treating Young Patients With Newly Diagnosed or Recurrent Glioma,Brain and Central Nervous System Tumors,PHASE1; PHASE2,INTERVENTIONAL,DRUG; RADIATION,imatinib mesylate; local irradiation therapy,85,2001-05,2008-08,TERMINATED,National Cancer Institute (NCI),85.0,1,2,2649.0,0,DRUG,2001.0,0,1,0,0.0
NCT00248378,Short-Term Effects of Medicinal Cannabis Therapy on Spasticity in Multiple Sclerosis,Multiple Sclerosis,PHASE1; PHASE2,INTERVENTIONAL,DRUG,Smoked Cannabis,30,2001-09,,COMPLETED,Center for Medicinal Cannabis Research,30.0,1,1,,0,DRUG,2001.0,0,0,0,1.0
NCT00029874,Minocycline in Patients With Huntington's Disease,Huntington's Disease,PHASE1; PHASE2,INTERVENTIONAL,DRUG,Minocycline,63,2001-09,,COMPLETED,FDA Office of Orphan Products Development,63.0,1,1,,0,DRUG,2001.0,0,0,0,1.0
NCT00608582,Transcranial Magnetic Stimulation to Improve Speech in Aphasia,Aphasia; Cerebrovascular Stroke,PHASE1,INTERVENTIONAL,DEVICE,"Transcranial Magnetic Stimulation, Repetitive",63,2002-07,2013-06,COMPLETED,Boston University,63.0,2,1,3988.0,0,DEVICE,2002.0,1,0,0,1.0
NCT00053118,Chemotherapy and Stem Cell Transplantation in Treating Children With Central Nervous System Cancer,Brain and Central Nervous System Tumors; Lymphoma; Neuroblastoma; Retinoblastoma,PHASE1,INTERVENTIONAL,BIOLOGICAL; DRUG; DRUG; PROCEDURE; PROCEDURE,filgrastim; carboplatin; etoposide; bone marrow ablation with stem cell support; peripheral blood stem cell transplantation,1,2002-03,2004-07,COMPLETED,Roswell Park Cancer Institute,1.0,4,5,853.0,0,BIOLOGICAL,2002.0,1,1,0,1.0
NCT00053963,FR901228 in Treating Children With Refractory or Recurrent Solid Tumors or Leukemia,"Blastic Phase Chronic Myelogenous Leukemia; Childhood Central Nervous System Germ Cell Tumor; Childhood Choroid Plexus Tumor; Childhood Chronic Myelogenous Leukemia; Childhood Craniopharyngioma; Childhood Grade I Meningioma; Childhood Grade II Meningioma; Childhood Grade III Meningioma; Childhood High-grade Cerebral Astrocytoma; Childhood Infratentorial Ependymoma; Childhood Low-grade Cerebral Astrocytoma; Childhood Spinal Cord Neoplasm; Childhood Supratentorial Ependymoma; Recurrent Childhood Acute Lymphoblastic Leukemia; Recurrent Childhood Acute Myeloid Leukemia; Recurrent Childhood Brain Stem Glioma; Recurrent Childhood Cerebellar Astrocytoma; Recurrent Childhood Cerebral Astrocytoma; Recurrent Childhood Ependymoma; Recurrent Childhood Medulloblastoma; Recurrent Childhood Supratentorial Primitive Neuroectodermal Tumor; Recurrent Childhood Visual Pathway and Hypothalamic Glioma; Refractory Chronic Lymphocytic Leukemia; Relapsing Chronic Myelogenous Leukemia; Unspecified Childhood Solid Tumor, Protocol Specific",PHASE1,INTERVENTIONAL,DRUG,romidepsin,30,2002-09,2006-02,COMPLETED,National Cancer Institute (NCI),30.0,25,1,1249.0,0,DRUG,2002.0,1,0,0,1.0
NCT00006452,Gadolinium Texaphyrin Plus Radiation Therapy in Treating Patients With Supratentorial Glioblastoma Multiforme,Brain and Central Nervous System Tumors,PHASE1,INTERVENTIONAL,DRUG; RADIATION,motexafin gadolinium; radiation therapy,6,2002-04-10,2003-05-09,COMPLETED,Sidney Kimmel Comprehensive Cancer Center at Johns Hopkins,6.0,1,2,394.0,0,DRUG,2002.0,0,1,0,1.0
NCT00416923,Intrathecal Rituximab in Treating Patients With Recurrent CNS Lymphoma,Brain and Central Nervous System Tumors; Lymphoma,PHASE1,INTERVENTIONAL,BIOLOGICAL,rituximab,10,2002-08,2005-11,COMPLETED,"University of California, San Francisco",10.0,2,1,1188.0,0,BIOLOGICAL,2002.0,1,0,0,1.0
NCT00702637,Study of Modafinil to Treat Fatigue in Persons With Traumatic Brain Injury,Fatigue,PHASE1,INTERVENTIONAL,DRUG,Modafinil,60,2002-10,2005-03,COMPLETED,Craig Hospital,60.0,1,1,882.0,0,DRUG,2002.0,0,0,0,1.0
NCT00407212,A Study of Three Doses of TCH346 in Patients With Early Parkinson's Disease to Evaluate Safety and Efficacy,Parkinson's Disease,PHASE1; PHASE2,INTERVENTIONAL,DRUG,"TCH346 (dibenz[b,f]oxepin-10-ylmethyl-prop-2-ynyl-amine, hydrogen maleate salt)",301,2002-01,2003-11,COMPLETED,Novartis,301.0,1,1,669.0,0,DRUG,2002.0,0,0,1,1.0
NCT00274664,Patching for Lazy Eye: Trial to Evaluate Daily Patching Amounts,Amblyopia,PHASE1,INTERVENTIONAL,DEVICE; DEVICE,6 hours occlusion by patching; 12 hours occlusion by patching,100,2002-02,,COMPLETED,"City, University of London",100.0,1,2,,0,DEVICE,2002.0,0,1,0,1.0
NCT01878578,The Effect of BIA 2-093 on the Steady-state Pharmacokinetic Profile of Phenytoin in Patients,Epilepsy,PHASE1,INTERVENTIONAL,DRUG; DRUG; DRUG,Eslicarbazepine acetate; phenytoin; Placebo,4,2002-11,2003-03,TERMINATED,Bial - Portela C S.A.,4.0,1,3,120.0,0,DRUG,2002.0,0,1,0,0.0
NCT00050986,Phase I/II Evaluation of Temozolomide and ZARNESTRA (R115777) for Recurrent and Progressive Glioblastoma Multiforme,Glioblastoma Multiforme,PHASE1; PHASE2,INTERVENTIONAL,DRUG; DRUG,Temozolomide; R115777,55,2002-12,2008-10,COMPLETED,M.D. Anderson Cancer Center,55.0,1,2,2131.0,0,DRUG,2002.0,0,1,0,1.0
NCT00045474,Brachytherapy in Treating Patients With Recurrent Malignant Glioma,Brain and Central Nervous System Tumors,PHASE1,INTERVENTIONAL,PROCEDURE; RADIATION,adjuvant therapy; iodine I 125,,2002-10,,COMPLETED,National Cancer Institute (NCI),,1,2,,0,PROCEDURE,2002.0,0,1,0,1.0
NCT00049712,Monoclonal Antibody Therapy in Treating Patients With Refractory Advanced Solid Tumors or Lymphoma,"Lymphoma; Small Intestine Cancer; Unspecified Adult Solid Tumor, Protocol Specific",PHASE1,INTERVENTIONAL,BIOLOGICAL,etaracizumab,,2002-10,2006-02,COMPLETED,"University of Wisconsin, Madison",,3,1,1219.0,0,BIOLOGICAL,2002.0,1,0,0,1.0
NCT00031928,Mafosfamide in Treating Patients With Progressive or Refractory Meningeal Tumors,Brain and Central Nervous System Tumors,PHASE1,INTERVENTIONAL,DRUG,mafosfamide,3000,2002-01,,COMPLETED,National Cancer Institute (NCI),3000.0,1,1,,0,DRUG,2002.0,0,0,1,1.0
NCT00040573,Safety and Tolerability Study of 131I-TM-601 to Treat Adult Patients With Recurrent Glioma.,Glioma; Brain Neoplasm,PHASE1; PHASE2,INTERVENTIONAL,DRUG,131I-TM-601,18,2002-06,,COMPLETED,TransMolecular,18.0,2,1,,0,DRUG,2002.0,1,0,0,1.0
NCT00063973,Cilengitide in Treating Children With Refractory Primary Brain Tumors,Childhood Central Nervous System Germ Cell Tumor; Childhood Choroid Plexus Tumor; Childhood Craniopharyngioma; Childhood Ependymoblastoma; Childhood Grade I Meningioma; Childhood Grade II Meningioma; Childhood Grade III Meningioma; Childhood High-grade Cerebellar Astrocytoma; Childhood High-grade Cerebral Astrocytoma; Childhood Infratentorial Ependymoma; Childhood Low-grade Cerebellar Astrocytoma; Childhood Low-grade Cerebral Astrocytoma; Childhood Medulloepithelioma; Childhood Mixed Glioma; Childhood Oligodendroglioma; Childhood Supratentorial Ependymoma; Recurrent Childhood Brain Stem Glioma; Recurrent Childhood Brain Tumor; Recurrent Childhood Cerebellar Astrocytoma; Recurrent Childhood Cerebral Astrocytoma; Recurrent Childhood Ependymoma; Recurrent Childhood Medulloblastoma; Recurrent Childhood Pineoblastoma; Recurrent Childhood Subependymal Giant Cell Astrocytoma; Recurrent Childhood Supratentorial Primitive Neuroectodermal Tumor; Recurrent Childhood Visual Pathway and Hypothalamic Glioma,PHASE1,INTERVENTIONAL,DRUG; OTHER,cilengitide; laboratory biomarker analysis,24,2003-07,2008-03,COMPLETED,National Cancer Institute (NCI),24.0,26,2,1705.0,0,DRUG,2003.0,1,1,0,1.0
NCT00638248,Dose Escalation of Desmoteplase in Acute Ischemic Stroke (DEDAS),Stroke,PHASE1; PHASE2,INTERVENTIONAL,DRUG; DRUG; DRUG,Desmoteplase; Desmoteplase; Placebo,38,2003-03,2004-10,COMPLETED,PAION Deutschland GmbH,38.0,1,3,580.0,1,DRUG,2003.0,0,1,0,1.0
NCT00069069,E-Selectin Nasal Instillation to Prevent Secondary Stroke,"Ischemic Attack, Transient; Transient",PHASE1,INTERVENTIONAL,DRUG,Intransal instillation of E-selectin,0,2003-10-01,2018-05-09,WITHDRAWN,National Institute of Neurological Disorders and Stroke (NINDS),0.0,2,1,5334.0,0,DRUG,2003.0,1,0,0,0.0
NCT00053183,Surgery Followed by Radiation Therapy in Treating Patients With Newly Diagnosed Glioblastoma Multiforme,Brain and Central Nervous System Tumors,PHASE1,INTERVENTIONAL,PROCEDURE; RADIATION; RADIATION,conventional surgery; brachytherapy; radiation therapy,,2003-10,,COMPLETED,National Cancer Institute (NCI),,1,3,,0,PROCEDURE,2003.0,0,1,0,1.0
NCT00074243,CC-8490 in Treating Patients With Recurrent or Refractory High-Grade Gliomas,Brain and Central Nervous System Tumors,PHASE1,INTERVENTIONAL,DRUG,CC-8490,,2003-12,,COMPLETED,National Cancer Institute (NCI),,1,1,,0,DRUG,2003.0,0,0,0,1.0
NCT00374075,Study of Safety and Dosing Effect on SMN Levels of Valproic Acid (VPA) in Patients With Spinal Muscular Atrophy,Spinal Muscular Atrophy,PHASE1,INTERVENTIONAL,DRUG,Valproic Acid,42,2003-09,,COMPLETED,University of Utah,42.0,1,1,,0,DRUG,2003.0,0,0,0,1.0
NCT00068055,IVIG - West Nile Encephalitis: Safety and Efficacy,West Nile Virus,PHASE1; PHASE2,INTERVENTIONAL,DRUG; DRUG; DRUG,Omr-lgG-am; Polygam® S/D; Placebo,62,2003-09,2006-12,COMPLETED,National Institute of Allergy and Infectious Diseases (NIAID),62.0,1,3,1187.0,0,DRUG,2003.0,0,1,0,1.0
NCT00045721,Carmustine Implants and O(6)-Benzylguanine in Treating Children With Recurrent Malignant Glioma,Brain and Central Nervous System Tumors,PHASE1,INTERVENTIONAL,DRUG; DRUG; PROCEDURE; PROCEDURE; PROCEDURE,O6-benzylguanine; polifeprosan 20 with carmustine implant; adjuvant therapy; conventional surgery; neoadjuvant therapy,3,2003-03,2004-07,TERMINATED,Pediatric Brain Tumor Consortium,3.0,1,5,488.0,0,DRUG,2003.0,0,1,0,0.0
NCT00379392,Mental Imagery to Reduce Motor Deficits in Stroke,Stroke,PHASE1,INTERVENTIONAL,BEHAVIORAL; PROCEDURE,Mental Imagery only; Mental Imagery and Constraint induced therapy,20,2003-01,2008-07,COMPLETED,Emory University,20.0,1,2,2008.0,0,BEHAVIORAL,2003.0,0,1,0,1.0
NCT00090402,Fish Oil and Alpha Lipoic Acid in Treating Alzheimer's Disease,Alzheimer's Disease; Oxidative Stress; Dementia; Hyperlipidemia; Inflammation,PHASE1; PHASE2,INTERVENTIONAL,DIETARY_SUPPLEMENT; DIETARY_SUPPLEMENT; OTHER; OTHER,Fish Oil; Lipoic Acid; Fish Oil Placebo; Lipoic Acid Placebo,39,2004-04,2006-01-03,COMPLETED,Oregon Health and Science University,39.0,5,4,642.0,0,DIETARY_SUPPLEMENT,2004.0,1,1,0,1.0
NCT00238030,Thyroxine Replacement in Organ Donors,Brain Death,PHASE1; PHASE2,INTERVENTIONAL,DRUG; DRUG,L-thryoxine; iv thryoxine,34,2004-12,2009-05,COMPLETED,London Health Sciences Centre Research Institute OR Lawson Research Institute of St. Joseph's,34.0,1,2,1612.0,0,DRUG,2004.0,0,1,0,1.0
NCT00200109,Occipital Nerve Stimulation for the Treatment of Chronic Migraine Headache.,Chronic Migraine Headache,PHASE1,INTERVENTIONAL,DEVICE,Occipital Nerve Stimulation,110,2004-05,2008-06,COMPLETED,MedtronicNeuro,110.0,1,1,1492.0,0,DEVICE,2004.0,0,0,1,1.0
NCT00087009,"Beta-Glucan and Rituximab in Treating Young Patients With Relapsed or Progressive Lymphoma or Leukemia, or Lymphoproliferative Disorder Related to Donor Stem Cell Transplantation",Leukemia; Lymphoma; Lymphoproliferative Disorder,PHASE1,INTERVENTIONAL,BIOLOGICAL; BIOLOGICAL,beta-glucan; rituximab,3,2004-05,2008-08,TERMINATED,Memorial Sloan Kettering Cancer Center,3.0,3,2,1553.0,0,BIOLOGICAL,2004.0,1,1,0,0.0
NCT00100880,"Lenalidomide in Treating Young Patients With Recurrent, Progressive, or Refractory CNS Tumors",Childhood Atypical Teratoid/Rhabdoid Tumor; Childhood Central Nervous System Germ Cell Tumor; Childhood Choroid Plexus Tumor; Childhood Craniopharyngioma; Childhood Ependymoblastoma; Childhood Grade I Meningioma; Childhood Grade II Meningioma; Childhood Grade III Meningioma; Childhood High-grade Cerebellar Astrocytoma; Childhood High-grade Cerebral Astrocytoma; Childhood Infratentorial Ependymoma; Childhood Low-grade Cerebellar Astrocytoma; Childhood Low-grade Cerebral Astrocytoma; Childhood Medulloepithelioma; Childhood Mixed Glioma; Childhood Oligodendroglioma; Childhood Supratentorial Ependymoma; Recurrent Childhood Brain Tumor; Recurrent Childhood Cerebellar Astrocytoma; Recurrent Childhood Cerebral Astrocytoma; Recurrent Childhood Ependymoma; Recurrent Childhood Medulloblastoma; Recurrent Childhood Pineoblastoma; Recurrent Childhood Subependymal Giant Cell Astrocytoma; Recurrent Childhood Supratentorial Primitive Neuroectodermal Tumor; Recurrent Childhood Visual Pathway and Hypothalamic Glioma,PHASE1,INTERVENTIONAL,DRUG; PROCEDURE; PROCEDURE; OTHER,lenalidomide; perfusion-weighted magnetic resonance imaging; diffusion-weighted magnetic resonance imaging; laboratory biomarker analysis,45,2004-11,2010-11,COMPLETED,National Cancer Institute (NCI),45.0,26,4,2191.0,0,DRUG,2004.0,1,1,0,1.0
NCT00100035,Polarity Therapy for American Indian Caregivers of Dementia Patients,Stress; Depression; Anxiety,PHASE1,INTERVENTIONAL,PROCEDURE,Polarity therapy,50,2004-08,2007-04,COMPLETED,National Center for Complementary and Integrative Health (NCCIH),50.0,3,1,973.0,0,PROCEDURE,2004.0,1,0,0,1.0
NCT00568698,A Pilot Therapeutic Trial Using Hydroxyurea in Type I Spinal Muscular Atrophy Patients,"Muscular Atrophy, Spinal",PHASE1; PHASE2,INTERVENTIONAL,DRUG; DRUG,Hydroxyurea; Placebo to match hydroxyurea,29,2004-01,2012-02,COMPLETED,Stanford University,29.0,1,2,2953.0,0,DRUG,2004.0,0,1,0,1.0
NCT00391625,Open-Label Extension Study Evaluating Long Term Safety in Patients With Type 1 Gaucher Disease Receiving DRX008A (ERT),Gaucher Disease,PHASE1; PHASE2,INTERVENTIONAL,DRUG,GA-GCB,10,2004-09-13,2008-01-31,COMPLETED,Shire,10.0,1,1,1235.0,0,DRUG,2004.0,0,0,0,1.0
NCT00108043,Orthostatic Tolerance During FES (Functional Electrical Stimulation)-Walking in Paraplegia,Spinal Cord Injury,PHASE1,INTERVENTIONAL,PROCEDURE,FES-evoked functional upright gait,10,2004-03,,COMPLETED,University of Sydney,10.0,1,1,,0,PROCEDURE,2004.0,0,0,0,1.0
NCT00095771,Arsenic Trioxide and Radiation Therapy in Treating Young Patients With Newly Diagnosed Gliomas,Brain and Central Nervous System Tumors,PHASE1,INTERVENTIONAL,DRUG; RADIATION,arsenic trioxide; radiation therapy,36,2004-11,2011-01,COMPLETED,Sidney Kimmel Comprehensive Cancer Center at Johns Hopkins,36.0,1,2,2252.0,0,DRUG,2004.0,0,1,0,1.0
NCT00212745,Pilot Trial of a Behavioral Treatment for Epilepsy,"Epilepsies, Partial",PHASE1; PHASE2,INTERVENTIONAL,BEHAVIORAL,Andrews/Reiter behavioral treatment for epilepsy,8,2004-02,2009-03,COMPLETED,Oregon Health and Science University,8.0,1,1,1855.0,0,BEHAVIORAL,2004.0,0,0,0,1.0
NCT00253461,11C Topotecan PET Imaging,"Lung Cancer; Metastatic Cancer; Ovarian Cancer; Unspecified Adult Solid Tumor, Protocol Specific",EARLY_PHASE1,INTERVENTIONAL,PROCEDURE; PROCEDURE; RADIATION; RADIATION,computed tomography; positron emission tomography; 11C topotecan; fludeoxyglucose F 18,7,2004-12,2009-11,TERMINATED,Case Comprehensive Cancer Center,7.0,4,4,1796.0,0,PROCEDURE,2004.0,1,1,0,0.0
NCT00259467,Project TAP: Tailored Activities Project,Alzheimer's Disease,PHASE1,INTERVENTIONAL,BEHAVIORAL,Home-Based Behavorial Intervention,60,2004-02,,COMPLETED,Thomas Jefferson University,60.0,1,1,,0,BEHAVIORAL,2004.0,0,0,0,1.0
NCT00551863,Developing Violence Prevention Therapy for Substance Abusers,Substance Use Disorders; Violence,PHASE1; PHASE2,INTERVENTIONAL,BEHAVIORAL,IVPT,131,2004-06,2008-03,COMPLETED,University of Michigan,131.0,2,1,1369.0,0,BEHAVIORAL,2004.0,1,0,1,1.0
NCT02515695,Phase I BP Interferon (IFN) Beta-001,"Multiple Sclerosis, Relapsing-Remitting",PHASE1,INTERVENTIONAL,DRUG,Interferon beta-1a,12,2005-05,2005-07,COMPLETED,Centre Hospitalier Universitaire Vaudois,12.0,1,1,61.0,0,DRUG,2005.0,0,0,0,1.0
NCT00101270,Oxaliplatin and Irinotecan in Treating Young Patients With Refractory Solid Tumors or Lymphomas,"Childhood Burkitt Lymphoma; Childhood Central Nervous System Germ Cell Tumor; Childhood Diffuse Large Cell Lymphoma; Childhood Grade III Lymphomatoid Granulomatosis; Childhood Immunoblastic Large Cell Lymphoma; Recurrent Childhood Brain Stem Glioma; Recurrent Childhood Cerebellar Astrocytoma; Recurrent Childhood Cerebral Astrocytoma; Recurrent Childhood Ependymoma; Recurrent Childhood Grade III Lymphomatoid Granulomatosis; Recurrent Childhood Large Cell Lymphoma; Recurrent Childhood Liver Cancer; Recurrent Childhood Lymphoblastic Lymphoma; Recurrent Childhood Malignant Germ Cell Tumor; Recurrent Childhood Medulloblastoma; Recurrent Childhood Rhabdomyosarcoma; Recurrent Childhood Small Noncleaved Cell Lymphoma; Recurrent Childhood Soft Tissue Sarcoma; Recurrent Childhood Supratentorial Primitive Neuroectodermal Tumor; Recurrent Childhood Visual Pathway Glioma; Recurrent Colon Cancer; Recurrent Ewing Sarcoma/Peripheral Primitive Neuroectodermal Tumor; Recurrent Melanoma; Recurrent Nasopharyngeal Cancer; Recurrent Neuroblastoma; Recurrent Osteosarcoma; Recurrent Wilms Tumor and Other Childhood Kidney Tumors; Recurrent/Refractory Childhood Hodgkin Lymphoma; Unspecified Childhood Solid Tumor, Protocol Specific",PHASE1,INTERVENTIONAL,DRUG; DRUG,irinotecan hydrochloride; oxaliplatin,24,2005-03,2007-09,COMPLETED,National Cancer Institute (NCI),24.0,29,2,914.0,0,DRUG,2005.0,1,1,0,1.0
NCT00239564,Pharmacokinetics and Pharmacodynamics of IPX054 in Subjects With Parkinson's Disease,Idiopathic Parkinson's Disease,PHASE1; PHASE2,INTERVENTIONAL,DRUG; DRUG; DRUG; DRUG; DRUG,IPX054 100 mg; IPX054 150 mg; IPX054 200 mg; IPX054 250 mg; IPX054 300 mg,12,2005-10,2007-12,COMPLETED,"Impax Laboratories, LLC",12.0,1,5,791.0,1,DRUG,2005.0,0,1,0,1.0
NCT00613132,Ph I Gleevec in Combo w RAD001 + Hydroxyurea for Pts w Recurrent MG,Glioblastoma; Gliosarcoma,PHASE1,INTERVENTIONAL,DRUG,"Gleevec, RAD001, and Hydroxyurea",78,2005-05,2008-08,COMPLETED,Annick Desjardins,78.0,2,1,1188.0,0,DRUG,2005.0,1,0,0,1.0
NCT00457964,RAD001 Therapy of Angiomyolipomata in Patients With TS Complex and Sporadic LAM,Tuberous Sclerosis; Lymphangioleiomyomatosis,PHASE1; PHASE2,INTERVENTIONAL,DRUG,RAD001,36,2005-08,2013-07,COMPLETED,"Children's Hospital Medical Center, Cincinnati",36.0,2,1,2891.0,1,DRUG,2005.0,1,0,0,1.0
NCT00181064,Atkins Diet for Difficult-to-Control Headaches in Teenagers,Chronic Daily Headache,PHASE1,INTERVENTIONAL,BEHAVIORAL,Modified Atkins diet,10,2005-09,2009-06,COMPLETED,Johns Hopkins University,10.0,1,1,1369.0,0,BEHAVIORAL,2005.0,0,0,0,1.0
NCT00085540,FR901228 in Treating Patients With Recurrent High-Grade Gliomas,Adult Anaplastic Astrocytoma; Adult Anaplastic Oligodendroglioma; Adult Giant Cell Glioblastoma; Adult Gliosarcoma; Recurrent Adult Brain Tumor,PHASE1; PHASE2,INTERVENTIONAL,DRUG,depsipeptide,50,2005-01,2008-12,COMPLETED,National Cancer Institute (NCI),50.0,5,1,1430.0,0,DRUG,2005.0,1,0,0,1.0
NCT00098761,"VNP40101M in Treating Young Patients With Recurrent, Progressive, or Refractory Primary Brain Tumors",Brain and Central Nervous System Tumors,PHASE1,INTERVENTIONAL,DRUG,laromustine,42,2005-02,2006-10,COMPLETED,Pediatric Brain Tumor Consortium,42.0,1,1,607.0,0,DRUG,2005.0,0,0,0,1.0
NCT00265408,Pilot Study of Aspirin Versus Warfarin for Cervicocephalic Arterial Dissection,Ischemic Stroke,PHASE1,INTERVENTIONAL,DRUG; DRUG,aspirin; warfarin,0,2005-12,,WITHDRAWN,"University of California, San Diego",0.0,1,2,,0,DRUG,2005.0,0,1,0,0.0
NCT00544284,Bortezomib and Temozolomide in Treating Patients With Brain Tumors or Other Solid Tumors That Have Not Responded to Treatment,"Brain and Central Nervous System Tumors; Lymphoma; Metastatic Cancer; Unspecified Adult Solid Tumor, Protocol Specific",PHASE1,INTERVENTIONAL,DRUG; DRUG; OTHER,bortezomib; temozolomide; pharmacological study,25,2005-01,2012-01,COMPLETED,City of Hope Medical Center,25.0,4,3,2556.0,0,DRUG,2005.0,1,1,0,1.0
NCT00110552,Effects of Sage on Memory and Mental Performance in Alzheimer's Disease Patients,Alzheimer Disease,PHASE1,INTERVENTIONAL,DRUG,Salvia officinalis (sage),111,2005-07,2012-12,COMPLETED,Oregon Health and Science University,111.0,1,1,2710.0,0,DRUG,2005.0,0,0,1,1.0
NCT00108056,Enzastaurin to Treat Recurrent Brain Tumor,Glioma,PHASE1,INTERVENTIONAL,DRUG,Enzastaurin (LY317615) monohydronchloride,26,2005-04-07,2014-04-01,TERMINATED,National Cancer Institute (NCI),26.0,1,1,3281.0,0,DRUG,2005.0,0,0,0,0.0
NCT00118924,Safety of and Immune Response to a Tick-Borne Encephalitis Vaccine (LGT(TP21)/DEN4) in Healthy Adults,Tick-Borne Encephalitis,PHASE1,INTERVENTIONAL,BIOLOGICAL; BIOLOGICAL,LGT(TP21)/DEN4; Placebo,28,2005-07,2007-07,COMPLETED,National Institute of Allergy and Infectious Diseases (NIAID),28.0,1,2,730.0,0,BIOLOGICAL,2005.0,0,1,0,1.0
NCT00612651,PH I Addition of Farnesyl Transferase Inhibitor to Temozolomide for Pts w Gr 3 & 4 Malignant Gliomas,Gliosarcoma; Glioblastoma; Anaplastic Astrocytoma,PHASE1,INTERVENTIONAL,DRUG,Temodar and SCH 66336,37,2005-10,2009-01,COMPLETED,Duke University,37.0,3,1,1188.0,0,DRUG,2005.0,1,0,0,1.0
NCT00224640,Iron-Chelating Therapy and Friedreich Ataxia,Friedreich Ataxia,PHASE1; PHASE2,INTERVENTIONAL,DRUG,Iron chelating intervention,15,2005-03,2008-03,COMPLETED,Assistance Publique - Hôpitaux de Paris,15.0,1,1,1096.0,0,DRUG,2005.0,0,0,0,1.0
NCT00623077,MT2004-30: Tomotherapy for Solid Tumors,Brain and Central Nervous System Tumors; Kidney Cancer; Liver Cancer; Retinoblastoma; Sarcoma,PHASE1,INTERVENTIONAL,BIOLOGICAL; DRUG; DRUG; DRUG; DRUG; DRUG; PROCEDURE; RADIATION; RADIATION; DRUG; RADIATION,filgrastim; busulfan; etoposide; ifosfamide; melphalan; thiotepa; stem cell transplantation; tomotherapy; total marrow irradiation; Mesna; Whole lung radiation,23,2005-08,2012-07,TERMINATED,"Masonic Cancer Center, University of Minnesota",23.0,5,11,2526.0,0,BIOLOGICAL,2005.0,1,1,0,0.0
NCT00140218,R(+) Pramipexole in Early Amyotrophic Lateral Sclerosis,Amyotrophic Lateral Sclerosis,PHASE1; PHASE2,INTERVENTIONAL,DRUG,R(+) pramipexole dihydrochloride monohydrate,30,2005-08,2007-01,COMPLETED,"Bennett, James P., Jr., M.D., Ph.D.",30.0,1,1,518.0,0,DRUG,2005.0,0,0,0,1.0
NCT00291395,PGI2 Induced Headache and Cerebral Haemodynamics in Healthy Volunteers,Headache; Migraine,PHASE1,INTERVENTIONAL,DRUG,PGI2,12,2005-09,,TERMINATED,Danish Headache Center,12.0,2,1,,0,DRUG,2005.0,1,0,0,0.0
NCT00112723,Flavopiridol in Treating Patients With Relapsed or Refractory Lymphoma or Multiple Myeloma,Adult Lymphocyte Depletion Hodgkin Lymphoma; Adult Lymphocyte Predominant Hodgkin Lymphoma; Adult Mixed Cellularity Hodgkin Lymphoma; Adult Nodular Sclerosis Hodgkin Lymphoma; Anaplastic Large Cell Lymphoma; Angioimmunoblastic T-cell Lymphoma; Extranodal Marginal Zone B-cell Lymphoma of Mucosa-associated Lymphoid Tissue; Nodal Marginal Zone B-cell Lymphoma; Recurrent Adult Diffuse Large Cell Lymphoma; Recurrent Adult Diffuse Mixed Cell Lymphoma; Recurrent Adult Diffuse Small Cleaved Cell Lymphoma; Recurrent Adult Grade III Lymphomatoid Granulomatosis; Recurrent Adult Hodgkin Lymphoma; Recurrent Adult T-cell Leukemia/Lymphoma; Recurrent Cutaneous T-cell Non-Hodgkin Lymphoma; Recurrent Grade 1 Follicular Lymphoma; Recurrent Grade 2 Follicular Lymphoma; Recurrent Grade 3 Follicular Lymphoma; Recurrent Mantle Cell Lymphoma; Recurrent Marginal Zone Lymphoma; Recurrent Mycosis Fungoides/Sezary Syndrome; Recurrent Small Lymphocytic Lymphoma; Refractory Multiple Myeloma; Splenic Marginal Zone Lymphoma; Stage I Multiple Myeloma; Stage II Multiple Myeloma; Stage III Multiple Myeloma; Waldenström Macroglobulinemia,PHASE1; PHASE2,INTERVENTIONAL,DRUG,alvocidib,46,2005-12,2011-02,TERMINATED,National Cancer Institute (NCI),46.0,28,1,1888.0,0,DRUG,2005.0,1,0,0,0.0
NCT00430703,Effect of Passive Gait Training on the Cortical Activity in Patients With Severe Traumatic Brain Injury.,"Craniocerebral Trauma; Traumatic Brain Injury; ""Rehabilitation""",EARLY_PHASE1,INTERVENTIONAL,BEHAVIORAL,body weight support treadmill training,26,2006-08,2008-08,COMPLETED,University of Aarhus,26.0,3,1,731.0,0,BEHAVIORAL,2006.0,1,0,0,1.0
NCT00358293,Study of Nighttime Dosing of Sublingual Tizanidine (12 mg) in Multiple Sclerosis (MS) Patients With Significant Spasticity,Muscle Spasticity,PHASE1; PHASE2,INTERVENTIONAL,DRUG,Tizanidine (sublingual or oral),20,2006-12,,COMPLETED,Teva GTC,20.0,1,1,,0,DRUG,2006.0,0,0,0,1.0
NCT00380302,Activity of AVE1625 in Mild to Moderate Alzheimer's Patients.,Alzheimer Disease,PHASE1; PHASE2,INTERVENTIONAL,DRUG,AVE1625,162,2006-09,2007-07,COMPLETED,Sanofi,162.0,1,1,303.0,0,DRUG,2006.0,0,0,1,1.0
NCT00986895,"A Study of Glyceryl Tri-(4-phenylbutyrate) Administered Orally as a Single Dose, and Twice Daily for Seven Consecutive Days to Subjects With Hepatic Impairment With Cirrhosis and to a Control Group",Hepatic Encephalopathy; Urea Cycle Disorders,PHASE1,INTERVENTIONAL,DRUG,HPN-100,32,2006-09,,COMPLETED,Amgen,32.0,2,1,,0,DRUG,2006.0,1,0,0,1.0
NCT00357253,"Capecitabine and Radiation Therapy in Treating Young Patients With Newly Diagnosed, Nonmetastatic Brain Stem Glioma or High-Grade Glioma",Brain and Central Nervous System Tumors,PHASE1,INTERVENTIONAL,DRUG; RADIATION,capecitabine; radiation therapy,24,2006-01,2010-03,COMPLETED,Pediatric Brain Tumor Consortium,24.0,1,2,1520.0,0,DRUG,2006.0,0,1,0,1.0
NCT00387920,Sunitinib in Treating Young Patients With Refractory Solid Tumors,"Central Nervous System Metastases; Childhood Central Nervous System Choriocarcinoma; Childhood Central Nervous System Embryonal Tumor; Childhood Central Nervous System Germ Cell Tumor; Childhood Central Nervous System Germinoma; Childhood Central Nervous System Mixed Germ Cell Tumor; Childhood Central Nervous System Teratoma; Childhood Central Nervous System Yolk Sac Tumor; Recurrent Childhood Central Nervous System Embryonal Tumor; Unspecified Childhood Solid Tumor, Protocol Specific",PHASE1,INTERVENTIONAL,DRUG; OTHER; PROCEDURE; OTHER,sunitinib malate; pharmacological study; dynamic contrast-enhanced magnetic resonance imaging; laboratory biomarker analysis,35,2006-10,2012-09,COMPLETED,National Cancer Institute (NCI),35.0,10,4,2162.0,0,DRUG,2006.0,1,1,0,1.0
NCT00314808,A Pilot Study of Dronabinol for Adult Patients With Primary Gliomas,Brain Neoplasms; Nausea; Vomiting,PHASE1,INTERVENTIONAL,DRUG,Dronabinol,33,2006-04,2011-10,COMPLETED,Duke University,33.0,3,1,2009.0,0,DRUG,2006.0,1,0,0,1.0
NCT00335764,"Sorafenib Combined With Erlotinib, Tipifarnib, or Temsirolimus in Treating Patients With Recurrent Glioblastoma Multiforme or Gliosarcoma",Adult Giant Cell Glioblastoma; Adult Glioblastoma; Adult Gliosarcoma; Recurrent Adult Brain Tumor,PHASE1; PHASE2,INTERVENTIONAL,DRUG; DRUG; DRUG; DRUG,sorafenib tosylate; erlotinib hydrochloride; tipifarnib; temsirolimus,92,2006-04,2010-02,COMPLETED,National Cancer Institute (NCI),92.0,4,4,1402.0,0,DRUG,2006.0,1,1,0,1.0
NCT00271076,CAPITAL: Carotid Artery Plaque Intravascular Ultrasound Evaluation,Carotid Artery Disease,PHASE1,INTERVENTIONAL,PROCEDURE; DEVICE; PROCEDURE,IVUS; CAS; CEA,31,2006-01,,COMPLETED,Arizona Heart Institute,31.0,1,3,,0,PROCEDURE,2006.0,0,1,0,1.0
NCT01879332,A Sequential Multiple Ascending Dose Study of the Safety and Pharmacokinetics of Eslicarbazepine Acetate in Adult Healthy Volunteers,Epilepsy,PHASE1,INTERVENTIONAL,DRUG; DRUG; DRUG,Placebo; BIA 2-093 3000 mg once daily; BIA 2-093 3600 mg once daily,16,2006-12,2007-02,COMPLETED,Bial - Portela C S.A.,16.0,1,3,62.0,0,DRUG,2006.0,0,1,0,1.0
NCT00326664,"AZD2171 in Treating Young Patients With Recurrent, Progressive, or Refractory Primary CNS Tumors",Childhood Atypical Teratoid/Rhabdoid Tumor; Childhood Central Nervous System Germ Cell Tumor; Childhood Cerebral Anaplastic Astrocytoma; Childhood Cerebral Astrocytoma; Childhood Grade I Meningioma; Childhood Grade II Meningioma; Childhood Grade III Meningioma; Childhood Infratentorial Ependymoma; Childhood Oligodendroglioma; Childhood Spinal Cord Neoplasm; Childhood Supratentorial Ependymoma; Recurrent Childhood Brain Neoplasm; Recurrent Childhood Brain Stem Glioma; Recurrent Childhood Cerebellar Astrocytoma; Recurrent Childhood Cerebral Astrocytoma; Recurrent Childhood Ependymoma; Recurrent Childhood Medulloblastoma; Recurrent Childhood Pineoblastoma; Recurrent Childhood Subependymal Giant Cell Astrocytoma; Recurrent Childhood Supratentorial Primitive Neuroectodermal Tumor; Recurrent Childhood Visual Pathway Glioma,PHASE1,INTERVENTIONAL,DRUG,Cediranib Maleate,55,2006-03,2015-07,COMPLETED,National Cancer Institute (NCI),55.0,21,1,3409.0,0,DRUG,2006.0,1,0,0,1.0
NCT00469937,Ph I Study of Lithium During Whole Brain Radiotherapy For Patients With Brain Metastases,Brain and Central Nervous System Tumors; Cognitive/Functional Effects; Neurotoxicity; Solid Tumor,PHASE1,INTERVENTIONAL,DRUG; PROCEDURE; PROCEDURE; RADIATION,lithium carbonate; cognitive assessment; quality-of-life assessment; radiation therapy,9,2006-02,2009-03,TERMINATED,Vanderbilt-Ingram Cancer Center,9.0,4,4,1124.0,0,DRUG,2006.0,1,1,0,0.0
NCT00446082,Study of Pasireotide Long Acting Release (LAR) Injection in Patients With Acromegaly and Patients With Carcinoid Disease,Carcinoid Tumor; Acromegaly,PHASE1,INTERVENTIONAL,DRUG,Pasireotide,85,2006-06,2013-11,COMPLETED,Novartis Pharmaceuticals,85.0,2,1,2710.0,1,DRUG,2006.0,1,0,0,1.0
NCT00723463,Determine if Apparent Diffusion Coefficient (ADC) Values Can Differentiate Tumors From Normal Tissue,Brain Cancer; Neck Cancer,EARLY_PHASE1,INTERVENTIONAL,PROCEDURE,3T MRI scan,200,2006-06,2016-06,COMPLETED,University of Michigan,200.0,2,1,3653.0,0,PROCEDURE,2006.0,1,0,1,1.0
NCT01747408,Treatment of Subarachnoid Hemorrhage With Human Albumin,Subarachnoid Hemorrhage,PHASE1,INTERVENTIONAL,DRUG,Human Albumin,47,2006-06,2010-07,TERMINATED,Baylor College of Medicine,47.0,1,1,1491.0,0,DRUG,2006.0,0,0,0,0.0
NCT01009866,"Study of Immunotoxin, MR1-1",Supratentorial Malignant Brain Tumor,PHASE1,INTERVENTIONAL,BIOLOGICAL,MR1-1,9,2006-11,2012-12,TERMINATED,"Darell D. Bigner, MD, PhD",9.0,1,1,2222.0,0,BIOLOGICAL,2006.0,0,0,0,0.0
NCT03095105,Pharmacokinetic Profile of BIA 6-512 in Healthy Elderly Subjects Versus Healthy Young Subjects,Parkinson Disease,PHASE1,INTERVENTIONAL,DRUG,200 mg BIA 6-512,25,2006-01-24,2006-03-02,COMPLETED,Bial - Portela C S.A.,25.0,1,1,37.0,0,DRUG,2006.0,0,0,0,1.0
NCT00293345,3-AP and Gemcitabine in Treating Patients With Advanced Solid Tumors or Lymphoma,"Anaplastic Large Cell Lymphoma; Angioimmunoblastic T-cell Lymphoma; Extranodal Marginal Zone B-cell Lymphoma of Mucosa-associated Lymphoid Tissue; Intraocular Lymphoma; Nodal Marginal Zone B-cell Lymphoma; Primary Central Nervous System Hodgkin Lymphoma; Primary Central Nervous System Non-Hodgkin Lymphoma; Recurrent Adult Burkitt Lymphoma; Recurrent Adult Diffuse Large Cell Lymphoma; Recurrent Adult Diffuse Mixed Cell Lymphoma; Recurrent Adult Diffuse Small Cleaved Cell Lymphoma; Recurrent Adult Hodgkin Lymphoma; Recurrent Adult Immunoblastic Large Cell Lymphoma; Recurrent Adult Lymphoblastic Lymphoma; Recurrent Adult T-cell Leukemia/Lymphoma; Recurrent Cutaneous T-cell Non-Hodgkin Lymphoma; Recurrent Grade 1 Follicular Lymphoma; Recurrent Grade 2 Follicular Lymphoma; Recurrent Grade 3 Follicular Lymphoma; Recurrent Mantle Cell Lymphoma; Recurrent Marginal Zone Lymphoma; Recurrent Mycosis Fungoides/Sezary Syndrome; Recurrent Small Lymphocytic Lymphoma; Small Intestine Lymphoma; Splenic Marginal Zone Lymphoma; Stage III Adult Burkitt Lymphoma; Stage III Adult Diffuse Large Cell Lymphoma; Stage III Adult Diffuse Mixed Cell Lymphoma; Stage III Adult Diffuse Small Cleaved Cell Lymphoma; Stage III Adult Hodgkin Lymphoma; Stage III Adult Immunoblastic Large Cell Lymphoma; Stage III Adult Lymphoblastic Lymphoma; Stage III Adult T-cell Leukemia/Lymphoma; Stage III Cutaneous T-cell Non-Hodgkin Lymphoma; Stage III Grade 1 Follicular Lymphoma; Stage III Grade 2 Follicular Lymphoma; Stage III Grade 3 Follicular Lymphoma; Stage III Mantle Cell Lymphoma; Stage III Marginal Zone Lymphoma; Stage III Mycosis Fungoides/Sezary Syndrome; Stage III Small Lymphocytic Lymphoma; Stage IV Adult Burkitt Lymphoma; Stage IV Adult Diffuse Large Cell Lymphoma; Stage IV Adult Diffuse Mixed Cell Lymphoma; Stage IV Adult Diffuse Small Cleaved Cell Lymphoma; Stage IV Adult Hodgkin Lymphoma; Stage IV Adult Immunoblastic Large Cell Lymphoma; Stage IV Adult Lymphoblastic Lymphoma; Stage IV Adult T-cell Leukemia/Lymphoma; Stage IV Cutaneous T-cell Non-Hodgkin Lymphoma; Stage IV Grade 1 Follicular Lymphoma; Stage IV Grade 2 Follicular Lymphoma; Stage IV Grade 3 Follicular Lymphoma; Stage IV Mantle Cell Lymphoma; Stage IV Marginal Zone Lymphoma; Stage IV Mycosis Fungoides/Sezary Syndrome; Stage IV Small Lymphocytic Lymphoma; Unspecified Adult Solid Tumor, Protocol Specific; Waldenström Macroglobulinemia",PHASE1,INTERVENTIONAL,DRUG; DRUG,gemcitabine hydrochloride; triapine,30,2006-06,2012-10,COMPLETED,National Cancer Institute (NCI),30.0,59,2,2314.0,0,DRUG,2006.0,1,1,0,1.0
NCT01042964,"Safety, Pharmacokinetic and -Dynamic Study of PR-15, an Inhibitor of Platelet Adhesion",Thrombosis; Acute Coronary Syndrome; Myocardial Infarction; Stroke,PHASE1,INTERVENTIONAL,DRUG,revacept (PR-15),30,2006-03,2007-01,COMPLETED,AdvanceCor GmbH,30.0,4,1,306.0,1,DRUG,2006.0,1,0,0,1.0
NCT00612001,Vaccine Therapy in Treating Patients With Malignant Glioma,Brain and Central Nervous System Tumors,PHASE1,INTERVENTIONAL,BIOLOGICAL,glioma-associated antigen peptide-pulsed autologous dendritic cell vaccine,8,2006-05,2011-01,COMPLETED,Jonsson Comprehensive Cancer Center,8.0,1,1,1706.0,0,BIOLOGICAL,2006.0,0,0,0,1.0
NCT00527657,"Temozolomide, Thalidomide, and Lomustine (TTL) in Melanoma Patients",Brain Neoplasms; Melanoma,PHASE1,INTERVENTIONAL,DRUG; DRUG; DRUG,Lomustine; Temozolomide; Thalidomide,17,2006-02-09,2012-02-02,COMPLETED,M.D. Anderson Cancer Center,17.0,2,3,2184.0,0,DRUG,2006.0,1,1,0,1.0
NCT00315562,Study of Early Versus Delayed Carotid Endarterectomy (CEA) for Small to Medium-sized Ischemic Stroke Caused by High-grade Carotid Stenosis,Stroke; Carotid Stenosis,PHASE1,INTERVENTIONAL,PROCEDURE,carotid endarterectomy,0,2006-04,,WITHDRAWN,"University of California, San Diego",0.0,2,1,,0,PROCEDURE,2006.0,1,0,0,0.0
NCT01572376,Autologous Bone Marrow Stem Cells in Pressure Ulcer Treatment,Type IV Pressure Ulcers; Chronic Wounds; Spinal Cord Injury,PHASE1; PHASE2,INTERVENTIONAL,PROCEDURE,Infusion of autologous bone marrow stem cells after wound debridement.,30,2007-11,2008-12,COMPLETED,Hospital Universitario Central de Asturias,30.0,3,1,396.0,0,PROCEDURE,2007.0,1,0,0,1.0
NCT00474513,An Imaging Study to Investigate the Distribution of GSK239512 in the Brain.,Mild Cognitive Impairment; Dementia,PHASE1,INTERVENTIONAL,DRUG,GSK239512,5,2007-03,2008-03,COMPLETED,GlaxoSmithKline,5.0,2,1,366.0,0,DRUG,2007.0,1,0,0,1.0
NCT01079351,A Study of the Pharmacokinetics (PK) and Safety of IV Carbamazepine Relative to Oral Carbamazepine in Adults With Epilepsy,Epilepsy,PHASE1,INTERVENTIONAL,DRUG,Intravenous Carbamazepine,98,2007-04,2009-03,COMPLETED,Lundbeck LLC,98.0,1,1,700.0,1,DRUG,2007.0,0,0,0,1.0
NCT02284828,Effects of Eslicarbazepine Acetate (BIA 2-093) on Cognition and Psychomotor Function,Epilepsy,PHASE1,INTERVENTIONAL,DRUG,BIA 2-093,26,2007-09,2007-11,COMPLETED,Bial - Portela C S.A.,26.0,1,1,61.0,0,DRUG,2007.0,0,0,0,1.0
NCT00458744,Talotrexin in Treating Young Patients With Recurrent Solid Tumors or Leukemia That is Recurrent or Does Not Respond to Treatment,"Brain and Central Nervous System Tumors; Leukemia; Lymphoma; Unspecified Childhood Solid Tumor, Protocol Specific",PHASE1,INTERVENTIONAL,DRUG; PROCEDURE,talotrexin; chemotherapy,0,2007-02,2008-07,WITHDRAWN,Children's Oncology Group,0.0,4,2,516.0,0,DRUG,2007.0,1,1,0,0.0
NCT00526916,PET Imaging of Peripheral Benzodiazepine Receptors in Patients With Neurocysticercosis Using [C-11]PBR28,Neurocysticercosis; Healthy,PHASE1,INTERVENTIONAL,DRUG,[C-11]PBR28,18,2007-09-04,,COMPLETED,National Institute of Mental Health (NIMH),18.0,2,1,,0,DRUG,2007.0,1,0,0,1.0
NCT00598819,A Prospective Study of a New Device for Monitoring Cerebral Oxygenation on Healthy Volunteers,Cerebral Ischemia,PHASE1,INTERVENTIONAL,DEVICE,CDI 1000 COM,14,2007-10,2009-05,COMPLETED,"University of California, Irvine",14.0,1,1,578.0,0,DEVICE,2007.0,0,0,0,1.0
NCT02288312,Food Effect and Dosage Form Proportionality Study of Eslicarbazepine Acetate,Epilepsy,PHASE1,INTERVENTIONAL,DRUG,BIA 2-093,18,2007-05,2007-07,COMPLETED,Bial - Portela C S.A.,18.0,1,1,61.0,0,DRUG,2007.0,0,0,0,1.0
NCT00860210,Pilot Study Assessing the Feasibility of Treating Foot Drop With the Neurostep™ System.,Stroke; Craniocerebral Trauma,PHASE1,INTERVENTIONAL,DEVICE,Neurostep™ System,14,2007-10,2009-11,COMPLETED,Neurostream Technologies G.P.,14.0,2,1,762.0,0,DEVICE,2007.0,1,0,0,1.0
NCT00581867,Memory and Insulin in Early Alzheimer's Disease,Alzheimer's Disease,PHASE1; PHASE2,INTERVENTIONAL,DRUG; DRUG,Insulin Aspart; Placebo,31,2007-10,2012-05,COMPLETED,"Jeff Burns, MD",31.0,1,2,1674.0,0,DRUG,2007.0,0,1,0,1.0
NCT00499811,Vorinostat in Treating Patients With Metastatic or Unresectable Solid Tumors or Lymphoma and Liver Dysfunction,"Adult Grade III Lymphomatoid Granulomatosis; Adult Nasal Type Extranodal NK/T-cell Lymphoma; Anaplastic Large Cell Lymphoma; Angioimmunoblastic T-cell Lymphoma; Cutaneous B-cell Non-Hodgkin Lymphoma; Extranodal Marginal Zone B-cell Lymphoma of Mucosa-associated Lymphoid Tissue; Intraocular Lymphoma; Nodal Marginal Zone B-cell Lymphoma; Primary Central Nervous System Hodgkin Lymphoma; Primary Central Nervous System Non-Hodgkin Lymphoma; Recurrent Adult Burkitt Lymphoma; Recurrent Adult Diffuse Large Cell Lymphoma; Recurrent Adult Diffuse Mixed Cell Lymphoma; Recurrent Adult Diffuse Small Cleaved Cell Lymphoma; Recurrent Adult Grade III Lymphomatoid Granulomatosis; Recurrent Adult Hodgkin Lymphoma; Recurrent Adult Immunoblastic Large Cell Lymphoma; Recurrent Adult Lymphoblastic Lymphoma; Recurrent Adult T-cell Leukemia/Lymphoma; Recurrent Cutaneous T-cell Non-Hodgkin Lymphoma; Recurrent Grade 1 Follicular Lymphoma; Recurrent Grade 2 Follicular Lymphoma; Recurrent Grade 3 Follicular Lymphoma; Recurrent Mantle Cell Lymphoma; Recurrent Marginal Zone Lymphoma; Recurrent Mycosis Fungoides/Sezary Syndrome; Recurrent Small Lymphocytic Lymphoma; Small Intestine Lymphoma; Splenic Marginal Zone Lymphoma; Stage III Adult Burkitt Lymphoma; Stage III Adult Diffuse Large Cell Lymphoma; Stage III Adult Diffuse Mixed Cell Lymphoma; Stage III Adult Diffuse Small Cleaved Cell Lymphoma; Stage III Adult Hodgkin Lymphoma; Stage III Adult Immunoblastic Large Cell Lymphoma; Stage III Adult Lymphoblastic Lymphoma; Stage III Adult T-cell Leukemia/Lymphoma; Stage III Cutaneous T-cell Non-Hodgkin Lymphoma; Stage III Grade 1 Follicular Lymphoma; Stage III Grade 2 Follicular Lymphoma; Stage III Grade 3 Follicular Lymphoma; Stage III Mantle Cell Lymphoma; Stage III Marginal Zone Lymphoma; Stage III Mycosis Fungoides/Sezary Syndrome; Stage III Small Lymphocytic Lymphoma; Stage IV Adult Burkitt Lymphoma; Stage IV Adult Diffuse Large Cell Lymphoma; Stage IV Adult Diffuse Mixed Cell Lymphoma; Stage IV Adult Diffuse Small Cleaved Cell Lymphoma; Stage IV Adult Hodgkin Lymphoma; Stage IV Adult Immunoblastic Large Cell Lymphoma; Stage IV Adult Lymphoblastic Lymphoma; Stage IV Adult T-cell Leukemia/Lymphoma; Stage IV Cutaneous T-cell Non-Hodgkin Lymphoma; Stage IV Grade 1 Follicular Lymphoma; Stage IV Grade 2 Follicular Lymphoma; Stage IV Grade 3 Follicular Lymphoma; Stage IV Mantle Cell Lymphoma; Stage IV Marginal Zone Lymphoma; Stage IV Mycosis Fungoides/Sezary Syndrome; Stage IV Small Lymphocytic Lymphoma; Unspecified Adult Solid Tumor, Protocol Specific; Waldenström Macroglobulinemia",PHASE1,INTERVENTIONAL,DRUG; OTHER,vorinostat; pharmacological study,15,2007-06,2011-08,COMPLETED,National Cancer Institute (NCI),15.0,63,2,1522.0,0,DRUG,2007.0,1,1,0,1.0
NCT00503724,Enzastaurin in Treating Young Patients With Refractory Primary CNS Tumors,Brain and Central Nervous System Tumors; Neuroblastoma,PHASE1,INTERVENTIONAL,DRUG,enzastaurin hydrochloride,32,2007-06,2010-05,COMPLETED,Pediatric Brain Tumor Consortium,32.0,2,1,1065.0,0,DRUG,2007.0,1,0,0,1.0
NCT00605046,Evaluation of [123I] AV151 and SPECT in Subjects w/ AD in Comparison to Healthy Subjects,Alzheimer Disease,PHASE1,INTERVENTIONAL,DRUG,SPECT scan,1,2007-08,2008-06,TERMINATED,Institute for Neurodegenerative Disorders,1.0,1,1,305.0,0,DRUG,2007.0,0,0,0,0.0
NCT02283840,Single Dose Crossover Comparative Bioavailability Study of Eslicarbazepine Acetate Versus To-be-marketed Formulation,Epilepsy,PHASE1,INTERVENTIONAL,DRUG,BIA 2-093,60,2007-05,2007-06,COMPLETED,Bial - Portela C S.A.,60.0,1,1,31.0,0,DRUG,2007.0,0,0,0,1.0
NCT00633139,Long-term Metazym Treatment of Patients With Late Infantile Metachromatic Leukodystrophy (MLD),Late Infantile Metachromatic Leukodystrophy,PHASE1; PHASE2,INTERVENTIONAL,BIOLOGICAL,Recombinant human Arylsulfatase A (rhASA),13,2007-01-22,2008-11-25,COMPLETED,Shire,13.0,1,1,673.0,0,BIOLOGICAL,2007.0,0,0,0,1.0
NCT00692510,Drug Interaction Study Between AZD3480 and Cytochrome P450,Metabolism; Alzheimer's Disease,PHASE1,INTERVENTIONAL,DRUG; DRUG; DRUG,"AZD3480; Placebo; Cocktail mix (Caffeine, Bupropion, Rosiglitazone, Omeprazole, Midazolam, Bilirubin)",18,2007-11,2008-09,COMPLETED,AstraZeneca,18.0,2,3,305.0,0,DRUG,2007.0,1,1,0,1.0
NCT00548353,A Study of Gastric Delay in Migraine Patients (3207-003),Migraine Disorders,PHASE1,INTERVENTIONAL,DRUG; DRUG,MK3207; Comparator: Placebo (unspecified),22,2007-08,2008-04,COMPLETED,Merck Sharp & Dohme LLC,22.0,1,2,244.0,1,DRUG,2007.0,0,1,0,1.0
NCT00499200,"Study Evaluating Safety, Tolerability, Pharmacokinetics and 5 HT1A Receptor Occupancy",Alzheimer's Disease,PHASE1,INTERVENTIONAL,DRUG,SRA-444,42,2007-10,2008-06,COMPLETED,Wyeth is now a wholly owned subsidiary of Pfizer,42.0,1,1,244.0,0,DRUG,2007.0,0,0,0,1.0
NCT00441987,Study Evaluating the Safety and Pharmacokinetics of a Single Dose of GSI-953,Healthy,PHASE1,INTERVENTIONAL,DRUG,GSI-953,96,2007-02,2009-07,COMPLETED,Wyeth is now a wholly owned subsidiary of Pfizer,96.0,1,1,881.0,0,DRUG,2007.0,0,0,0,1.0
NCT00464334,A Study of V950 in People With Alzheimer Disease (V950-001 AM7),Alzheimer Disease,PHASE1,INTERVENTIONAL,BIOLOGICAL; BIOLOGICAL; BIOLOGICAL,V950; ISCOMATRIX™; Placebo to V950,86,2007-03,2012-01,COMPLETED,Merck Sharp & Dohme LLC,86.0,1,3,1767.0,1,BIOLOGICAL,2007.0,0,1,0,1.0
NCT00559702,Safety Study of Natalizumab to Treat Multiple Sclerosis (MS),Relapsing-Remitting Multiple Sclerosis; Secondary Progressive Multiple Sclerosis,PHASE1,INTERVENTIONAL,DRUG; OTHER,natalizumab; standard of care,76,2007-10,2011-11,COMPLETED,Biogen,76.0,2,2,1492.0,0,DRUG,2007.0,1,1,0,1.0
NCT00580593,Trial of Early Noninvasive Ventilation for Amyotrophic Lateral Sclerosis (ALS),Amyotrophic Lateral Sclerosis,PHASE1,INTERVENTIONAL,DEVICE; OTHER,BiPAP® S/T System; sham-NIPPV,60,2007-04,2012-03,COMPLETED,University of Michigan,60.0,1,2,1796.0,0,DEVICE,2007.0,0,1,0,1.0
NCT00525668,Sunphenon Epigallocatechin-gallate (EGCg) in Relapsing-remitting Multiple Sclerosis (SuniMS Study),Relapsing-remitting Multiple Sclerosis,PHASE1; PHASE2,INTERVENTIONAL,DRUG; DRUG,epigallocatechin-gallate (Sunphenon); placebo,120,2007-09,2012-11,COMPLETED,"Charite University, Berlin, Germany",120.0,1,2,1888.0,0,DRUG,2007.0,0,1,1,1.0
NCT00563732,Study Evaluating Potential Pharmacokinetic (PK) Interaction Between Lecozotan and Digoxin,Alzheimer Disease,PHASE1,INTERVENTIONAL,DRUG,Lecozotan,,2007-12,2008-09,COMPLETED,Wyeth is now a wholly owned subsidiary of Pfizer,,1,1,275.0,0,DRUG,2007.0,0,0,0,1.0
NCT00701389,"Study to Evaluate the Safety, Tolerability, and Blood Pressure Effect of an Oral Dose of Sumatriptan Alone and in Combination With MK-0974 (Telcagepant) in Migraine Patients (0974-026)",Migraine Disorders,PHASE1,INTERVENTIONAL,DRUG; DRUG; DRUG; DRUG,telcagepant potassium; sumatriptan; sumatriptan placebo; telcagepant potassium placebo,24,2007-11-20,2008-04-10,COMPLETED,Merck Sharp & Dohme LLC,24.0,1,4,142.0,1,DRUG,2007.0,0,1,0,1.0
NCT00548769,Firategrast (SB683699) Surface Area Study in Multiple Sclerosis Patients,Multiple Sclerosis,PHASE1,INTERVENTIONAL,DRUG; DRUG; DRUG; DRUG,Formulation A; Formulation B; Formulation C; Formulation D,37,2007-04-21,2007-11-26,COMPLETED,GlaxoSmithKline,37.0,1,4,219.0,0,DRUG,2007.0,0,1,0,1.0
NCT01454115,"Study to Evaluate the Safety, Pharmacokinetics and Tolerability of BMS-708163",Alzheimer's Disease,PHASE1,INTERVENTIONAL,DRUG; DRUG; DRUG; DRUG; DRUG; DRUG; DRUG; DRUG; DRUG; DRUG; DRUG; DRUG,BMS-708163 (Gamma-Secretase Inhibitor); BMS-708163 (Gamma-Secretase Inhibitor); BMS-708163 (Gamma-Secretase Inhibitor); BMS-708163 (Gamma-Secretase Inhibitor); BMS-708163 (Gamma-Secretase Inhibitor); BMS-708163 (Gamma-Secretase Inhibitor); BMS-708163 (Gamma-Secretase Inhibitor); BMS-708163 (Gamma-Secretase Inhibitor); BMS-708163 (Gamma-Secretase Inhibitor); BMS-708163 (Gamma-Secretase Inhibitor); Placebo matching BMS-708163; Placebo matching BMS-708163,116,2007-06,2009-03,COMPLETED,Bristol-Myers Squibb,116.0,1,12,639.0,0,DRUG,2007.0,0,1,1,1.0
NCT00467935,Scotoma Reduction in AMD Patients Treated With Ranibizumab,Macular Degeneration,PHASE1; PHASE2,INTERVENTIONAL,DRUG,intravitreal injection Lucentis (ranibizumab),20,2007-03,2007-11,COMPLETED,Retina Research Foundation,20.0,1,1,245.0,0,DRUG,2007.0,0,0,0,1.0
NCT00756249,Safety Study of Carbamylated Erythropoietin (CEPO) to Treat Patients With Acute Ischemic Stroke,Acute Ischemic Stroke,PHASE1,INTERVENTIONAL,DRUG; DRUG,Lu AA24493 (CEPO); Placebo,16,2007-10,2008-09,COMPLETED,H. Lundbeck A/S,16.0,1,2,336.0,0,DRUG,2007.0,0,1,0,1.0
NCT00613054,Ph I Zactima + Imatinib Mesylate & Hydroxyurea for Pts w Recurrent Malignant Glioma,Glioblastoma; Gliosarcoma,PHASE1,INTERVENTIONAL,DRUG,"Zactima, Gleevec, Hydroxyurea",27,2007-11,2009-03,COMPLETED,Annick Desjardins,27.0,2,1,486.0,0,DRUG,2007.0,1,0,0,1.0
NCT00605059,Evaluation of [123I] AV94 and SPECT in Subjects With Alzheimer Disease in Comparison to Healthy Subjects,Alzheimer Disease,PHASE1,INTERVENTIONAL,DRUG,[123I]AV94,3,2007-08,2008-06,TERMINATED,Institute for Neurodegenerative Disorders,3.0,1,1,305.0,0,DRUG,2007.0,0,0,0,0.0
NCT02283788,Trial to Evaluate the Effect of Eslicarbazepine Acetate on Cardiac Repolarization,Epilepsy,PHASE1,INTERVENTIONAL,DRUG; DRUG; DRUG,BIA 2-093; Moxifloxacin; Placebo,67,2007-03,2007-06,COMPLETED,Bial - Portela C S.A.,67.0,1,3,92.0,0,DRUG,2007.0,0,1,0,1.0
NCT00639262,Combination of Sorafenib and Radiation for Brain Metastases and Primary Brain Tumors,Brain Metastases; Primary Brain Tumors,PHASE1,INTERVENTIONAL,DRUG; DRUG; RADIATION,Sorafenib; Temozolomide; Radiotherapy,35,2008-03,2012-09,COMPLETED,Sidney Kimmel Cancer Center at Thomas Jefferson University,35.0,2,3,1645.0,0,DRUG,2008.0,1,1,0,1.0
NCT00674141,Nasal Administration of Dexamethasone for Multiple Sclerosis (MS) Treatment,MS Patient With Relpasing Remitting Attacks,PHASE1,INTERVENTIONAL,DRUG,Dexamethasone soduim phosphate,10,2008-07,2008-12,WITHDRAWN,Hadassah Medical Organization,10.0,1,1,153.0,0,DRUG,2008.0,0,0,0,0.0
NCT00730314,Unrelated Hematopoietic Stem Cell Transplantation(HSCT) for Genetic Diseases of Blood Cells,Sickle Cell Disease; Thalassemia; Anemia; Granuloma; Wiskott-Aldrich Syndrome; Chediak Higashi Syndrome; Osteopetrosis; Neutropenia; Thrombocytopenia; Hurler Disease; Niemann-Pick Disease; Fucosidosis,PHASE1; PHASE2,INTERVENTIONAL,PROCEDURE,Hematopoietic stem cell transplantation,25,2008-08,2015-08,COMPLETED,Children's Hospital Los Angeles,25.0,12,1,2556.0,0,PROCEDURE,2008.0,1,0,0,1.0
NCT00838084,A Safety Study of LY2811376 Single Doses in Healthy Subjects,Alzheimer's Disease,PHASE1,INTERVENTIONAL,DRUG; DRUG,LY2811376; Placebo,61,2008-12,2009-06,COMPLETED,Eli Lilly and Company,61.0,1,2,182.0,0,DRUG,2008.0,0,1,0,1.0
NCT00789568,A Phase 1 Study to Evaluate Effects of Sapropterin Dihydrochloride on QTc Intervals in Healthy Adult Subjects,Phenylketonuria,PHASE1,INTERVENTIONAL,DRUG; DRUG; DRUG,sapropterin dihydrochloride; Moxifloxacin; Moxifloxacin placebo,56,2008-10,2009-01,COMPLETED,BioMarin Pharmaceutical,56.0,1,3,92.0,1,DRUG,2008.0,0,1,0,1.0
NCT00949793,In Vivo Confocal Endomicroscopy of the Brain,Brain Neoplasms,PHASE1,INTERVENTIONAL,DEVICE,Endomicroscope,30,2008-03,2009-11,COMPLETED,Carl Zeiss Surgical GmbH,30.0,1,1,610.0,1,DEVICE,2008.0,0,0,0,1.0
NCT00649207,A Phase I Study of ABT-888 in Combination With Conventional Whole Brain Radiation Therapy (WBRT) in Cancer Patients With Brain Metastases,Brain Diseases; Brain Neoplasms; Central Nervous System Diseases; Neoplasm Metastasis; Nervous System Neoplasms,PHASE1,INTERVENTIONAL,DRUG; RADIATION,ABT-888; Whole Brain Radiation Therapy,80,2008-03,2013-03,COMPLETED,"AbbVie (prior sponsor, Abbott)",80.0,5,2,1826.0,0,DRUG,2008.0,1,1,0,1.0
NCT00780806,Safety And Blood Collection Study Of Meningococcal B Rlp2086 Vaccine In Adults,"Meningitis, Meningococcal",PHASE1; PHASE2,INTERVENTIONAL,BIOLOGICAL; PROCEDURE,meningococcal B rLP2086 vaccine candidate; Blood draw,60,2008-10,2010-05,COMPLETED,Wyeth is now a wholly owned subsidiary of Pfizer,60.0,1,2,577.0,0,BIOLOGICAL,2008.0,0,1,0,1.0
NCT00638196,Placebo vs. Linoleic Acid Controlled Assessment of Treatment Efficacy in MS,Multiple Sclerosis,PHASE1,INTERVENTIONAL,DRUG,Linoleic Acid/Oleic Acid,9,2008-03,2012-09,TERMINATED,University of Rochester,9.0,1,1,1645.0,0,DRUG,2008.0,0,0,0,0.0
NCT00847704,Clinic-Based AMES Treatment of Stroke,Stroke; Cerebrovascular Accident,PHASE1; PHASE2,INTERVENTIONAL,DEVICE,Assisted movement and enhanced sensation,3,2008-04,2009-11,TERMINATED,Oregon Health and Science University,3.0,2,1,579.0,0,DEVICE,2008.0,1,0,0,0.0
NCT00538616,Precedex Versus Propofol-Awakening for Reducing Brain Injury Expansion,Brain Injury; Intracranial Pressure,PHASE1; PHASE2,INTERVENTIONAL,DRUG; DRUG,Dexmedetomidine; Propofol,8,2008-01,2008-02,COMPLETED,Carmelo Graffagnino,8.0,2,2,31.0,0,DRUG,2008.0,1,1,0,1.0
NCT00900237,Study to Evaluate Pharmacokinetics and Tolerability of Multiple Doses of Eslicarbazepine Acetate and Oxcarbazepine,Partial Epilepsy,PHASE1,INTERVENTIONAL,DRUG; DRUG,Eslicarbazepine acetate; Oxcarbazepine,14,2008-11,2008-12,COMPLETED,Bial - Portela C S.A.,14.0,1,2,30.0,0,DRUG,2008.0,0,1,0,1.0
NCT00875784,"An Open-label, Randomized, 3-period Crossover Study to Evaluate Sumatriptan Pharmacokinetics for a TREXIMA™ (Sumatriptan Succinate / Naproxen Sodium) Tablet Followed by IMITREX® (Sumatriptan Succinate)",Migraine Disorders,PHASE1,INTERVENTIONAL,DRUG; DRUG; DRUG; DRUG,TREXIMA™; IMITREX® (4mg); IMITREX® (6mg); IMITREX Tablet 100mg,30,2008-05-06,2008-06-14,COMPLETED,GlaxoSmithKline,30.0,1,4,39.0,0,DRUG,2008.0,0,1,0,1.0
NCT00836628,Study of Busulfan for Refractory Central Nervous System (CNS) Tumors,Refractory Brain Tumors,PHASE1,INTERVENTIONAL,DRUG,Busulfan,0,2008-07,2010-10,WITHDRAWN,Ann & Robert H Lurie Children's Hospital of Chicago,0.0,1,1,822.0,0,DRUG,2008.0,0,0,0,0.0
NCT00596284,Cognitive Behavior Therapy for Treating Anxiety in People With Dementia,Anxiety Disorders; Dementia,PHASE1,INTERVENTIONAL,BEHAVIORAL; BEHAVIORAL,Cognitive Behavioral Therapy of Anxiety in Dementia (CBT-AD); Enhanced Usual Care (EUC),34,2008-01,2010-06,COMPLETED,Baylor College of Medicine,34.0,2,2,882.0,0,BEHAVIORAL,2008.0,1,1,0,1.0
NCT00965887,Bioequivalence of Two Tablet Forms of MK0974 (0974-045),Migraine,PHASE1,INTERVENTIONAL,DRUG; DRUG,MK0974 Ethanolate formulation; Comparator: MK0974 Hydrate formulation,36,2008-03,2008-05,COMPLETED,Merck Sharp & Dohme LLC,36.0,1,2,61.0,1,DRUG,2008.0,0,1,0,1.0
NCT00611728,Ph I SU011248 + Irinotecan in Treatment of Pts w MG,Glioblastoma,PHASE1,INTERVENTIONAL,DRUG,SU011248 & Irinotecan,25,2008-03,2010-06,COMPLETED,Duke University,25.0,1,1,822.0,0,DRUG,2008.0,0,0,0,1.0
NCT00989625,A Pharmacokinetic Study to Evaluate TREXIMET in Adolescents With Migraine and Healthy Subjects Administered at Three Doses.,Migraine Disorders,PHASE1,INTERVENTIONAL,DRUG; DRUG; DRUG,This is a pharmacokinetic study (Treximet); This is a pharmacokinetic study (Treximet); This is a pharmacokinetic study (Treximet),50,2008-11-04,2009-09-10,COMPLETED,GlaxoSmithKline,50.0,1,3,310.0,0,DRUG,2008.0,0,1,0,1.0
NCT00734773,Pilot Study of MGd + High-dose MTX-Based Chemoimmunotherapy + RT for Newly Dx PCNSL,Brain and Central Nervous System Tumors; Lymphoma; Neurotoxicity,EARLY_PHASE1,INTERVENTIONAL,BIOLOGICAL; DRUG; DRUG; DRUG; DRUG; DRUG; RADIATION,Rituximab; Cytarabine; Methotrexate; Motexafin gadolinium; Procarbazine hydrochloride; Vincristine sulfate; Radiation therapy,0,2008-11,,WITHDRAWN,Northwestern University,0.0,3,7,,0,BIOLOGICAL,2008.0,1,1,0,0.0
NCT00718770,A Pilot Clinical Trial for Poorly Differentiated Thyroid Cancer - Correlation to Retinoid and Peroxisome-proliferator-activated Receptor (PPARy) Expression,Thyroid Cancer,EARLY_PHASE1,INTERVENTIONAL,DRUG,Bexarotene,10,2008-11,2013-01,COMPLETED,"University of Colorado, Denver",10.0,1,1,1522.0,0,DRUG,2008.0,0,0,0,1.0
NCT00572182,MK0752 in Treating Young Patients With Recurrent or Refractory CNS Cancer,Brain and Central Nervous System Tumors,PHASE1,INTERVENTIONAL,DRUG,MK-0752,33,2008-07,2011-02,TERMINATED,Pediatric Brain Tumor Consortium,33.0,1,1,945.0,0,DRUG,2008.0,0,0,0,0.0
NCT00723983,"Phase I, Open Label, Single-Dose, Four Way Crossover Study to Compare the PK of NP101 With Oral Imitrex® (50mg) in Migraine Subjects During an Acute Migraine Attack and During a Non-Migraine Period",Migraine Disorders,PHASE1,INTERVENTIONAL,DRUG; DRUG,Sumatriptan succinate; NP101 Study Patch,23,2008-11,2009-09,COMPLETED,NuPathe Inc.,23.0,1,2,304.0,1,DRUG,2008.0,0,1,0,1.0
NCT00650923,"Aflibercept, Radiation Therapy, and Temozolomide in Treating Patients With Newly Diagnosed or Recurrent Glioblastoma Multiforme, Gliosarcoma, or Other Malignant Glioma",Adult Anaplastic Astrocytoma; Adult Anaplastic Oligodendroglioma; Adult Giant Cell Glioblastoma; Adult Glioblastoma; Adult Gliosarcoma; Adult Mixed Glioma; Recurrent Adult Brain Tumor,PHASE1,INTERVENTIONAL,DRUG; PROCEDURE; DRUG; PROCEDURE; PROCEDURE,ziv-aflibercept; radiation therapy; temozolomide; pharmacological study; laboratory biomarker analysis,61,2008-07,2013-06,COMPLETED,National Cancer Institute (NCI),61.0,7,5,1796.0,0,DRUG,2008.0,1,1,0,1.0
NCT00713765,Pharmacokinetic Interaction Between AZD3480 and Donepezil,Alzheimer's Disease,PHASE1,INTERVENTIONAL,DRUG; DRUG,AZD3480; Donepezil,33,2008-12,2008-12,TERMINATED,AstraZeneca,33.0,1,2,0.0,0,DRUG,2008.0,0,1,0,0.0
NCT00734526,Phase I Portion of Phase I/II Sorafenib With Radiation and Temozolomide in Newly Diagnosed Glioblastoma or Gliosarcoma,Glioblastoma; Gliosarcoma,PHASE1,INTERVENTIONAL,DRUG; RADIATION; DRUG,Temozolomide; Radiation; Sorafenib,18,2008-12-18,2012-12,TERMINATED,M.D. Anderson Cancer Center,18.0,2,3,1444.0,0,DRUG,2008.0,1,1,0,0.0
NCT00726726,Drug Interaction Study With a Potential Alzheimer's Disease Compound,Alzheimer Disease,PHASE1,INTERVENTIONAL,DRUG; DRUG; DRUG,"Interacting drugs - Cooperstown Cocktail (midazolam, warfarin, (+ vitamin K), caffeine, omeprazole and dextromethorphan); BMS-708163; BMS-708163 + Cooperstown Cocktail",22,2008-08,2008-10,COMPLETED,Bristol-Myers Squibb,22.0,1,3,61.0,0,DRUG,2008.0,0,1,0,1.0
NCT00805103,Perfexion Brain Metastasis,Brain Metastases,PHASE1,INTERVENTIONAL,RADIATION,Hypofractionated stereotactic radiotherapy,9,2008-12,2016-03,TERMINATED,"University Health Network, Toronto",9.0,1,1,2647.0,0,RADIATION,2008.0,0,0,0,0.0
NCT00653536,A Study to Evaluate the Effects of the Neuroflo Device in People Who Have Had a Stroke,Acute Stroke,PHASE1,INTERVENTIONAL,DEVICE,NeuroFlo,0,2008-03,2013-01,WITHDRAWN,"University of California, Los Angeles",0.0,1,1,1767.0,0,DEVICE,2008.0,0,0,0,0.0
NCT01240356,CLOTBUST Hands-Free: A Phase I/II Pilot Safety Trial,Stroke,PHASE1; PHASE2,INTERVENTIONAL,DEVICE; DEVICE,2-MHz transcranial Doppler ultrasound; 2-MHz transcranial Doppler ultrasound insonation,35,2008-12,2013-10,COMPLETED,"The University of Texas Health Science Center, Houston",35.0,1,2,1765.0,0,DEVICE,2008.0,0,1,0,1.0
NCT00613223,Ph I Dose Escalation Trial of Vandetanib in Combo w Etoposide for Malignant Gliomas,Gliosarcoma; Glioblastoma,PHASE1,INTERVENTIONAL,DRUG,Vandetanib and Etoposide,49,2008-02,2010-10,COMPLETED,Annick Desjardins,49.0,2,1,973.0,0,DRUG,2008.0,1,0,0,1.0
NCT00800150,"Total Marrow and Total Lymph Node Irradiation, Fludarabine, and Melphalan Followed By Donor Stem Cell Transplant in Treating Patients With Advanced Hematological Cancer That Has Not Responded to Treatment",Chronic Myeloproliferative Disorders; Leukemia; Lymphoma; Multiple Myeloma and Plasma Cell Neoplasm; Myelodysplastic Syndromes; Myelodysplastic/Myeloproliferative Neoplasms,PHASE1,INTERVENTIONAL,DRUG; DRUG; PROCEDURE; RADIATION; RADIATION; RADIATION; RADIATION,fludarabine phosphate; melphalan; nonmyeloablative allogeneic hematopoietic stem cell transplantation; intensity-modulated radiation therapy; tomotherapy; total marrow irradiation; total nodal irradiation,6,2008-11,2010-10,TERMINATED,City of Hope Medical Center,6.0,6,7,699.0,0,DRUG,2008.0,1,1,0,0.0
NCT02169479,Pharmacokinetic-pharmacodynamic Interaction Between Each of Three Diferente Single Doses of BIA 9-1067 and a Single-dose of Immediate-release 100/25 mg Levodopa/Carbidopa,Parkinson's Disease (PD),PHASE1,INTERVENTIONAL,DRUG; DRUG; DRUG,BIA 9-1067; Placebo; Sinemet® 100/25,16,2008-09,2008-12,COMPLETED,Bial - Portela C S.A.,16.0,1,3,91.0,0,DRUG,2008.0,0,1,0,1.0
NCT00966030,Bioequivalence of the Tablet and Liquid-Filled Capsule Forms of MK0974 (0974-042),Migraine,PHASE1,INTERVENTIONAL,DRUG; DRUG,MK0974 tablet; Comparator: MK0974 liquid filled capsule,50,2008-03,2008-05,COMPLETED,Merck Sharp & Dohme LLC,50.0,1,2,61.0,1,DRUG,2008.0,0,1,0,1.0
NCT00609999,Ph I Dasatinib + Erlotinib in Recurrent MG,Glioblastoma; Gliosarcoma,PHASE1,INTERVENTIONAL,DRUG,Erlotinib and Dasatinib,47,2008-01,2010-07,COMPLETED,Duke University,47.0,2,1,912.0,0,DRUG,2008.0,1,0,0,1.0
NCT00860951,P300 Brain Computer Interface Keyboard to Operate Assistive Technology,Healthy; Amyotrophic Lateral Sclerosis; Neuromuscular Disease; Spinal Cord Injury; Cerebral Palsy,PHASE1; PHASE2,INTERVENTIONAL,DEVICE,Brain Computer Interface Keyboard,29,2008-09,2012-05,COMPLETED,University of Michigan,29.0,5,1,1338.0,0,DEVICE,2008.0,1,0,0,1.0
NCT00464958,One Year Extension Study To Protocol C2/5/TZ:MS-05,Spasticity; Multiple Sclerosis,PHASE1; PHASE2,INTERVENTIONAL,DRUG,sublingual tizanidine 12 mg,10,2008-01,2008-12,TERMINATED,Teva GTC,10.0,2,1,335.0,0,DRUG,2008.0,1,0,0,0.0
NCT01028794,Autologous Bone Marrow Mononuclear Cell Transplantation for Stroke Patients,Cerebral Embolism; Stroke,PHASE1; PHASE2,INTERVENTIONAL,BIOLOGICAL; BIOLOGICAL,autologous bone marrow mononuclear cells; autologous bone marrow mononuclear cells,12,2008-05,2013-07,COMPLETED,"National Cerebral and Cardiovascular Center, Japan",12.0,2,2,1887.0,0,BIOLOGICAL,2008.0,1,1,0,1.0
NCT00916266,Autologous Bone Marrow Stem Cells Transplantation in Patients With Temporal Lobe Epilepsy,Epilepsy,PHASE1,INTERVENTIONAL,PROCEDURE,Stem cell transplantation,20,2008-07,2011-11,COMPLETED,Instituto do Cerebro de Brasilia,20.0,1,1,1218.0,0,PROCEDURE,2008.0,0,0,0,1.0
NCT00395200,Mesenchymal Stem Cells in Multiple Sclerosis (MSCIMS),Multiple Sclerosis,PHASE1; PHASE2,INTERVENTIONAL,PROCEDURE,MSC Treatment,10,2008-07,2010-12,COMPLETED,University of Cambridge,10.0,1,1,883.0,0,PROCEDURE,2008.0,0,0,0,1.0
NCT00931073,A Phase I Study To Estimate The Effect Of Ketoconazole And Omeprazole On The Pharmacokinetics Of Dimebon In Healthy Subjects Who Are Normal Or Poor CYP2D6 Metabolizers,Alzheimer's Disease; Huntington's Disease,PHASE1,INTERVENTIONAL,DRUG; DRUG; DRUG,Dimebon alone; Dimebon + Ketoconazole; Dimebon + Omeprazole,24,2009-07,2009-10,COMPLETED,Pfizer,24.0,2,3,92.0,0,DRUG,2009.0,1,1,0,1.0
NCT00935545,Study of Peptide Vaccination With Tumor Associated Antigens Mixed With Montanide in Patients With CNS Tumors,"Tumors, Central Nervous System",PHASE1,INTERVENTIONAL,BIOLOGICAL,Montanide,15,2009-07,2014-01,COMPLETED,NYU Langone Health,15.0,1,1,1645.0,0,BIOLOGICAL,2009.0,0,0,0,1.0
NCT02442557,Safety and Dose-finding Study of DC-TAB in Healthy Subjects,Multiple Sclerosis,PHASE1,INTERVENTIONAL,BIOLOGICAL; OTHER,recombinant human alpha B-crystallin; placebo comparator,76,2009-12,2010-10,COMPLETED,Delta Crystallon BV,76.0,1,2,304.0,0,BIOLOGICAL,2009.0,0,1,0,1.0
NCT01044966,A Study of Intraventricular Liposomal Encapsulated Ara-C (DepoCyt) in Patients With Recurrent Glioblastoma,Glioblastoma Multiforme; Glioma; Astrocytoma; Brain Tumor,PHASE1; PHASE2,INTERVENTIONAL,DRUG,ITV DepoCyt + Temozolomide,12,2009-09,2013-08,TERMINATED,Medical University of South Carolina,12.0,4,1,1430.0,0,DRUG,2009.0,1,0,0,0.0
NCT00996723,Clinical Trial Evaluating the Combination of Vandetanib and Dasatinib During and After Radiation Therapy (RT) in Children With Newly Diagnosed Diffuse Intrinsic Pontine Glioma (DIPG),Diffuse Intrinsic Pontine Glioma,PHASE1,INTERVENTIONAL,DRUG,vandetanib and dasatinib,25,2009-10,2012-04,COMPLETED,St. Jude Children's Research Hospital,25.0,1,1,913.0,0,DRUG,2009.0,0,0,0,1.0
NCT00884533,QTc Study of Rosi XR in Healthy Volunteers,Alzheimer's Disease,PHASE1,INTERVENTIONAL,DRUG; OTHER; DRUG,Rosi XR; Placebo; Moxifloxacin,0,2009-06,2009-08,WITHDRAWN,GlaxoSmithKline,0.0,1,3,61.0,0,DRUG,2009.0,0,1,0,0.0
NCT00988598,"A Brief Study To Evaluate The Safety, Tolerability, And Blood Levels Of Multiple Doses Of PF-044467943 Or Placebo In Combination With Donepezil In Subjects With Mild To Moderate Alzheimer's Disease",Alzheimer's Disease,PHASE1,INTERVENTIONAL,DRUG; DRUG,PF-04447943; Placebo,15,2009-10-26,2010-07-05,COMPLETED,Pfizer,15.0,1,2,252.0,0,DRUG,2009.0,0,1,0,1.0
NCT00826930,"Trans Sodium Crocetinate (TSC) Study of Intra-tumoral Oxygen Concentration, Safety, and Pharmacokinetics in Patients With High Grade Glioma",High Grade Glioma,PHASE1,INTERVENTIONAL,DRUG,Trans Sodium Crocetinate (TSC),1,2009-03,2009-05,TERMINATED,Diffusion Pharmaceuticals Inc,1.0,1,1,61.0,1,DRUG,2009.0,0,0,0,0.0
NCT00977795,A Study of the Specificity and Sensitivity of 5-ALA Fluorescence in Malignant Brain Tumors,Brain Neoplasms,PHASE1; PHASE2,INTERVENTIONAL,DRUG,5-aminolevulinic acid,0,2009-09,2010-01,WITHDRAWN,Endeavor Health,0.0,1,1,122.0,0,DRUG,2009.0,0,0,0,0.0
NCT01617577,Efficacy and Safety of Filgrastim in Alzheimer's Disease,Alzheimer's Disease,PHASE1; PHASE2,INTERVENTIONAL,DRUG; DRUG,G-CSF; filgrastim; Placebo,8,2009-06,2012-02,COMPLETED,University of South Florida,8.0,1,3,975.0,0,DRUG,2009.0,0,1,0,1.0
NCT01083667,SOD1 Inhibition by Pyrimethamine in Familial Amyotrophic Lateral Sclerosis (ALS),Familial Amyotrophic Lateral Sclerosis,PHASE1; PHASE2,INTERVENTIONAL,DRUG,Pyrimethamine,32,2009-11,2014-12,COMPLETED,Weill Medical College of Cornell University,32.0,1,1,1856.0,0,DRUG,2009.0,0,0,0,1.0
NCT00848172,"Double-Blind, Placebo Controlled Pilot Study of Octanoic Acid in Essential Tremor",Essential Tremor,PHASE1; PHASE2,INTERVENTIONAL,DRUG; DRUG,Octanoic Acid; Placebo,29,2009-02,2010-11,COMPLETED,National Institute of Neurological Disorders and Stroke (NINDS),29.0,1,2,638.0,0,DRUG,2009.0,0,1,0,1.0
NCT00982878,The Maraviroc Central Nervous System (CNS) Study,HIV Infections,PHASE1,INTERVENTIONAL,DRUG,Maraviroc,13,2009-09,2010-07,COMPLETED,Imperial College London,13.0,1,1,303.0,0,DRUG,2009.0,0,0,0,1.0
NCT02055261,Pedunculopontine Nucleus Stimulation for Gait Disorders in Parkinson's Disease,Parkinson's Disease,PHASE1; PHASE2,INTERVENTIONAL,DEVICE,Low frequency DBS of the pedunculopontine nucleus,6,2009-05,2012-05,COMPLETED,Pitié-Salpêtrière Hospital,6.0,1,1,1096.0,0,DEVICE,2009.0,0,0,0,1.0
NCT00795730,Multiple Dose Study Evaluating the Safety and Tolerability of NSA-789,Alzheimer Disease; Healthy Subjects,PHASE1,INTERVENTIONAL,DRUG; OTHER,NSA-789; placebo,24,2009-01,2009-05,COMPLETED,Wyeth is now a wholly owned subsidiary of Pfizer,24.0,2,2,120.0,0,DRUG,2009.0,1,1,0,1.0
NCT00957918,Study of NP002 in Subjects With Idiopathic Parkinson's Disease to Treat Dyskinesias Due to Levodopa Therapy,Parkinson's Disease,PHASE1; PHASE2,INTERVENTIONAL,DRUG; OTHER,nicotine; placebo comparator,65,2009-10,2010-09,COMPLETED,"Neuraltus Pharmaceuticals, Inc.",65.0,1,2,335.0,1,DRUG,2009.0,0,1,0,1.0
NCT01024972,Safety Study of Dantrolene in Subarachnoid Hemorrhage,Subarachnoid Hemorrhage; Cerebral Vasospasm,PHASE1; PHASE2,INTERVENTIONAL,DRUG; DRUG,Dantrolene; Placebo,31,2009-10,2013-07,COMPLETED,"University of Massachusetts, Worcester",31.0,2,2,1369.0,0,DRUG,2009.0,1,1,0,1.0
NCT01037894,Can Acupuncture Benefit Surgical Patients With Haemorrhagic Stroke?,Stroke,PHASE1; PHASE2,INTERVENTIONAL,PROCEDURE; PROCEDURE,Acupuncture; Conventional rehabilitation,55,2009-01,2012-09,COMPLETED,Chinese University of Hong Kong,55.0,1,2,1339.0,0,PROCEDURE,2009.0,0,1,0,1.0
NCT00845000,Acute Effects of Preladenant (SCH 420814) on Dyskinesia and Parkinsonism in Levodopa Treated Participants (P05550),Parkinson Disease,PHASE1,INTERVENTIONAL,DRUG; DRUG; DRUG; DRUG; DRUG,SCH 420814 10 mg; SCH 420814 100 mg; Placebo; Levodopa; Carbidopa,12,2009-04-21,2010-04-30,COMPLETED,Merck Sharp & Dohme LLC,12.0,1,5,374.0,1,DRUG,2009.0,0,1,0,1.0
NCT00869401,"Dasatinib or Placebo, Radiation Therapy, and Temozolomide in Treating Patients With Newly Diagnosed Glioblastoma Multiforme",Brain and Central Nervous System Tumors,PHASE1; PHASE2,INTERVENTIONAL,DRUG; DRUG; OTHER; RADIATION,dasatinib; temozolomide; placebo; radiation therapy,217,2009-06,2014-10,COMPLETED,Alliance for Clinical Trials in Oncology,217.0,1,4,1948.0,0,DRUG,2009.0,0,1,1,1.0
NCT00713921,Neuropathic Investigation and Anticholinergic Treatment of Bladder Dysfunction in Diabetes and Stroke Patients,Urinary Incontinence; Bladder Dysfunction,EARLY_PHASE1,INTERVENTIONAL,DRUG,Fesoterodine Oral Product,0,2009-09-15,2014-01-17,WITHDRAWN,Saint Thomas Health,0.0,2,1,1585.0,0,DRUG,2009.0,1,0,0,0.0
NCT00837785,A 24-Hour Pharmacokinetic Determination of BG00012 After Single-Day Oral Administration in Subjects With MS,Relapsing Remitting Multiple Sclerosis,PHASE1,INTERVENTIONAL,DRUG; DRUG,BG00012; BG00012,48,2009-02-28,2009-10-31,COMPLETED,Biogen,48.0,1,2,245.0,0,DRUG,2009.0,0,1,0,1.0
NCT01788670,Relevance of the Ethanol Dose in the Generation of Endogenous Hydroxytyrosol,Contribution of Ethanol on Hydroxytyrosol Formation,PHASE1,INTERVENTIONAL,DIETARY_SUPPLEMENT; OTHER,Ethanol; Water,24,2009-05,2010-06,COMPLETED,Parc de Salut Mar,24.0,1,2,396.0,0,DIETARY_SUPPLEMENT,2009.0,0,1,0,1.0
NCT00875316,Safety and Tolerability Study of Cogane™ in Healthy Volunteers and Parkinson's Disease Patients,Parkinson's Disease,PHASE1,INTERVENTIONAL,DRUG,Cogane™ (PYM50028),36,2009-04,2009-08,COMPLETED,Phytopharm,36.0,1,1,122.0,0,DRUG,2009.0,0,0,0,1.0
NCT01049451,Pulse ACTH vs. MP for MS,Multiple Sclerosis,PHASE1,INTERVENTIONAL,DRUG; DRUG,ACTH; Methylprednisolone,23,2009-11,2013-06,COMPLETED,University of Southern California,23.0,1,2,1308.0,0,DRUG,2009.0,0,1,0,1.0
NCT01532128,Effect of BIA 9-1067 on Rasagiline Pharmacokinetics,Parkinson Disease,PHASE1,INTERVENTIONAL,DRUG; DRUG,rasagiline; BIA 9-1067,24,2009-11,2010-02,COMPLETED,Bial - Portela C S.A.,24.0,1,2,92.0,0,DRUG,2009.0,0,1,0,1.0
NCT01037088,Effects of Vaporized Marijuana on Neuropathic Pain,Neuropathic Pain; Reflex Sympathetic Dystrophy; Peripheral Neuropathy; Post-herpetic Neuralgia; Spinal Cord Injury; Multiple Sclerosis,PHASE1; PHASE2,INTERVENTIONAL,DRUG; DRUG; DRUG,Mild dose cannabis; Low dose cannabis; Cannabis,44,2009-12,2012-11,COMPLETED,"University of California, Davis",44.0,6,3,1066.0,0,DRUG,2009.0,1,1,0,1.0
NCT01060228,A Drug Interaction Study of Valproic Acid and Single-dose Paliperidone Extended-Release (ER) in Healthy Men,Schizophrenia; Epilepsy,PHASE1,INTERVENTIONAL,DRUG; DRUG,paliperidone ER; divalproex sodium ER,24,2009-01,,COMPLETED,"Johnson & Johnson Pharmaceutical Research & Development, L.L.C.",24.0,2,2,,1,DRUG,2009.0,1,1,0,1.0
NCT00810615,Treatment of Traumatic Brain Injury With Hyperbaric Oxygen Therapy,"Brain Injury, Chronic",PHASE1; PHASE2,INTERVENTIONAL,OTHER; OTHER,Hyperbaric oxygen @ 2.4 ATA; Sham treatment,50,2009-02,2011-01,COMPLETED,San Antonio Military Medical Center,50.0,1,2,699.0,0,OTHER,2009.0,0,1,0,1.0
NCT00867399,A Safety and Tolerability Study of ABT-126 in Elderly,Alzheimer's Disease,PHASE1,INTERVENTIONAL,DRUG,ABT-126,30,2009-03,2009-05,COMPLETED,Abbott,30.0,1,1,61.0,0,DRUG,2009.0,0,0,0,1.0
NCT00904826,An Open Label Study of the Effects of Eculizumab in Neuromyelitis Optica,Neuromyelitis Optica; Devic's Disease,PHASE1; PHASE2,INTERVENTIONAL,DRUG,Eculizumab,14,2009-04,2011-12,COMPLETED,Mayo Clinic,14.0,2,1,974.0,0,DRUG,2009.0,1,0,0,1.0
NCT00764049,Single Pass Albumin Dialysis in Patients With Cirrhosis,Cirrhosis; Acute on Chronic Hepatic Failure; Hepatorenal Syndrome; Encephalopathy,PHASE1; PHASE2,INTERVENTIONAL,DEVICE,Single pass albumin dialysis,11,2009-06,2012-01,COMPLETED,Assistance Publique - Hôpitaux de Paris,11.0,4,1,944.0,0,DEVICE,2009.0,1,0,0,1.0
NCT00870974,A PET Brain Imaging Study of mGluR5 in Subjects With Neuropsychiatric Conditions,Parkinson Disease; Huntington Disease; Autistic Spectrum Disorders; Fragile X Syndrome; Alzheimer Disease; Mild Cognitive Impairment,PHASE1,INTERVENTIONAL,DRUG,[18F]FPEB,48,2009-03,2016-10,COMPLETED,Institute for Neurodegenerative Disorders,48.0,6,1,2771.0,0,DRUG,2009.0,1,0,0,1.0
NCT00770471,"ABT-888, Radiation Therapy, and Temozolomide in Treating Patients With Newly Diagnosed Glioblastoma Multiforme",Brain and Central Nervous System Tumors,PHASE1,INTERVENTIONAL,DRUG; DRUG; GENETIC; GENETIC; GENETIC; GENETIC; OTHER; OTHER; OTHER; OTHER; OTHER; OTHER; PROCEDURE; RADIATION,temozolomide; veliparib; DNA methylation analysis; gene expression analysis; mutation analysis; proteomic profiling; high performance liquid chromatography; immunoenzyme technique; laboratory biomarker analysis; mass spectrometry; pharmacogenomic studies; pharmacological study; adjuvant therapy; radiation therapy,24,2009-07-13,2012-03-01,COMPLETED,Sidney Kimmel Comprehensive Cancer Center at Johns Hopkins,24.0,1,14,962.0,0,DRUG,2009.0,0,1,0,1.0
NCT01151111,Relaxation Guided Imagery for Treatment of Parkinson's Disease,Parkinson's Disease,EARLY_PHASE1,INTERVENTIONAL,BEHAVIORAL,Relaxation guided imagery,20,2010-05,2012-05,COMPLETED,Rambam Health Care Campus,20.0,1,1,731.0,0,BEHAVIORAL,2010.0,0,0,0,1.0
NCT02243982,Predictive and Diagnostic Value of Tau and Beta-amyloid Markers in the Dementia of Parkinson's Disease,Parkinson's Disease; Parkinson-Dementia Syndrome,EARLY_PHASE1,INTERVENTIONAL,OTHER,[F18]-FDDNP,28,2010-03,2011-06,COMPLETED,Fundacion Clinic per a la Recerca Biomédica,28.0,2,1,457.0,0,OTHER,2010.0,1,0,0,1.0
NCT01253499,Multiple Dose Study of TRx0037,Alzheimer's Disease,PHASE1,INTERVENTIONAL,DRUG,TRx0037,31,2010-03,2010-05,COMPLETED,TauRx Therapeutics Ltd,31.0,1,1,61.0,1,DRUG,2010.0,0,0,0,1.0
NCT01079819,"Study to Evaluate the Pharmacokinetics, Safety, and Tolerability of BMS-708163",Alzheimer's Disease,PHASE1,INTERVENTIONAL,DRUG; DRUG; DRUG; DRUG,BMS-708163; BMS-708163; Placebo; Placebo,32,2010-04,2010-12,COMPLETED,Bristol-Myers Squibb,32.0,1,4,244.0,0,DRUG,2010.0,0,1,0,1.0
NCT01273467,A Safety and Tolerability Study of 42037788 (Referred to as CNTO 0007) Compared With Placebo in Patients Who Have Experienced Ischemic Cerebral Infarction (Also Known as Stroke),Stroke; Ischemia; Infarction,PHASE1,INTERVENTIONAL,DRUG; DRUG,CNTO 0007 or placebo (Stage A); CNTO 0007 or placebo (Stage B),13,2010-12,,COMPLETED,"Janssen Research & Development, LLC",13.0,3,2,,1,DRUG,2010.0,1,1,0,1.0
NCT01343537,Continuous Neurophysiological Monitoring Detection of Cerebral Vasospasm in Aneurysmal Subarachnoid Hemorrhage Subjects,Cerebral Vasospasm; SAH; Aneurysm,EARLY_PHASE1,INTERVENTIONAL,OTHER,Neuro Monitoring,2,2010-12,2014-03,TERMINATED,State University of New York - Upstate Medical University,2.0,3,1,1186.0,0,OTHER,2010.0,1,0,0,0.0
NCT01073787,Intravenous Fluid for Pediatric Migraine in the Emergency Department,Migraine; Headache,PHASE1; PHASE2,INTERVENTIONAL,DRUG,Normal saline,46,2010-07,2012-11,COMPLETED,University of Alberta,46.0,2,1,854.0,0,DRUG,2010.0,1,0,0,1.0
NCT01244633,Ecopipam Treatment of Tourette Syndrome,Tourette's Syndrome,PHASE1; PHASE2,INTERVENTIONAL,DRUG,Ecopipam,18,2010-10,2012-07,COMPLETED,Psyadon Pharma,18.0,1,1,639.0,1,DRUG,2010.0,0,0,0,1.0
NCT01253122,Comparative Bioavailability in Healthy Elderly Volunteers,Alzheimer's Disease,PHASE1,INTERVENTIONAL,DRUG,TRx0037,24,2010-02,2010-04,COMPLETED,TauRx Therapeutics Ltd,24.0,1,1,59.0,1,DRUG,2010.0,0,0,0,1.0
NCT01156584,A Study of a Retroviral Replicating Vector Combined With a Prodrug Administered to Patients With Recurrent Malignant Glioma,Glioblastoma; Anaplastic Astrocytoma; Anaplastic Oligodendroglioma; Anaplastic Oligoastrocytoma,PHASE1,INTERVENTIONAL,BIOLOGICAL; DRUG,Toca 511 vector; Toca FC,54,2010-07,2016-08-18,COMPLETED,Tocagen Inc.,54.0,4,2,2240.0,1,BIOLOGICAL,2010.0,1,1,0,1.0
NCT01086670,"Physical, Functional and Neural Effects of Two Lower Extremity Exercise Protocols in Children With Cerebral Palsy",Cerebral Palsy; Children; Adolescents,PHASE1; PHASE2,INTERVENTIONAL,OTHER,Physical Exercise,55,2010-03-30,2015-01-12,COMPLETED,National Institutes of Health Clinical Center (CC),55.0,3,1,1749.0,0,OTHER,2010.0,1,0,0,1.0
NCT01254448,Multiple Ascending Dose Study of TC-5619 in Healthy Elderly Subjects and Subjects With Alzheimer's Disease,Alzheimer's Disease,PHASE1,INTERVENTIONAL,DRUG; DRUG,TC-5619; Placebo,38,2010-09,2011-03,COMPLETED,Targacept Inc.,38.0,1,2,181.0,1,DRUG,2010.0,0,1,0,1.0
NCT01272349,Intermittent Hypoxia Elicits Prolonged Restoration of Motor Function in Human SCI,Spinal Cord Injury,PHASE1,INTERVENTIONAL,OTHER; OTHER,Acute intermittent hypoxia; Room air,19,2010-12,2013-11,COMPLETED,Emory University,19.0,1,2,1066.0,0,OTHER,2010.0,0,1,0,1.0
NCT00997438,Defining the Anti-inflammatory Role of Lipoic Acid in Multiple Sclerosis,Multiple Sclerosis,PHASE1,INTERVENTIONAL,DIETARY_SUPPLEMENT,Lipoic Acid,69,2010-08,2013-12,COMPLETED,Portland VA Medical Center,69.0,1,1,1218.0,0,DIETARY_SUPPLEMENT,2010.0,0,0,0,1.0
NCT01143441,Investigating Mechanism of Action of DAC HYP in the Treatment of High-Inflammatory Multiple Sclerosis (MS),"Multiple Sclerosis; Multiple Sclerosis, Relapsing-Remitting",PHASE1,INTERVENTIONAL,BIOLOGICAL,DAC-HYP,48,2010-05-13,2017-08-11,COMPLETED,National Institute of Neurological Disorders and Stroke (NINDS),48.0,2,1,2647.0,0,BIOLOGICAL,2010.0,1,0,0,1.0
NCT01131234,Gamma-Secretase Inhibitor RO4929097 and Cediranib Maleate in Treating Patients With Advanced Solid Tumors,Adult Anaplastic Astrocytoma; Adult Anaplastic Ependymoma; Adult Anaplastic Oligodendroglioma; Adult Brain Stem Glioma; Adult Giant Cell Glioblastoma; Adult Glioblastoma; Adult Gliosarcoma; Adult Mixed Glioma; Adult Solid Neoplasm; Male Breast Carcinoma; Recurrent Adult Brain Neoplasm; Recurrent Breast Carcinoma; Recurrent Colon Carcinoma; Recurrent Melanoma; Recurrent Non-Small Cell Lung Carcinoma; Recurrent Ovarian Carcinoma; Recurrent Ovarian Germ Cell Tumor; Recurrent Pancreatic Carcinoma; Recurrent Rectal Carcinoma; Recurrent Renal Cell Carcinoma; Stage III Pancreatic Cancer; Stage III Renal Cell Cancer; Stage IIIA Colon Cancer; Stage IIIA Non-Small Cell Lung Cancer; Stage IIIA Ovarian Cancer; Stage IIIA Ovarian Germ Cell Tumor; Stage IIIA Rectal Cancer; Stage IIIA Skin Melanoma; Stage IIIB Breast Cancer; Stage IIIB Colon Cancer; Stage IIIB Non-Small Cell Lung Cancer; Stage IIIB Ovarian Cancer; Stage IIIB Ovarian Germ Cell Tumor; Stage IIIB Rectal Cancer; Stage IIIB Skin Melanoma; Stage IIIC Breast Cancer; Stage IIIC Colon Cancer; Stage IIIC Ovarian Cancer; Stage IIIC Ovarian Germ Cell Tumor; Stage IIIC Rectal Cancer; Stage IIIC Skin Melanoma; Stage IV Breast Cancer; Stage IV Non-Small Cell Lung Cancer; Stage IV Ovarian Cancer; Stage IV Ovarian Germ Cell Tumor; Stage IV Pancreatic Cancer; Stage IV Renal Cell Cancer; Stage IV Skin Melanoma; Stage IVA Colon Cancer; Stage IVA Rectal Cancer; Stage IVB Colon Cancer; Stage IVB Rectal Cancer,PHASE1,INTERVENTIONAL,DRUG; DRUG; OTHER; OTHER,Gamma-Secretase Inhibitor RO4929097; Cediranib Maleate; Pharmacological Study; Laboratory Biomarker Analysis,20,2010-05,2014-09,COMPLETED,National Cancer Institute (NCI),20.0,52,4,1584.0,0,DRUG,2010.0,1,1,0,1.0
NCT01117844,Proton Radiation For Meningiomas and Hemangiopericytomas,Meningioma; Hemangiopericytoma,PHASE1; PHASE2,INTERVENTIONAL,RADIATION,Proton Radiation,53,2010-02-04,2023-03-31,COMPLETED,Abramson Cancer Center at Penn Medicine,53.0,2,1,4803.0,0,RADIATION,2010.0,1,0,0,1.0
NCT01041222,"Safety, Tolerability, and Activity Study of ISIS SOD1Rx to Treat Familial Amyotrophic Lateral Sclerosis (ALS) Caused by SOD1 Gene Mutations",Familial Amyotrophic Lateral Sclerosis,PHASE1,INTERVENTIONAL,DRUG,ISIS 333611,33,2010-01,2011-12,COMPLETED,"Ionis Pharmaceuticals, Inc.",33.0,1,1,699.0,1,DRUG,2010.0,0,0,0,1.0
NCT01005862,Effect of PF-04360365 On ABETA In Patients With Alzheimer's Disease And Healthy Volunteers,Alzheimer's Disease,PHASE1,INTERVENTIONAL,BIOLOGICAL; DRUG,PF-04360365; Placebo,17,2010-03,2012-09,COMPLETED,Pfizer,17.0,1,2,915.0,0,BIOLOGICAL,2010.0,0,1,0,1.0
NCT03945526,Effect of Astaxanthin Supplementation on Plasma Malondialdehyde Levels and NIHSS of Stroke Patients,Cerebral Stroke; Malondialdehyde; Oxidative Stress,PHASE1,INTERVENTIONAL,DRUG; DRUG,Astaxanthine; Placebo Oral Tablet,24,2010-03-23,2010-06-09,COMPLETED,Indonesia University,24.0,3,2,78.0,0,DRUG,2010.0,1,1,0,1.0
NCT01309763,Safety and Tolerability of AFFITOPE AD03,Alzheimer's Disease,PHASE1,INTERVENTIONAL,BIOLOGICAL; BIOLOGICAL,AFFITOPE AD03; AFFITOPE AD03 + Alum,28,2010-10,2011-09,COMPLETED,Affiris AG,28.0,1,2,335.0,0,BIOLOGICAL,2010.0,0,1,0,1.0
NCT01222754,Lenalidomide and Radiation Therapy in High Grade Gliomas or Diffuse Intrinsic Pontine Gliomas,Diffuse Intrinsic Pontine Glioma; Anaplastic Astrocytoma; High Grade Glioma,PHASE1,INTERVENTIONAL,DRUG; RADIATION,"Lenalidomide; XRT, 54-59.4 Gy",29,2010-11-23,2019-04-17,COMPLETED,National Cancer Institute (NCI),29.0,3,2,3067.0,0,DRUG,2010.0,1,1,0,1.0
NCT01168245,TMS Stimulation and Cognitive Training in Alzheimer Patients,Alzheimer Disease; Mild to Moderate,PHASE1,INTERVENTIONAL,DEVICE; DEVICE,Sham-NICE-System; NICE-System,15,2010-01,2011-09,COMPLETED,Neuronix Ltd,15.0,2,2,608.0,1,DEVICE,2010.0,1,1,0,1.0
NCT01142856,Mesenchymal Stem Cells for Treatment of Amyotrophic Lateral Sclerosis (ALS),Amyotrophic Lateral Sclerosis,PHASE1,INTERVENTIONAL,BIOLOGICAL,autologous mesenchymal stem cells,1,2010-06,2011-04,COMPLETED,Mayo Clinic,1.0,1,1,304.0,0,BIOLOGICAL,2010.0,0,0,0,1.0
NCT01039857,Does an Integrative Neuro-psychotherapy Program Foster the Adjustment in Depressed Stroke Patients? A Randomized Controlled Study.,Adjustment Disorders; Non-progressive Brain Injury,PHASE1,INTERVENTIONAL,BEHAVIORAL; BEHAVIORAL,"Neuropsychological Therapy, cognitive behavioral therapy, solution focused therapy; Integrative Neuro-Psychotherapy",25,2010-01,2012-08,TERMINATED,University of Bern,25.0,2,2,943.0,0,BEHAVIORAL,2010.0,1,1,0,0.0
NCT01057030,Multiple Dose Japanese Bridging Study,Alzheimer Disease,PHASE1,INTERVENTIONAL,DRUG; DRUG,BMS-708163; Placebo,22,2010-03,2010-06,COMPLETED,Bristol-Myers Squibb,22.0,1,2,92.0,0,DRUG,2010.0,0,1,0,1.0
NCT01085123,Determine Central 5-HT1B Receptor Occupancy of ZOMIG® Rapimelt (Zolmitriptan) in Healthy Male Volunteers,Migraine,PHASE1,INTERVENTIONAL,DRUG; DRUG,Rapimelt; [11C]AZ10419369,10,2010-05,2010-10,COMPLETED,AstraZeneca,10.0,1,2,153.0,0,DRUG,2010.0,0,1,0,1.0
NCT01486654,Transcranial Direct Current Stimulation and Aphasia Language Therapy,Nonfluent Aphasia; Stroke,PHASE1,INTERVENTIONAL,DEVICE; DEVICE; DEVICE,Transcranial Direct Current Stimulation - Cathodal stimulation; Transcranial Direct Current Stimulation - Anodal stimulation; Transcranial Direct Current Stimulation - Sham stimulation,12,2010-03,2016-12,COMPLETED,Shirley Ryan AbilityLab,12.0,2,3,2467.0,0,DEVICE,2010.0,1,1,0,1.0
NCT01354314,Study of Paroxetine and Fluconazole for the Treatment of HIV Associated Neurocognitive Disorder,HIV Associated Neurocognitive Disorder,PHASE1; PHASE2,INTERVENTIONAL,DRUG; DRUG; DRUG; DRUG,Fluconazole; Paroxetine; Paroxetine and Fluconazole; Placebo,45,2010-11,2016-03,COMPLETED,Johns Hopkins University,45.0,1,4,1947.0,0,DRUG,2010.0,0,1,0,1.0
NCT01238315,Safety and Efficacy Study of HuCNS-SC in Subjects With Neuronal Ceroid Lipofuscinosis,Neuronal Ceroid Lipofuscinosis,PHASE1,INTERVENTIONAL,BIOLOGICAL,HuCNS-SC,0,2010-11,2011-04,WITHDRAWN,"StemCells, Inc.",0.0,1,1,151.0,1,BIOLOGICAL,2010.0,0,0,0,0.0
NCT00813566,Multi-Tracer PET Assessment of Primary Brain Tumors,Brain Tumors; Cancer,PHASE1,INTERVENTIONAL,DRUG; DRUG; DRUG; DRUG,[18F]fluoro-2-deoxy-D-glucose (FDG); 3'-deoxy-3'-[18F]fluorothymidine (FLT); [15O]-H2O; [11C]Acetate,11,2010-11-12,2015-02-03,COMPLETED,University of Utah,11.0,2,4,1544.0,0,DRUG,2010.0,1,1,0,1.0
NCT01209156,Evaluation of [18F] PBR111 and PET as a Marker of Inflammation in Subjects With Neurological Conditions,Alzheimer Disease,PHASE1,INTERVENTIONAL,DRUG,[18F] PBR111,11,2010-03,2013-06,COMPLETED,Institute for Neurodegenerative Disorders,11.0,1,1,1188.0,0,DRUG,2010.0,0,0,0,1.0
NCT01369121,Tolerability Study of Xerecept® in Pediatric Patients,Brain Edema; Brain Tumor,PHASE1; PHASE2,INTERVENTIONAL,DRUG,XERECEPT,15,2010-06,2012-10,TERMINATED,Celtic Pharma Development Services,15.0,2,1,853.0,1,DRUG,2010.0,1,0,0,0.0
NCT01124292,Evaluation of a Tongue Operated Assistive Technology for Individuals With Severe Paralysis,Quadriplegia; Spinal Cord Injury; ALS,PHASE1,INTERVENTIONAL,PROCEDURE; DEVICE,Tongue Piercing; Usability assessment,61,2010-05,2012-03,COMPLETED,Georgia Institute of Technology,61.0,3,2,670.0,0,PROCEDURE,2010.0,1,1,0,1.0
NCT01414985,AAVRh.10 Administered to Children With Late Infantile Neuronal Ceroid Lipofuscinosis,Late Infantile Neuronal Ceroid Lipofuscinosis; Batten Disease,PHASE1; PHASE2,INTERVENTIONAL,BIOLOGICAL,AAVrh.10CUCLN2,8,2010-04-15,2015-11-30,COMPLETED,Weill Medical College of Cornell University,8.0,2,1,2055.0,0,BIOLOGICAL,2010.0,1,0,0,1.0
NCT01129115,Dose Response Study of Aerobic Exercise in Older Adults,Alzheimer's Disease,EARLY_PHASE1,INTERVENTIONAL,BEHAVIORAL; BEHAVIORAL; BEHAVIORAL; BEHAVIORAL,Nonexercise control group; Aerobic Exercise Group 1; Aerobic Exercise Group 2; Aerobic Exercise Group 3,101,2010-05,2014-02,COMPLETED,"Jeff Burns, MD",101.0,1,4,1372.0,0,BEHAVIORAL,2010.0,0,1,1,1.0
NCT01881633,"A Study of the Tolerability, Safety, and Pharmacokinetics of ISU302 in Healthy Volunteers",Gaucher Disease,PHASE1,INTERVENTIONAL,DRUG; DRUG,ISU302; Placebo,24,2010-10,2010-11,COMPLETED,"ISU Abxis Co., Ltd.",24.0,1,2,31.0,1,DRUG,2010.0,0,1,0,1.0
NCT02149017,Phase 1 and Phase 2 Clinical Trials of SNUBH-NM-333(18F),Alzheimer Disease,PHASE1; PHASE2,INTERVENTIONAL,RADIATION,SNUBH-NM-333(18F),30,2010-12,2011-05,TERMINATED,Seoul National University Hospital,30.0,1,1,151.0,0,RADIATION,2010.0,0,0,0,0.0
NCT01049802,Contrastim Stroke Trial,Stroke,PHASE1; PHASE2,INTERVENTIONAL,DEVICE,Repetititve transcranial magnetic stimulation,30,2010-01,2013-11,COMPLETED,Shirley Ryan AbilityLab,30.0,1,1,1400.0,0,DEVICE,2010.0,0,0,0,1.0
NCT01212094,Double Blind Combination of Rituximab by Intravenous and Intrathecal Injection Versus Placebo in Patients With Low-Inflammatory Secondary Progressive Multiple Sclerosis (RIVITaLISe),Multiple Sclerosis,PHASE1; PHASE2,INTERVENTIONAL,DRUG; OTHER,Rituximab; normal saline,44,2010-09,2015-12,TERMINATED,National Institute of Neurological Disorders and Stroke (NINDS),44.0,1,2,1917.0,0,DRUG,2010.0,0,1,0,0.0
NCT01158274,RO4929097 and Capecitabine in Treating Patients With Refractory Solid Tumors,"Adult Grade III Lymphomatoid Granulomatosis; Adult Nasal Type Extranodal NK/T-cell Lymphoma; AIDS-related Diffuse Large Cell Lymphoma; AIDS-related Diffuse Mixed Cell Lymphoma; AIDS-related Diffuse Small Cleaved Cell Lymphoma; AIDS-related Immunoblastic Large Cell Lymphoma; AIDS-related Lymphoblastic Lymphoma; AIDS-related Peripheral/Systemic Lymphoma; AIDS-related Primary CNS Lymphoma; AIDS-related Small Noncleaved Cell Lymphoma; Anaplastic Large Cell Lymphoma; Angioimmunoblastic T-cell Lymphoma; Cutaneous B-cell Non-Hodgkin Lymphoma; Extranodal Marginal Zone B-cell Lymphoma of Mucosa-associated Lymphoid Tissue; HER2-negative Breast Cancer; HIV-associated Hodgkin Lymphoma; Intraocular Lymphoma; Male Breast Cancer; Nodal Marginal Zone B-cell Lymphoma; Post-transplant Lymphoproliferative Disorder; Primary Central Nervous System Hodgkin Lymphoma; Primary Central Nervous System Non-Hodgkin Lymphoma; Recurrent Adult Burkitt Lymphoma; Recurrent Adult Diffuse Large Cell Lymphoma; Recurrent Adult Diffuse Mixed Cell Lymphoma; Recurrent Adult Diffuse Small Cleaved Cell Lymphoma; Recurrent Adult Grade III Lymphomatoid Granulomatosis; Recurrent Adult Hodgkin Lymphoma; Recurrent Adult Immunoblastic Large Cell Lymphoma; Recurrent Adult Lymphoblastic Lymphoma; Recurrent Adult T-cell Leukemia/Lymphoma; Recurrent Breast Cancer; Recurrent Colon Cancer; Recurrent Cutaneous T-cell Non-Hodgkin Lymphoma; Recurrent Grade 1 Follicular Lymphoma; Recurrent Grade 2 Follicular Lymphoma; Recurrent Grade 3 Follicular Lymphoma; Recurrent Mantle Cell Lymphoma; Recurrent Marginal Zone Lymphoma; Recurrent Mycosis Fungoides/Sezary Syndrome; Recurrent Rectal Cancer; Recurrent Small Lymphocytic Lymphoma; Small Intestine Lymphoma; Splenic Marginal Zone Lymphoma; Stage III Adult Burkitt Lymphoma; Stage III Adult Diffuse Large Cell Lymphoma; Stage III Adult Diffuse Mixed Cell Lymphoma; Stage III Adult Diffuse Small Cleaved Cell Lymphoma; Stage III Adult Hodgkin Lymphoma; Stage III Adult Immunoblastic Large Cell Lymphoma; Stage III Adult Lymphoblastic Lymphoma; Stage III Adult T-cell Leukemia/Lymphoma; Stage III Colon Cancer; Stage III Cutaneous T-cell Non-Hodgkin Lymphoma; Stage III Grade 1 Follicular Lymphoma; Stage III Grade 2 Follicular Lymphoma; Stage III Grade 3 Follicular Lymphoma; Stage III Mantle Cell Lymphoma; Stage III Marginal Zone Lymphoma; Stage III Mycosis Fungoides/Sezary Syndrome; Stage III Rectal Cancer; Stage III Small Lymphocytic Lymphoma; Stage IIIA Breast Cancer; Stage IIIB Breast Cancer; Stage IIIC Breast Cancer; Stage IV Adult Burkitt Lymphoma; Stage IV Adult Diffuse Large Cell Lymphoma; Stage IV Adult Diffuse Mixed Cell Lymphoma; Stage IV Adult Diffuse Small Cleaved Cell Lymphoma; Stage IV Adult Hodgkin Lymphoma; Stage IV Adult Immunoblastic Large Cell Lymphoma; Stage IV Adult Lymphoblastic Lymphoma; Stage IV Adult T-cell Leukemia/Lymphoma; Stage IV Breast Cancer; Stage IV Colon Cancer; Stage IV Cutaneous T-cell Non-Hodgkin Lymphoma; Stage IV Grade 1 Follicular Lymphoma; Stage IV Grade 2 Follicular Lymphoma; Stage IV Grade 3 Follicular Lymphoma; Stage IV Mantle Cell Lymphoma; Stage IV Marginal Zone Lymphoma; Stage IV Mycosis Fungoides/Sezary Syndrome; Stage IV Rectal Cancer; Stage IV Small Lymphocytic Lymphoma; Unspecified Adult Solid Tumor, Protocol Specific; Waldenström Macroglobulinemia",PHASE1,INTERVENTIONAL,DRUG; DRUG; OTHER,gamma-secretase/Notch signalling pathway inhibitor RO4929097; capecitabine; laboratory biomarker analysis,30,2010-06,2012-08,COMPLETED,National Cancer Institute (NCI),30.0,86,3,792.0,0,DRUG,2010.0,1,1,0,1.0
NCT01357902,Lamotrigine Bioequivalence Study to Compare Dispersible Tables With Compressed Tablets in China,Epilepsy,PHASE1,INTERVENTIONAL,DRUG,Lamotrigine,24,2011-04-18,2011-05-23,COMPLETED,GlaxoSmithKline,24.0,1,1,35.0,0,DRUG,2011.0,0,0,0,1.0
NCT01321333,Study of Human Central Nervous System Stem Cells (HuCNS-SC) in Patients With Thoracic Spinal Cord Injury,Thoracic Spinal Cord Injury; Spinal Cord Injury; Spinal Cord Injury Thoracic; Spinal Cord Trauma,PHASE1; PHASE2,INTERVENTIONAL,BIOLOGICAL,HuCNS-SC cells,12,2011-03,2015-04,COMPLETED,"StemCells, Inc.",12.0,4,1,1492.0,1,BIOLOGICAL,2011.0,1,0,0,1.0
NCT01502917,Convection-Enhanced Delivery of 124I-Omburtamab for Patients With Non-Progressive Diffuse Pontine Gliomas Previously Treated With External Beam Radiation Therapy,Brain Cancer; Brain Stem Glioma,PHASE1,INTERVENTIONAL,DRUG; RADIATION,Radioactive iodine-labeled monoclonal antibody omburtamab; External Beam Radiotherapy,50,2011-12,2022-01,COMPLETED,Y-mAbs Therapeutics,50.0,2,2,3684.0,1,DRUG,2011.0,1,1,0,1.0
NCT01304758,ExAblate Transcranial MR Guided Focused Ultrasound in the Treatment of Essential Tremor,Essential Tremor,PHASE1,INTERVENTIONAL,DEVICE,ExAblate Transcranial MRgFUS System,15,2011-01,2012-10,COMPLETED,InSightec,15.0,1,1,639.0,0,DEVICE,2011.0,0,0,0,1.0
NCT01498783,Phase I Study of 5-Fluorouracil in Children and Young Adults With Recurrent Ependymoma,Central Nervous System Malignancies; Ependymoma,PHASE1,INTERVENTIONAL,DRUG,5-fluorouracil,26,2011-12,2014-05,COMPLETED,St. Jude Children's Research Hospital,26.0,2,1,882.0,0,DRUG,2011.0,1,0,0,1.0
NCT01511497,"Safety, Tolerability, Pharmacokinetics, and Pharmacodynamics Study Of PF-04427429 In Healthy Women Volunteers",Pain; Migraine Disorders,PHASE1,INTERVENTIONAL,BIOLOGICAL; OTHER,PF-04427429; Normal saline,31,2011-10,2013-01,COMPLETED,Pfizer,31.0,2,2,458.0,0,BIOLOGICAL,2011.0,1,1,0,1.0
NCT01257594,EGFR Inhibition Using Weekly Erlotinib for Recurrent Malignant Gliomas,Brain Cancer,PHASE1,INTERVENTIONAL,DRUG; PROCEDURE,erlotinib; Cytoreductive Surgery,22,2011-01-07,2016-11-22,COMPLETED,"Andrew B Lassman, MD",22.0,1,2,2146.0,0,DRUG,2011.0,0,1,0,1.0
NCT01730482,"A Study to Assess the Absorption, Metabolism and Excretion of Migalastat Hydrochloride (AT1001-014)",Fabry Disease,PHASE1,INTERVENTIONAL,DRUG,[14C] AT1001,6,2011-08,2011-09,COMPLETED,Amicus Therapeutics,6.0,1,1,31.0,1,DRUG,2011.0,0,0,0,1.0
NCT01467726,"Safety, Pharmacokinetics and Pharmacodynamics of Velusetrag in Healthy Elderly Subjects",Alzheimer's Disease,PHASE1,INTERVENTIONAL,DRUG; DRUG; DRUG,Velusetrag; Velusetrag; Placebo,40,2011-11,2012-01,COMPLETED,Alfasigma S.p.A.,40.0,1,3,61.0,0,DRUG,2011.0,0,1,0,1.0
NCT01350453,Development and Pilot Evaluation of a Web-supported Programme of Constraint Induced Therapy Following Stroke (LifeCIT),Stroke,PHASE1; PHASE2,INTERVENTIONAL,BEHAVIORAL; BEHAVIORAL,LifeCIT; Standard Care,19,2011-05,2014-12,COMPLETED,University of Southampton,19.0,1,2,1310.0,0,BEHAVIORAL,2011.0,0,1,0,1.0
NCT01292694,Contribution of Angiotensin II to Supine Hypertension in Autonomic Failure,Hypertension; Pure Autonomic Failure; Multiple System Atrophy,PHASE1,INTERVENTIONAL,DRUG; DRUG; DRUG,Losartan; Captopril; Placebo,12,2011-03,2017-03,TERMINATED,Vanderbilt University,12.0,3,3,2192.0,0,DRUG,2011.0,1,1,0,0.0
NCT01480609,Effect of Haemodialysis on the Pharmacokinetics of Ezogabine/Retigabine and Its N-acetyl Metabolite,Epilepsy,PHASE1,INTERVENTIONAL,DRUG,Retigabine / Ezogabine,8,2011-11-30,2012-04-24,COMPLETED,GlaxoSmithKline,8.0,1,1,146.0,0,DRUG,2011.0,0,0,0,1.0
NCT02037217,ExAblate Transcranial MR Guided Focused Ultrasound in the Treatment of Essential Tremor,Essential Tremor,PHASE1,INTERVENTIONAL,DEVICE,ExAblate Transcranial MRgFUS System,10,2011-02,2014-01,COMPLETED,InSightec,10.0,1,1,1065.0,0,DEVICE,2011.0,0,0,0,1.0
NCT01494701,"An Open-label Safety, Tolerability, and Dose-range Finding Study of Nusinersen (ISIS 396443) in Participants With Spinal Muscular Atrophy (SMA)",Spinal Muscular Atrophy,PHASE1,INTERVENTIONAL,DRUG,nusinersen,28,2011-11-30,2013-01-31,COMPLETED,Biogen,28.0,1,1,428.0,0,DRUG,2011.0,0,0,0,1.0
NCT01445067,Study to Evaluate the PK of BMS-927711 in Patient With Migraine During Acute Migraine and Non-migraine Condition,Migraine,PHASE1,INTERVENTIONAL,DRUG; DRUG,BMS-927711 (CGRP Antagonist); BMS-927711 (CGRP Antagonist),48,2011-11,2012-09,COMPLETED,Pfizer,48.0,1,2,305.0,0,DRUG,2011.0,0,1,0,1.0
NCT01357421,Effects of TT301 on Cytokine Levels Post Endotoxin Challenge,Traumatic Brain Injury,PHASE1,INTERVENTIONAL,DRUG; DRUG,TT301; Placebo,18,2011-05,2011-06,COMPLETED,"OPKO Health, Inc.",18.0,1,2,31.0,1,DRUG,2011.0,0,1,0,1.0
NCT01688570,Mechanisms of Neuromuscular Fatigue Post Stroke,Stroke,EARLY_PHASE1,INTERVENTIONAL,DRUG; DRUG; DRUG,duloxetine; Cyproheptadine; Placebo,27,2011-08,2015-05,COMPLETED,Medical College of Wisconsin,27.0,1,3,1369.0,0,DRUG,2011.0,0,1,0,1.0
NCT01150266,Study for the Use of Alteplase in Patients Who Awaken With Stroke,Ischemic Stroke,PHASE1,INTERVENTIONAL,DRUG,Alteplase (tPA),0,2011-08,2013-09,WITHDRAWN,"University of California, San Diego",0.0,1,1,762.0,0,DRUG,2011.0,0,0,0,0.0
NCT01292941,Clinical Study Evaluating Safety of a New Catheter for Urinary Intermittent Catheter in Healthy Volunteers,Spinal Cord Injury,PHASE1,INTERVENTIONAL,DEVICE; DEVICE; DEVICE; DEVICE,Intermittent catheterisation; NonCE marked intermittent catheter/red; NonCE marked intermittent catheter/green; NonCE marked intermittent catheter/blue,0,2011-03,2011-06,WITHDRAWN,Coloplast A/S,0.0,1,4,92.0,0,DEVICE,2011.0,0,1,0,0.0
NCT01322009,Overcoming Membrane Transporters to Improve CNS Drug Delivery - Improving Brain Antioxidants After Traumatic Brain Injury,Pediatric Traumatic Brain Injury,PHASE1; PHASE2,INTERVENTIONAL,DRUG; DRUG,Probenecid and N-acetyl cysteine; Placebo,14,2011-03,2013-12,COMPLETED,University of Pittsburgh,14.0,1,2,1006.0,0,DRUG,2011.0,0,1,0,1.0
NCT01498991,Spinal Cord Injury Leg Rehabilitation,Spinal Cord Injury; Paraplegia; Quadriplegia; Tetraplegia,PHASE1; PHASE2,INTERVENTIONAL,DEVICE,AMES Treatment,2,2011-11,2016-11,TERMINATED,Oregon Health and Science University,2.0,4,1,1827.0,0,DEVICE,2011.0,1,0,0,0.0
NCT01237041,"Free Fatty Acids, Body Weight, and Growth Hormones Secretion in Children",Obesity; Short Stature; Growth Hormone Deficiency,PHASE1; PHASE2,INTERVENTIONAL,DRUG; DRUG; DRUG; DRUG; DRUG,Niacin First; Placebo First; Dose-Establishing Study 1 Niacin 250mg; Dose-Establishing Study 1 Niacin 500mg; Dose-Establishing Study 2 Niacin 500mg,37,2011-07-01,2017-10-17,TERMINATED,Eunice Kennedy Shriver National Institute of Child Health and Human Development (NICHD),37.0,3,5,2300.0,0,DRUG,2011.0,1,1,0,0.0
NCT01485952,An Exploratory Clinical Trial in Early Stage Huntington's Disease Patients With SEN0014196,Huntington Disease,PHASE1,INTERVENTIONAL,DRUG; DRUG; DRUG,SEN0014196 (Low Dose); SEN0014196 (High Dose); Placebo,55,2011-03,2011-11,COMPLETED,Siena Biotech S.p.A.,55.0,1,3,245.0,1,DRUG,2011.0,0,1,0,1.0
NCT01231919,MK2206 in Treating Younger Patients With Recurrent or Refractory Solid Tumors or Leukemia,"Accelerated Phase Chronic Myelogenous Leukemia; Acute Leukemias of Ambiguous Lineage; Acute Myeloid Leukemia/Transient Myeloproliferative Disorder; Acute Undifferentiated Leukemia; Aggressive NK-cell Leukemia; Atypical Chronic Myeloid Leukemia, BCR-ABL1 Negative; Blastic Phase Chronic Myelogenous Leukemia; Blastic Plasmacytoid Dendritic Cell Neoplasm; Childhood Burkitt Lymphoma; Childhood Chronic Myelogenous Leukemia; Childhood Diffuse Large Cell Lymphoma; Childhood Grade III Lymphomatoid Granulomatosis; Childhood Immunoblastic Large Cell Lymphoma; Childhood Nasal Type Extranodal NK/T-cell Lymphoma; Chronic Eosinophilic Leukemia; Chronic Myelomonocytic Leukemia; Chronic Neutrophilic Leukemia; Chronic Phase Chronic Myelogenous Leukemia; Intraocular Lymphoma; Juvenile Myelomonocytic Leukemia; Mast Cell Leukemia; Myeloid/NK-cell Acute Leukemia; Noncutaneous Extranodal Lymphoma; Post-transplant Lymphoproliferative Disorder; Primary Central Nervous System Hodgkin Lymphoma; Primary Central Nervous System Non-Hodgkin Lymphoma; Progressive Hairy Cell Leukemia, Initial Treatment; Prolymphocytic Leukemia; Recurrent Childhood Acute Lymphoblastic Leukemia; Recurrent Childhood Acute Myeloid Leukemia; Recurrent Childhood Anaplastic Large Cell Lymphoma; Recurrent Childhood Grade III Lymphomatoid Granulomatosis; Recurrent Childhood Large Cell Lymphoma; Recurrent Childhood Lymphoblastic Lymphoma; Recurrent Childhood Small Noncleaved Cell Lymphoma; Recurrent Grade 1 Follicular Lymphoma; Recurrent Grade 2 Follicular Lymphoma; Recurrent Grade 3 Follicular Lymphoma; Recurrent Mantle Cell Lymphoma; Recurrent Marginal Zone Lymphoma; Recurrent Mycosis Fungoides/Sezary Syndrome; Recurrent Small Lymphocytic Lymphoma; Recurrent/Refractory Childhood Hodgkin Lymphoma; Refractory Chronic Lymphocytic Leukemia; Refractory Hairy Cell Leukemia; Relapsing Chronic Myelogenous Leukemia; Secondary Acute Myeloid Leukemia; Small Intestine Lymphoma; Splenic Marginal Zone Lymphoma; Unspecified Childhood Solid Tumor, Protocol Specific; Waldenström Macroglobulinemia",PHASE1,INTERVENTIONAL,DRUG; OTHER; OTHER,Akt inhibitor MK2206; diagnostic laboratory biomarker analysis; pharmacological study,45,2011-01,2013-04,COMPLETED,National Cancer Institute (NCI),45.0,51,3,821.0,0,DRUG,2011.0,1,1,0,1.0
NCT01175993,Effects of Rapid-Resisted Exercise and Bright Light Therapy on Ambulatory Adults With Traumatic Brain Injury,Adult; Traumatic Brain Injury; fMRI,PHASE1; PHASE2,INTERVENTIONAL,OTHER,Elliptical exercise,34,2011-08-24,2014-02-04,COMPLETED,National Institutes of Health Clinical Center (CC),34.0,3,1,895.0,0,OTHER,2011.0,1,0,0,1.0
NCT01468324,AZD7451 for Recurrent Gliomas,Glioblastoma Multiforme,PHASE1,INTERVENTIONAL,DRUG,AZD7451,14,2011-10-05,2014-04-23,COMPLETED,National Cancer Institute (NCI),14.0,1,1,931.0,0,DRUG,2011.0,0,0,0,1.0
NCT01461083,Evaluation of [18F]MPPF as a Brain Tracer of Serotonin Receptor 5HT1a,Parkinson Disease,PHASE1,INTERVENTIONAL,DRUG,[18F]MPPF,19,2011-09,2012-11,COMPLETED,Institute for Neurodegenerative Disorders,19.0,1,1,427.0,0,DRUG,2011.0,0,0,0,1.0
NCT01310881,Single-Dose Pharmacokinetics (PK) Study of Novel Neurogenic Compound NSI-189,Depression,PHASE1,INTERVENTIONAL,DRUG,NSI-189 Phosphate,35,2011-02,2011-11,COMPLETED,Neuralstem Inc.,35.0,1,1,273.0,1,DRUG,2011.0,0,0,0,1.0
NCT01354483,Umbilical Cord Blood Mononuclear Cell Transplant to Treat Chronic Spinal Cord Injury,Spinal Cord Injuries,PHASE1; PHASE2,INTERVENTIONAL,BIOLOGICAL; BIOLOGICAL; DRUG,Umbilical Cord Blood Mononuclear Cell; Methylprednisolone; Lithium Carbonate Tablet,20,2011-09,2013-09,COMPLETED,China Spinal Cord Injury Network,20.0,1,3,731.0,0,BIOLOGICAL,2011.0,0,1,0,1.0
NCT01406145,A Study of the Safety and Tolerability of ASP0777 in Subjects With Alzheimer's Disease (AD) Taking a Stable Dose of Donepezil,Alzheimer's Disease,PHASE1,INTERVENTIONAL,DRUG; DRUG,ASP0777; Placebo,60,2011-06-16,2011-11-04,COMPLETED,Astellas Pharma Inc,60.0,1,2,141.0,1,DRUG,2011.0,0,1,0,1.0
NCT01348737,"Assessment of Safety, Tolerability and Blood Concentrations of Single Doses of AZD3839 in Healthy Volunteers",Alzheimer's Disease; Safety; Tolerability; Blood Concentration; Healthy Volunteers,PHASE1,INTERVENTIONAL,DRUG; DRUG,AZD3839; AZD3839 Placebo,72,2011-06,2011-11,COMPLETED,AstraZeneca,72.0,5,2,153.0,0,DRUG,2011.0,1,1,0,1.0
NCT01485276,Combined Deep Brain Stimulation for Parkinson's Disease,Parkinson Disease,PHASE1; PHASE2,INTERVENTIONAL,PROCEDURE,DBS Surgery,0,2011-11-08,,WITHDRAWN,National Institute of Neurological Disorders and Stroke (NINDS),0.0,1,1,,0,PROCEDURE,2011.0,0,0,0,0.0
NCT01390571,Olaparib and Temozolomide in Treating Patients With Relapsed Glioblastoma,Brain and Central Nervous System Tumors,PHASE1,INTERVENTIONAL,DRUG; DRUG; GENETIC; GENETIC; OTHER; OTHER; PROCEDURE; PROCEDURE; PROCEDURE,olaparib; temozolomide; gene expression analysis; protein expression analysis; laboratory biomarker analysis; pharmacological study; diffusion-weighted magnetic resonance imaging; dynamic contrast-enhanced magnetic resonance imaging; therapeutic conventional surgery,34,2011-07,2017-06-20,COMPLETED,Cancer Research UK,34.0,1,9,2181.0,0,DRUG,2011.0,0,1,0,1.0
NCT01287936,A Study of Modified Stem Cells in Stable Ischemic Stroke,Chronic Ischemic Stroke,PHASE1; PHASE2,INTERVENTIONAL,BIOLOGICAL,SB623,18,2011-01,2015-08,COMPLETED,"SanBio, Inc.",18.0,1,1,1673.0,1,BIOLOGICAL,2011.0,0,0,0,1.0
NCT02983708,Neuroregenerative Potential of Intravenous G-CSF and Autologous Peripheral Blood Stem Cells,Neurodegeneration; G-CSF; Peripheral Blood Mononuclear Cells; Cerebral Palsy,PHASE1; PHASE2,INTERVENTIONAL,BIOLOGICAL; DRUG; DRUG,Peripheral blood mononuclear cells (mPBMC); G-CSF; Placebo,57,2011-08,2014-09,COMPLETED,Hanyang University Seoul Hospital,57.0,4,3,1127.0,0,BIOLOGICAL,2011.0,1,1,0,1.0
NCT01907321,Cough and Swallow Rehab Following Stroke,Ischemic Stroke,PHASE1; PHASE2,INTERVENTIONAL,BEHAVIORAL; BEHAVIORAL; DRUG; BEHAVIORAL; RADIATION,Expiratory muscle strength training; Placebo expiratory training; Measures performed on all subjects; Pulmonary function test; Fluoroscopic swallow study,14,2011-01,2015-04,COMPLETED,University of Florida,14.0,1,5,1551.0,0,BEHAVIORAL,2011.0,0,1,0,1.0
NCT01435993,Multiple Doses of Anti-NOGO A in Relapsing Forms of Multiple Sclerosis,"Multiple Sclerosis, Relapsing-Remitting",PHASE1,INTERVENTIONAL,DRUG; OTHER,GSK1223249; Saline placebo,3,2011-09-08,2012-01-23,TERMINATED,GlaxoSmithKline,3.0,1,2,137.0,0,DRUG,2011.0,0,1,0,0.0
NCT01526837,Bevacizumab (Avastin) Into the Tumor Resection Cavity in Subjects With Glioblastoma Multiforme at First Recurrence,Glioblastoma Multiforme,PHASE1,INTERVENTIONAL,DRUG,Avastin,1,2011-10,2012-01,TERMINATED,Brain & Spine Surgeons of New York,1.0,1,1,92.0,0,DRUG,2011.0,0,0,0,0.0
NCT04327011,A Continuation Protocol for Patients Previously Enrolled in a Study of Toca 511,"Glioblastoma Multiforme; Astrocytoma; Gliomas, Malignant",PHASE1,INTERVENTIONAL,BIOLOGICAL; DRUG,Toca 511 vector; Toca FC • Flucytosine • 5-FC • 5-Fluorocytosine,65,2011-02,2019-12,TERMINATED,Tocagen Inc.,65.0,3,2,3225.0,1,BIOLOGICAL,2011.0,1,1,0,0.0
NCT01465100,Liver Cell Transplant for Phenylketonuria,Phenylketonuria,PHASE1; PHASE2,INTERVENTIONAL,RADIATION; PROCEDURE; DRUG; OTHER; BEHAVIORAL; DIAGNOSTIC_TEST; PROCEDURE,Preparative Radiation Therapy; Hepatocyte Transplant; Immunosuppression; Liver Evaluation; Neuro-psychological Assessment; Whole body Phe oxidation testing; Liver Biopsy,1,2011-10-12,2015-08-21,TERMINATED,Ira Fox,1.0,1,7,1409.0,0,RADIATION,2011.0,0,1,0,0.0
NCT01404663,Side Effects of Bone Marrow Derived CD133 Transplantation in Cerebral Palsy,Cerebral Palsy,PHASE1,INTERVENTIONAL,BIOLOGICAL,CD133 stem cell injection,12,2011-10,2012-04,COMPLETED,Royan Institute,12.0,1,1,183.0,0,BIOLOGICAL,2011.0,0,0,0,1.0
NCT01738581,rTMS and Retraining in Focal Hand Dystonia,Focal Dystonia,PHASE1; PHASE2,INTERVENTIONAL,DEVICE; BEHAVIORAL; BEHAVIORAL,Repetitive Transcranial Magnetic Stimulation; Sensorimotor Retraining; Non-specific Therapy,9,2011-11,2015-06,COMPLETED,University of Minnesota,9.0,1,3,1308.0,0,DEVICE,2011.0,0,1,0,1.0
NCT01407341,Beta-Tricalcium Phosphate Bone Graft in Treating Patients Undergoing Surgery For Metastatic Spine Cancer,Adult Spinal Cord Neoplasm; Spinal Bone Metastases; Spinal Cord Compression,PHASE1,INTERVENTIONAL,PROCEDURE; PROCEDURE; PROCEDURE; OTHER,musculoskeletal complications management/prevention; bone graft; quality-of-life assessment; questionnaire administration,1,2011-06,2012-07,TERMINATED,University of Southern California,1.0,3,4,396.0,0,PROCEDURE,2011.0,1,1,0,0.0
NCT01338896,Study to Compare Adhesiveness of Two Different Rotigotine Patch Formulations,Parkinson's Disease,PHASE1,INTERVENTIONAL,DRUG,Rotigotine transdermal patch,56,2011-04,2011-05,COMPLETED,UCB Pharma,56.0,1,1,30.0,1,DRUG,2011.0,0,0,0,1.0
NCT01519076,A Safety Evaluation of the Use of Magnetic-guided Iron Particles,Ischemic Stroke,PHASE1,INTERVENTIONAL,DEVICE,Pulse Therapeutics (PTI) Magnetically-Enhanced Diffusion (MED),7,2012-06,2014-01,TERMINATED,Pulse Therapeutics,7.0,1,1,579.0,1,DEVICE,2012.0,0,0,0,0.0
NCT01579383,Safety Tolerability and Pharmacokinetics of ALD403,Migraine Disorders,PHASE1,INTERVENTIONAL,BIOLOGICAL; BIOLOGICAL; BIOLOGICAL,ALD403; ALD403; Sumatriptan,104,2012-04,2012-12,COMPLETED,"Alder Biopharmaceuticals, Inc.",104.0,1,3,244.0,1,BIOLOGICAL,2012.0,0,1,1,1.0
NCT01462669,Crossover Study to Evaluate the Pharmacokinetics of Ezogabine/Retigabine in Taiwanese Subjects,Epilepsy,PHASE1,INTERVENTIONAL,DRUG; DRUG; DRUG; DRUG,50mg Ezogabine/retigabine; 100mg Ezogabine/retigabine; 200mg Ezogabine/retigabine; 400mg Ezogabine/retigabine,1,2012-04-10,2012-06-27,COMPLETED,GlaxoSmithKline,1.0,1,4,78.0,0,DRUG,2012.0,0,1,0,1.0
NCT01600859,Evaluation of E2609 in Subjects With Mild Cognitive Impairment or Mild Dementia Due to Alzheimer's Disease (Study: E2609-A001-101 Amendment 02),Alzheimer's Disease,PHASE1,INTERVENTIONAL,DRUG; DRUG,E2609; Placebo for E2609,65,2012-07,2013-09,COMPLETED,Eisai Inc.,65.0,1,2,427.0,1,DRUG,2012.0,0,1,0,1.0
NCT01573611,Impact of Grape Consumption on Brain Metabolism and Cognitive Function,Mild Cognitive Impairment,PHASE1,INTERVENTIONAL,DIETARY_SUPPLEMENT; DIETARY_SUPPLEMENT,Grape Powder; Placebo Powder,12,2012-04,2013-04,COMPLETED,"University of California, Los Angeles",12.0,1,2,365.0,0,DIETARY_SUPPLEMENT,2012.0,0,1,0,1.0
NCT01685216,Efficacy and Safety Study of Velaglucerase Alfa in Children and Adolescents With Type 3 Gaucher Disease,"Gaucher Disease, Type 3",PHASE1; PHASE2,INTERVENTIONAL,BIOLOGICAL,velaglucerase alfa,7,2012-09-14,2015-03-15,COMPLETED,Shire,7.0,1,1,912.0,0,BIOLOGICAL,2012.0,0,0,0,1.0
NCT01703988,"An Open-label Safety, Tolerability and Dose-Range Finding Study of Multiple Doses of Nusinersen (ISIS 396443) in Participants With Spinal Muscular Atrophy",Spinal Muscular Atrophy,PHASE1; PHASE2,INTERVENTIONAL,DRUG,Nusinersen,34,2012-10-31,2015-01-31,COMPLETED,Biogen,34.0,1,1,822.0,0,DRUG,2012.0,0,0,0,1.0
NCT01574898,Pilot Pharmacokinetic Study of New Nicotine Lozenge Formulations,Healthy Smokers,PHASE1,INTERVENTIONAL,DRUG; DRUG; DRUG; DRUG; DRUG,V0474 - A mg; V0474 - B mg; V0474 - C mg; V0018 - B mg; Niquitin® Fresh Mint 4 mg,13,2012-03,2012-06,COMPLETED,Pierre Fabre Medicament,13.0,1,5,92.0,0,DRUG,2012.0,0,1,0,1.0
NCT01502761,Intra-arterial Magnesium Administration for Acute Stroke,Acute Stroke,PHASE1; PHASE2,INTERVENTIONAL,DRUG,Magnesium Sulfate,4,2012-03,2016-05,TERMINATED,University of Southern California,4.0,1,1,1522.0,0,DRUG,2012.0,0,0,0,0.0
NCT01578629,NUTRITION: Natural Tocotrienol Against Ischemic Stroke Event,Ischemic Stroke; Transient Ischemic Attack (TIA),PHASE1; PHASE2,INTERVENTIONAL,OTHER; OTHER,Vitamin E tocotrienol (TCT) capsules ; Low dose Aspirin; Placebo vehicle control,210,2012-03,2018-11,COMPLETED,Andrew Slivka,210.0,2,3,2436.0,0,OTHER,2012.0,1,1,1,1.0
NCT01724606,Whole Brain Radiotherapy (WBRT) With Sorafenib for Breast Cancer Brain Metastases (BCBM),Breast Cancer; Brain Metastases,PHASE1,INTERVENTIONAL,RADIATION; DRUG,Whole Brain Radiotherapy (WBRT); Sorafenib,21,2012-11-05,2022-03-01,COMPLETED,Memorial Sloan Kettering Cancer Center,21.0,2,2,3403.0,0,RADIATION,2012.0,1,1,0,1.0
NCT01250470,Vaccine Therapy and Sargramostim in Treating Patients With Malignant Glioma,Anaplastic Astrocytoma; Anaplastic Oligoastrocytoma; Anaplastic Oligodendroglioma; Giant Cell Glioblastoma; Glioblastoma; Gliosarcoma; Mixed Glioma; Recurrent Brain Neoplasm,PHASE1,INTERVENTIONAL,OTHER; DRUG; BIOLOGICAL,Laboratory Biomarker Analysis; Montanide ISA-51/Survivin Peptide Vaccine; Sargramostim,9,2012-09-05,2014-05-29,COMPLETED,Roswell Park Cancer Institute,9.0,8,3,631.0,0,OTHER,2012.0,1,1,0,1.0
NCT01716897,An Study to Determine the Bioavailability of E2609 Tablets Compared to Capsules and the Effect of Food on Absorption,Alzheimer's Disease,PHASE1,INTERVENTIONAL,DRUG,E2609,18,2012-10,2012-12,COMPLETED,Eisai Inc.,18.0,1,1,61.0,1,DRUG,2012.0,0,0,0,1.0
NCT01591096,Thrombolysis in Pediatric Stroke (TIPS),Stroke,PHASE1,INTERVENTIONAL,DRUG,Tissue plasminogen activator (Activase®),1,2012-10,2013-12,TERMINATED,Seattle Children's Hospital,1.0,1,1,426.0,0,DRUG,2012.0,0,0,0,0.0
NCT01709435,Cabozantinib S-Malate in Treating Younger Patients With Recurrent or Refractory Solid Tumors,Recurrent Malignant Solid Neoplasm; Recurrent Melanoma; Recurrent Primary Central Nervous System Neoplasm; Recurrent Thyroid Gland Carcinoma; Refractory Malignant Solid Neoplasm; Refractory Primary Central Nervous System Neoplasm; Thyroid Gland Medullary Carcinoma,PHASE1,INTERVENTIONAL,DRUG; OTHER; OTHER,Cabozantinib S-malate; Laboratory Biomarker Analysis; Pharmacological Study,41,2012-11-14,2018-12-31,COMPLETED,National Cancer Institute (NCI),41.0,7,3,2238.0,0,DRUG,2012.0,1,1,0,1.0
NCT01788696,Pilot Study To Assess Effect of Treatment and Adherence in PD Subjects,Parkinson Disease,PHASE1,INTERVENTIONAL,RADIATION; RADIATION,Group A - Early Imaging; Group B - Delayed Imaging,20,2012-06,2015-03,COMPLETED,Duke University,20.0,1,2,1003.0,0,RADIATION,2012.0,0,1,0,1.0
NCT01673451,2-Part Multiple Ascending Dose Study for Safety and Pharmacokinetics in Healthy and Elderly Subjects,CNS,PHASE1,INTERVENTIONAL,DRUG; DRUG,E2006; Placebo comparator,24,2012-08,2013-05,COMPLETED,Eisai Inc.,24.0,1,2,273.0,1,DRUG,2012.0,0,1,0,1.0
NCT01536249,Dexpramipexole and Cimetidine Drug Drug Interaction (DDI),Amyotrophic Lateral Sclerosis,PHASE1,INTERVENTIONAL,DRUG; DRUG,Dexpramipexole; Cimetidine plus Dexpramipexole,14,2012-03,2012-04,COMPLETED,Knopp Biosciences,14.0,1,2,31.0,1,DRUG,2012.0,0,1,0,1.0
NCT01545271,Xenon and Cooling Therapy in Babies at High Risk of Brain Injury Following Poor Condition at Birth,Hypoxic Ischaemic Encephalopathy,PHASE1; PHASE2,INTERVENTIONAL,DRUG; DEVICE,xenon gas; Whole body cooling,32,2012-05,2013-10,COMPLETED,University Hospitals Bristol and Weston NHS Foundation Trust,32.0,1,2,518.0,0,DRUG,2012.0,0,1,0,1.0
NCT01510028,Multicenter Study of HGT-1110 Administered Intrathecally in Children With Metachromatic Leukodystrophy (MLD),Metachromatic Leukodystrophy (MLD),PHASE1; PHASE2,INTERVENTIONAL,BIOLOGICAL,Recombinant human arylsulfatase A,24,2012-02-02,2017-01-20,COMPLETED,Shire,24.0,1,1,1814.0,0,BIOLOGICAL,2012.0,0,0,0,1.0
NCT01537978,Use of Interactive Gaming for Enhanced Function After Spinal Cord Injury,Paraplegia and Tetraplegia,PHASE1,INTERVENTIONAL,OTHER,Video gaming for enhanced function after spinal cord injury.,21,2012-02,2012-10,COMPLETED,VA Palo Alto Health Care System,21.0,1,1,243.0,0,OTHER,2012.0,0,0,0,1.0
NCT01637766,Intra-arterial Chemotherapy for Spinal Metastases,Spinal Diseases; Spinal Metastases; Spinal Tumors,PHASE1,INTERVENTIONAL,DRUG,Melphalan (intra-arterial infusion),12,2012-04,2018-04,COMPLETED,Weill Medical College of Cornell University,12.0,3,1,2191.0,0,DRUG,2012.0,1,0,0,1.0
NCT01739023,Safety of Autologous Human Schwann Cells (ahSC) in Subjects With Subacute SCI,Spinal Cord Injury; Paraplegia,PHASE1,INTERVENTIONAL,BIOLOGICAL,Autologous Human Schwann Cells,9,2012-11,2016-08,COMPLETED,W. Dalton Dietrich,9.0,2,1,1369.0,0,BIOLOGICAL,2012.0,1,0,0,1.0
NCT01706783,"A Trial Investigating the Safety, Tolerability, Availability and Distribution in the Body of Once-weekly Long-acting Growth Hormone (Somapacitan) Compared to Once Daily Norditropin NordiFlex® in Adults With Growth Hormone Deficiency",Growth Hormone Disorder; Adult Growth Hormone Deficiency,PHASE1,INTERVENTIONAL,DRUG; DRUG,somapacitan; Norditropin NordiFlex®,35,2012-10-12,2013-11-18,COMPLETED,Novo Nordisk A/S,35.0,2,2,402.0,0,DRUG,2012.0,1,1,0,1.0
NCT01701089,A Study of RO4602522 in Patients With Alzheimer Disease and in Healthy Volunteers,"Healthy Volunteer, Alzheimer's Disease",PHASE1,INTERVENTIONAL,DRUG; DRUG; DRUG,11C-L-deprenyl-D2; RO4602522; RO4602522,17,2012-09,2013-05,COMPLETED,Hoffmann-La Roche,17.0,1,3,242.0,0,DRUG,2012.0,0,1,0,1.0
NCT01583036,"An Open-label, Single-centre Study Evaluating the Pharmacokinetics of Digoxin Alone and When Administered at Various Doses of Ezogabine/Retigabine in Healthy Adults. The Pharmacokinetics of Ezogabine/Retigabine and the N-acetyl Metabolite of Ezogabine/Retigabine (NAMR) Will Also be Assessed",Epilepsy,PHASE1,INTERVENTIONAL,DRUG; DRUG,Digoxin Alone; Digoxin + Retigabine,30,2012-01-16,2012-04-17,COMPLETED,GlaxoSmithKline,30.0,1,2,92.0,0,DRUG,2012.0,0,1,0,1.0
NCT01584076,Treatment of Residual Amblyopia With Donepezil,Amblyopia,PHASE1,INTERVENTIONAL,DRUG; OTHER,Donepezil; Patching,18,2012-08,2021-01,COMPLETED,Boston Children's Hospital,18.0,1,2,3075.0,0,DRUG,2012.0,0,1,0,1.0
NCT01641588,Are You Sitting Down: Cognitive Exectutive Function Task Comparison Between Seated and Standing Positions,(Focus) Posture Effect on Cognitive Performance,PHASE1; PHASE2,INTERVENTIONAL,BEHAVIORAL,posture: sitting or standing,19,2012-03,2012-03,COMPLETED,University of Southampton,19.0,1,1,0.0,0,BEHAVIORAL,2012.0,0,0,0,1.0
NCT01475006,AMG 595 First-in-Human in Recurrent Gliomas,Advanced Malignant Glioma; Anaplastic Astrocytomas; Glioblastoma Multiforme,PHASE1,INTERVENTIONAL,DRUG,AMG 595,32,2012-02,2016-04,COMPLETED,Amgen,32.0,3,1,1521.0,0,DRUG,2012.0,1,0,0,1.0
NCT01644773,Study of the Combination of Crizotinib and Dasatinib in Pediatric Research Participants With Diffuse Pontine Glioma (DIPG) and High-Grade Glioma (HGG),Diffuse Intrinsic Pontine Glioma; High-grade Glioma,PHASE1,INTERVENTIONAL,DRUG; DRUG,Crizotinib; Dasatinib,36,2012-11-27,2018-03-07,COMPLETED,St. Jude Children's Research Hospital,36.0,2,2,1926.0,0,DRUG,2012.0,1,1,0,1.0
NCT01585207,Proof-of-Concept Safety Study of CPP-109 (Vigabatrin) for Treatment Refractory Tourette's Disorder,Tourette's Disorder,PHASE1; PHASE2,INTERVENTIONAL,DRUG,vigabatrin,4,2012-07,2015-03,COMPLETED,Barbara J. Coffey,4.0,1,1,973.0,0,DRUG,2012.0,0,0,0,1.0
NCT01502605,Phase I Study of Orally Administered Aminolevulinic Acid for Resection of Malignant Astrocytomas,Astrocytoma; Glioma,PHASE1,INTERVENTIONAL,DRUG,5-Aminolevulinic Acid,6,2012-09,2015-05,TERMINATED,Sidney Kimmel Comprehensive Cancer Center at Johns Hopkins,6.0,2,1,972.0,0,DRUG,2012.0,1,0,0,0.0
NCT01702467,"Safety, Tolerability, Pharmacokinetics and Pharmacodynamics of Single, Oral Escalating Doses of GSK2647544 in Healthy Volunteers",Alzheimer's Disease,PHASE1,INTERVENTIONAL,DRUG; DRUG,GSK2647544; Placebo,27,2012-10-19,2013-05-15,COMPLETED,GlaxoSmithKline,27.0,1,2,208.0,0,DRUG,2012.0,0,1,0,1.0
NCT01702480,Effects of Triglycerides on Age-Related Cognitive Function Decline in Older Subjects,Alzheimer's Disease,PHASE1,INTERVENTIONAL,DRUG; DRUG,GSK2981710; Placebo,116,2012-11-05,2015-07-03,COMPLETED,GlaxoSmithKline,116.0,1,2,970.0,0,DRUG,2012.0,0,1,1,1.0
NCT01875094,Self-Management in Stroke Survivors,Stroke; Hypertension,PHASE1; PHASE2,INTERVENTIONAL,OTHER,Self-Management / MTM using Health IT,56,2012-10,2016-03,COMPLETED,University of Minnesota,56.0,2,1,1247.0,0,OTHER,2012.0,1,0,0,1.0
NCT01560585,Open Label Study of Isotretinoin in Mild to Moderate Alzheimer's Disease,Alzheimer's Disease,PHASE1; PHASE2,INTERVENTIONAL,DRUG,Isotretinoin,3,2012-04,2014-08,TERMINATED,University Hospitals Cleveland Medical Center,3.0,1,1,852.0,0,DRUG,2012.0,0,0,0,0.0
NCT01470794,Study of a Retroviral Replicating Vector Combined With a Prodrug to Treat Patients Undergoing Surgery for a Recurrent Malignant Brain Tumor,Glioblastoma Multiforme; Anaplastic Astrocytoma; Anaplastic Oligodendroglioma; Anaplastic Oligoastrocytoma,PHASE1,INTERVENTIONAL,BIOLOGICAL; DRUG,Toca 511 vector; Toca FC,58,2012-02,2016-04-12,COMPLETED,Tocagen Inc.,58.0,4,2,1532.0,1,BIOLOGICAL,2012.0,1,1,0,1.0
NCT03778333,Mesenchymal Stem Cells for Progressive Multiple Sclerosis_Sweden,Autologous Mesenchymal Stem Cells; Multiple Sclerosis,PHASE1,INTERVENTIONAL,BIOLOGICAL,Autologous mesenchymal stem cells,7,2012-12-01,2016-12,COMPLETED,Karolinska Institutet,7.0,2,1,1461.0,0,BIOLOGICAL,2012.0,1,0,0,1.0
NCT01820663,Dietary Intervention With the Modified Atkins Diet in Stroke Rehabilitation,Stroke; Ischemic Stroke,PHASE1; PHASE2,INTERVENTIONAL,OTHER; OTHER,Modified Atkins Diet; Control diet,20,2012-03,2014-05,COMPLETED,Burke Rehabilitation Hospital,20.0,2,2,791.0,0,OTHER,2012.0,1,1,0,1.0
NCT01438684,The Impact of RPh201 on Chronic Vegetative State (CVS): fMRI Study,Chronic Vegetative State,PHASE1,INTERVENTIONAL,DRUG; DRUG,RPh201; Saline,10,2012-09,2019-01,SUSPENDED,Hadassah Medical Organization,10.0,1,2,2313.0,0,DRUG,2012.0,0,1,0,0.0
NCT01492374,"Study to Evaluate the Safety, Tolerability and the Effect of BMS-241027 on Cerebrospinal Fluid Biomarkers in Subjects With Mild Alzheimer's Disease",Alzheimer's Disease,PHASE1,INTERVENTIONAL,DRUG; DRUG; DRUG; DRUG,BMS-241027; BMS-241027; BMS-241027; Placebo matching BMS-241027,40,2012-02,2013-10,COMPLETED,Bristol-Myers Squibb,40.0,1,4,608.0,0,DRUG,2012.0,0,1,0,1.0
NCT01845350,Safety of Autologous M2 Macrophage in Treatment of Non-Acute Stroke Patients,Ischemic Stroke; Hemorrhagic Stroke,PHASE1,INTERVENTIONAL,OTHER,M2 macrophage introduction,13,2012-10,2014-04,COMPLETED,Siberian Branch of the Russian Academy of Medical Sciences,13.0,2,1,547.0,0,OTHER,2012.0,1,0,0,1.0
NCT01709071,Safety and Immunogenicity of a New Inactivated Poliovirus Vaccine in Infants,Poliomyelitis,PHASE1; PHASE2,INTERVENTIONAL,DRUG; DRUG; DRUG; DRUG; DRUG; DRUG; DRUG,IPV; Low dose Sabin-IPV; Low dose adjuvanted Sabin-IPV; Middle dose Sabin-IPV; Middle dose adjuvanted Sabin-IPV; High dose Sabin-IPV; High dose adjuvanted Sabin-IPV,140,2012-02,2012-11,COMPLETED,Pauline Verdijk,140.0,1,7,274.0,0,DRUG,2012.0,0,1,1,1.0
NCT01491893,PVSRIPO for Recurrent Glioblastoma (GBM),GBM; Glioblastoma; Glioma; Malignant Glioma,PHASE1,INTERVENTIONAL,BIOLOGICAL,Recombinant nonpathogenic polio-rhinovirus chimera (PVSRIPO),61,2012-04-25,2017-06-27,COMPLETED,"Istari Oncology, Inc.",61.0,4,1,1889.0,1,BIOLOGICAL,2012.0,1,0,0,1.0
NCT01605357,Hypernatremia for the Prevention and Treatment of Cerebral Edema in Traumatic Brain Injury,Traumatic Brain Injury; Subdural Hematoma; Cerebral Contusion; Head Injury; Cerebral Edema,PHASE1; PHASE2,INTERVENTIONAL,DRUG; DRUG,"Induced, sustained hypernatremia using hypertonic saline; Standard of care (hypertonic saline and mannitol; serum sodium)",0,2012-07,2013-07,WITHDRAWN,Massachusetts General Hospital,0.0,5,3,365.0,0,DRUG,2012.0,1,1,0,0.0
NCT01873716,Indocyanine Green Fluorescence Uptake in Human Carotid Artery Plaque,Atherosclerosis; Atherosclerotic Plaque; Carotid Stenosis,PHASE1,INTERVENTIONAL,DRUG,Indocyanine green,5,2013-05,2016-01,COMPLETED,Massachusetts General Hospital,5.0,3,1,975.0,0,DRUG,2013.0,1,0,0,1.0
NCT02012647,Subthalamic Deep Brain Stimulation (DBS) in Parkinson's Disease,Parkinson's Disease,EARLY_PHASE1,INTERVENTIONAL,PROCEDURE; PROCEDURE,Transcranial Magnetic Stimulation (TMS); Motor Physiology Testing,4,2013-08,2016-03,COMPLETED,University of Florida,4.0,1,2,943.0,0,PROCEDURE,2013.0,0,1,0,1.0
NCT01921270,Dysport for the Treatment of OMD,Oral Dystonia; Tardive Dystonia,PHASE1; PHASE2,INTERVENTIONAL,DRUG,Low Dose - AbobotulinumtoxinA,18,2013-08,2017-02-08,COMPLETED,Emory University,18.0,2,1,1287.0,0,DRUG,2013.0,1,0,0,1.0
NCT01606215,Stem Cells in Rapidly Evolving Active Multiple Sclerosis,Multiple Sclerosis,PHASE1; PHASE2,INTERVENTIONAL,DRUG; DRUG,Mesenchymal stem cells; Placebo,21,2013-01,2019-08,COMPLETED,Imperial College London,21.0,1,2,2403.0,0,DRUG,2013.0,0,1,0,1.0
NCT02291783,"Phase I, Healthy Subject, Safety, Tolerability and Pharmacokinetic Study of an M1 Agonist to Treat Cognitive Impairment",Alzheimer's Disease,PHASE1,INTERVENTIONAL,DRUG; DRUG,HTL0009936; HTL0009936 placebo,108,2013-11,2014-07,COMPLETED,Nxera Pharma UK Limited,108.0,1,2,242.0,1,DRUG,2013.0,0,1,1,1.0
NCT00397501,BBBD Followed By Methotrexate and Carboplatin With or Without Trastuzumab in Treating Women With Breast Cancer That Has Spread to the Brain,Brain and Central Nervous System Tumors; Breast Cancer; Cognitive/Functional Effects; Drug/Agent Toxicity by Tissue/Organ; Psychosocial Effects of Cancer and Its Treatment,PHASE1; PHASE2,INTERVENTIONAL,BIOLOGICAL; DRUG; DRUG; DRUG,trastuzumab; carboplatin; methotrexate; sodium thiosulfate,0,2013-10,2013-10,WITHDRAWN,OHSU Knight Cancer Institute,0.0,5,4,0.0,0,BIOLOGICAL,2013.0,1,1,0,0.0
NCT01769872,Safety and Effect of Adipose Tissue Derived Mesenchymal Stem Cell Implantation in Patients With Spinal Cord Injury,Spinal Cord Injury,PHASE1; PHASE2,INTERVENTIONAL,PROCEDURE,Autologous Adipose Tissue derived MSCs Transplantation,15,2013-01,2016-01,COMPLETED,R-Bio,15.0,1,1,1095.0,0,PROCEDURE,2013.0,0,0,0,1.0
NCT01874028,A Phase 1 Study to Assess the Effects in the Body of a Single Dose of Trientine Dihydrochloride in Wilson's Disease Patients,Wilson's Disease,PHASE1,INTERVENTIONAL,DRUG,trientine dihydrochloride,20,2013-05,2014-03,COMPLETED,Univar BV,20.0,1,1,304.0,0,DRUG,2013.0,0,0,0,1.0
NCT04627155,A Study to Evaluate the Human Tolerance and Pharmacokinetics of LY03003,Parkinson Disease,PHASE1,INTERVENTIONAL,DRUG,LY03003,20,2013-03-15,2013-05-20,COMPLETED,Luye Pharma Group Ltd.,20.0,1,1,66.0,1,DRUG,2013.0,0,0,0,1.0
NCT02197663,Clinical Evaluation of Acupuncture on the Complications of Cerebral Vascular Accident,Stroke,PHASE1,INTERVENTIONAL,PROCEDURE,acupuncture(44mm in length and 32-gauge),60,2013-04,2015-07,TERMINATED,China Medical University Hospital,60.0,1,1,821.0,0,PROCEDURE,2013.0,0,0,0,0.0
NCT01688401,Intra-arterial Chemotherapy for the Treatment of Progressive Diffuse Intrinsic Pontine Gliomas (DIPG).,Diffuse Intrinsic Pontine Glioma (DIPG),PHASE1,INTERVENTIONAL,DRUG,Melphalan hydrochloride,3,2013-03-08,2017-05,COMPLETED,Sidney Kimmel Comprehensive Cancer Center at Johns Hopkins,3.0,1,1,1515.0,0,DRUG,2013.0,0,0,0,1.0
NCT02882997,"An Interactive Computer Game, Called Duck Duck Punch, for Stroke Rehabilitation at Home and in a Rehabilitation Clinic",Stroke,PHASE1; PHASE2,INTERVENTIONAL,BEHAVIORAL; BEHAVIORAL,an interactive computer game; standard activities,40,2013-11,2016-08,COMPLETED,Medical University of South Carolina,40.0,1,2,1004.0,0,BEHAVIORAL,2013.0,0,1,0,1.0
NCT02551757,Stroke and CPAP Outcome Study: A Sham-controlled Trial of CPAP Among Stroke Rehabilitation Patients,"Stroke; Sleep Apnea, Obstructive",PHASE1; PHASE2,INTERVENTIONAL,DEVICE; DEVICE,Auto-titrating CPAP; Sham-CPAP,40,2013-06,2014-11,COMPLETED,University of Washington,40.0,2,2,518.0,0,DEVICE,2013.0,1,1,0,1.0
NCT02241395,Cell Therapy as Treatment for Cerebral Palsy,Cerebral Palsy,PHASE1,INTERVENTIONAL,BIOLOGICAL,Intrathecal autologous bone marrow mononuclear cell transplantation,0,2013-08,2018-06,WITHDRAWN,Neurogen Brain and Spine Institute,0.0,1,1,1765.0,0,BIOLOGICAL,2013.0,0,0,0,0.0
NCT01730547,Mesenchymal Stem Cells for Multiple Sclerosis,Multiple Sclerosis,PHASE1; PHASE2,INTERVENTIONAL,BIOLOGICAL,Autologous mesenchymal stem cells,2,2013-02,2019-05-09,COMPLETED,Karolinska Institutet,2.0,1,1,2288.0,0,BIOLOGICAL,2013.0,0,0,0,1.0
NCT01772524,"Safety, Efficacy and Pharmacokinetics of ALD403",Migraine,PHASE1,INTERVENTIONAL,BIOLOGICAL; DRUG,ALD403; Placebo,163,2013-01,2013-12,COMPLETED,"Alder Biopharmaceuticals, Inc.",163.0,1,2,334.0,1,BIOLOGICAL,2013.0,0,1,1,1.0
NCT01988311,"Pilot Study: Effects of Psilocybin on Behavior, Psychology and Brain Function in Long-term Meditators",Psilocybin; Hallucinogens; Pharmacologic Actions; Central Nervous System Agents; Therapeutic Uses; Psychotropic Drugs,PHASE1,INTERVENTIONAL,DRUG,psilocybin,10,2013-05,2014-01,COMPLETED,Johns Hopkins University,10.0,6,1,245.0,0,DRUG,2013.0,1,0,0,1.0
NCT01747135,Hydroxypropyl Beta Cyclodextrin for Niemann-Pick Type C1 Disease,"Niemann-Pick Disease, Type C1",PHASE1,INTERVENTIONAL,DRUG,VTS-270,14,2013-01,2017-03,COMPLETED,"Vtesse, LLC, a Mallinckrodt Pharmaceuticals Company",14.0,1,1,1520.0,1,DRUG,2013.0,0,0,0,1.0
NCT01747213,Bisnorcymserine in Healthy Adult Volunteers,Healthy Volunteers,PHASE1,INTERVENTIONAL,DRUG; OTHER,BNC; Placebo,75,2013-01-29,2018-09-21,COMPLETED,National Institute on Aging (NIA),75.0,1,2,2061.0,0,DRUG,2013.0,0,1,0,1.0
NCT01953341,Single-Ascending Dose Study of AMG 333 in Healthy Subjects and Subjects With Migraines,Migraine,PHASE1,INTERVENTIONAL,DRUG; DRUG,AMG 333; Placebo,74,2013-10,2014-09,COMPLETED,Amgen,74.0,1,2,335.0,0,DRUG,2013.0,0,1,0,1.0
NCT01660672,Enteral Levetiracetam For Seizure Control In Pediatric Cerebral Malaria,Seizure; Epilepsy; Cerebral Malaria,PHASE1; PHASE2,INTERVENTIONAL,DRUG,LEVETIRACETAM,7,2013-01,2013-07,COMPLETED,University of Rochester,7.0,3,1,181.0,0,DRUG,2013.0,1,0,0,1.0
NCT02892084,Augmentation of Locomotor Adaptation Post-Stroke,Stroke,PHASE1,INTERVENTIONAL,DEVICE; DEVICE,tDCS; Sham tDCS,29,2013-04,2018-03-31,COMPLETED,Medical University of South Carolina,29.0,1,2,1825.0,0,DEVICE,2013.0,0,1,0,1.0
NCT01957735,"BP31510 (Ubidecarenone,USP) Nanosuspension for Intravenous Injection to Patients With Solid Tumors",Metastatic Cancer; Cancer; Solid Tumor,PHASE1,INTERVENTIONAL,DRUG; DRUG,BP31510 monotherapy; BP31510 in combination with chemotherapy,97,2013-10,2017-02-01,COMPLETED,BPGbio,97.0,3,2,1219.0,0,DRUG,2013.0,1,1,0,1.0
NCT01586455,Human Placental-Derived Stem Cell Transplantation,Mucopolysaccharidosis I; Mucopolysaccharidosis VI; Adrenoleukodystrophy; Niemann-Pick Disease; Metachromatic Leukodystrophy; Wolman Disease; Krabbe's Disease; Gaucher's Disease; Fucosidosis; Batten Disease; Severe Aplastic Anemia; Diamond-Blackfan Anemia; Amegakaryocytic Thrombocytopenia; Myelodysplastic Syndrome; Acute Myelogenous Leukemia; Acute Lymphocytic Leukemia,PHASE1,INTERVENTIONAL,DRUG,Human Placental Derived Stem Cell,43,2013-04,2020-06,COMPLETED,New York Medical College,43.0,16,1,2618.0,0,DRUG,2013.0,1,0,0,1.0
NCT01787578,Safety and Pharmacodynamic Study of Sobetirome in X-Linked Adrenoleukodystrophy (X-ALD),X-Linked Adrenoleukodystrophy; Adrenomyeloneuropathy,PHASE1,INTERVENTIONAL,DRUG,Sobetirome,0,2013-04,2013-09,WITHDRAWN,Thomas S. Scanlan,0.0,2,1,153.0,0,DRUG,2013.0,1,0,0,0.0
NCT01500707,Single Dose Study to Assess the Pharmacokinetics of SCH 900800 in Subjects With Parkinson's Disease Being Treated With Levodopa (L-DOPA) (P08235),Parkinson's Disease,PHASE1,INTERVENTIONAL,DRUG,SCH 900800,0,2013-01,2013-07,WITHDRAWN,Merck Sharp & Dohme LLC,0.0,1,1,181.0,1,DRUG,2013.0,0,0,0,0.0
NCT01939769,Effects of Exercise on Memory in Healthy and Brain-Injured Individuals,Traumatic Brain Injury,PHASE1,INTERVENTIONAL,OTHER; OTHER,Exercise - Low-intensity exercise; Exercise - High-intensity exercise,42,2013-08-31,2015-05-21,TERMINATED,National Institute of Neurological Disorders and Stroke (NINDS),42.0,1,2,628.0,0,OTHER,2013.0,0,1,0,0.0
NCT01933230,Trial of Cooling for Patients With Excel Cryo Cooling System in Intracerebral Hemorrhage (ICH),Intracerebral Hemorrhage,PHASE1,INTERVENTIONAL,DEVICE,Excel Cryo Cooling System,2,2013-06,2014-09,TERMINATED,The Cleveland Clinic,2.0,1,1,457.0,0,DEVICE,2013.0,0,0,0,0.0
NCT01997749,Effects of a Ketogenic Diet on Acute Stroke,Acute Stroke,PHASE1,INTERVENTIONAL,DIETARY_SUPPLEMENT; DIETARY_SUPPLEMENT; DIETARY_SUPPLEMENT,Ketocal 4:1 (Nutricia); Control diet: Regular diet offered at the hospitals; Ketogenic meals,64,2013-05,2013-12,COMPLETED,University of Copenhagen,64.0,1,3,214.0,0,DIETARY_SUPPLEMENT,2013.0,0,1,0,1.0
NCT01765218,Topiramate in Neonates Receiving Whole Body Cooling for Hypoxic Ischemic Encephalopathy,Hypoxic Ischemic Encephalopathy,PHASE1; PHASE2,INTERVENTIONAL,DRUG; DRUG,Topiramate; Placebo,34,2013-02,2022-01-27,TERMINATED,Kristin R Hoffman,34.0,1,2,3282.0,0,DRUG,2013.0,0,1,0,0.0
NCT01902771,Dendritic Cell Vaccine Therapy With In Situ Maturation in Pediatric Brain Tumors,Glioma; Brain Cancer; Brain Tumor; Glioblastoma Multiforme; High Grade Glioma,PHASE1,INTERVENTIONAL,BIOLOGICAL; BIOLOGICAL; OTHER; PROCEDURE,Dendritic Cell Vaccine; Tumor Lysate; Imiquimod; Leukapheresis,1,2013-09-03,2016-10-24,TERMINATED,Edward Ziga,1.0,5,4,1147.0,0,BIOLOGICAL,2013.0,1,1,0,0.0
NCT01941758,High-Dose Trivalent Influenza Vaccine in Inducing Immune Response Patients With Central Nervous System Tumors,Central Nervous System Neoplasm,PHASE1,INTERVENTIONAL,BIOLOGICAL; OTHER,trivalent influenza vaccine; laboratory biomarker analysis,28,2013-11,2014-11,COMPLETED,Wake Forest University Health Sciences,28.0,1,2,365.0,0,BIOLOGICAL,2013.0,0,1,0,1.0
NCT01898884,Safety and Pharmacology Study of VP 20629 in Adults With Friedreich's Ataxia,Friedreich's Ataxia,PHASE1,INTERVENTIONAL,DRUG; DRUG,VP 20629; Placebo,46,2013-08-13,2015-06-18,COMPLETED,Shire,46.0,1,2,674.0,0,DRUG,2013.0,0,1,0,1.0
NCT01771640,Intrathecal Transplantation of Mesenchymal Stem Cell in Patients With ALS,Amyotrophic Lateral Sclerosis,PHASE1,INTERVENTIONAL,BIOLOGICAL,intrathecal injection,8,2013-08,2014-10,COMPLETED,Royan Institute,8.0,1,1,426.0,0,BIOLOGICAL,2013.0,0,0,0,1.0
NCT02046187,Ketogenic Diet With Radiation and Chemotherapy for Newly Diagnosed Glioblastoma,Glioblastoma (GBM),PHASE1; PHASE2,INTERVENTIONAL,DIETARY_SUPPLEMENT; RADIATION; DRUG,Ketogenic Diet; Radiation therapy; Temozolomide,14,2013-10,2017-02,TERMINATED,"St. Joseph's Hospital and Medical Center, Phoenix",14.0,1,3,1219.0,0,DIETARY_SUPPLEMENT,2013.0,0,1,0,0.0
NCT01984983,Study of a DNA-based Venezuelan Equine Encephalitis Virus DNA Vaccine Administered by Electroporation in Healthy Volunteers,Venezuelan Equine Encephalitis Virus Infection,PHASE1,INTERVENTIONAL,BIOLOGICAL; OTHER,Venezuelan Equine Encephalitis Virus DNA Vaccine Candidate; 0.9% saline placebo,42,2013-12,2014-06,COMPLETED,Ichor Medical Systems Incorporated,42.0,1,2,182.0,1,BIOLOGICAL,2013.0,0,1,0,1.0
NCT01975116,p28 in Treating Younger Patients With Recurrent or Progressive Central Nervous System Tumors,"Teratoid Tumor, Atypical; Choroid Plexus Neoplasms; Anaplastic Astrocytoma; Anaplastic Oligodendroglioma; Brainstem Tumors; Giant Cell Glioblastoma; Glioblastoma; Gliosarcoma; Medulloblastoma; Neuroectodermal Tumor, Primitive",PHASE1,INTERVENTIONAL,DRUG,azurin-derived cell-penetrating peptide p28,18,2013-08,2015-04,COMPLETED,Pediatric Brain Tumor Consortium,18.0,10,1,608.0,0,DRUG,2013.0,1,0,0,1.0
NCT01808482,"A First Time in Human Study Exploring Safety, Tolerability, Pharmacokinetics (PK) and Pharmacodynamics (PD) of GSK2618960 in Healthy Volunteers and Patients With Relapsing Remitting Multiple Sclerosis (RRMS)","Multiple Sclerosis, Relapsing-Remitting",PHASE1,INTERVENTIONAL,DRUG; DRUG; DRUG; DRUG; DRUG,Part A: 100 mg/mL GSK2618960; Part A: matching placebo; Part B: Dose of GSK2618960 decided from Part A; Part B: matching placebo; Part C: Dose of GSK2618960 decided from Part A and B,16,2013-03-13,2013-08-06,TERMINATED,GlaxoSmithKline,16.0,1,5,146.0,0,DRUG,2013.0,0,1,0,0.0
NCT01978327,"GSK2647544 RD, DDI in Healthy Young and Elderly Volunteers",Alzheimer's Disease,PHASE1,INTERVENTIONAL,DRUG; DRUG,GSK2647544; drug-drug interaction,12,2013-11-22,2014-03-03,TERMINATED,GlaxoSmithKline,12.0,1,2,101.0,0,DRUG,2013.0,0,1,0,0.0
NCT02061397,Safety of Simvastatin in LAM and TSC,Lymphangioleiomyomatosis; Tuberous Sclerosis Complex,PHASE1; PHASE2,INTERVENTIONAL,DRUG; DRUG; DRUG,Simvastatin; Sirolimus Oral Product; Everolimus Oral Product,10,2014-03,2019-12-13,COMPLETED,University of Pennsylvania,10.0,2,3,2113.0,0,DRUG,2014.0,1,1,0,1.0
NCT02082327,A Phase 1 Study To Evaluate the Safety of Migalastat Hydrochloride Given Intravenously to Healthy Volunteers,Fabry Disease,PHASE1,INTERVENTIONAL,DRUG; DRUG; DRUG,IV migalastat HCl; IV placebo; oral migalastat HCl,31,2014-03,2014-06,COMPLETED,Amicus Therapeutics,31.0,1,3,92.0,1,DRUG,2014.0,0,1,0,1.0
NCT02131532,A Rehabilitation Therapy for Post-stroke Fatigue,Stroke,PHASE1; PHASE2,INTERVENTIONAL,BEHAVIORAL,A brief psychological intervention,12,2014-07,2015-04,COMPLETED,University of Edinburgh,12.0,1,1,274.0,0,BEHAVIORAL,2014.0,0,0,0,1.0
NCT02323334,A Study of LY3202626 in Healthy Participants and Participants With Alzheimer's Disease,Healthy Volunteers; Alzheimer Disease,PHASE1,INTERVENTIONAL,DRUG; DRUG; DRUG,"LY3202626; Placebo (Part A, B, C); Itraconazole",94,2014-12,2016-02,COMPLETED,Eli Lilly and Company,94.0,2,3,427.0,0,DRUG,2014.0,1,1,0,1.0
NCT02224664,"Safety, Tolerability, Pharmacokinetics and Pharmacodynamics of PF-06649751 in Parkinson's Disease",Parkinson's Disease,PHASE1,INTERVENTIONAL,DRUG; DRUG; DRUG; DRUG,PF-06649751; PF-06649751; PF-06649751; PF-06649751,50,2014-10,2016-03,COMPLETED,Pfizer,50.0,1,4,517.0,0,DRUG,2014.0,0,1,0,1.0
NCT02305017,Effect of Paracetamol on Opicapone Pharmacokinetics in Healthy Volunteers,Parkinson's Disease,PHASE1,INTERVENTIONAL,DRUG; DRUG,BIA 9-1067; Paracetamol,28,2014-03,2014-04,COMPLETED,Bial - Portela C S.A.,28.0,1,2,31.0,0,DRUG,2014.0,0,1,0,1.0
NCT02057315,Study to Determine the Efficacy and Safety of ELS-M11 in Acute Migraine,Migraine Headaches,PHASE1; PHASE2,INTERVENTIONAL,DRUG; DRUG,ELS-M11; Placebo,48,2014-03,2014-11,COMPLETED,Achelios Therapeutics,48.0,1,2,245.0,1,DRUG,2014.0,0,1,0,1.0
NCT02192125,"REWIRE - Rehabilitative Wayout In Responsive Home Environments, A Pilot Trial",Stroke,EARLY_PHASE1,INTERVENTIONAL,DEVICE,REWIRE-System,17,2014-01,2015-07,COMPLETED,University of Zurich,17.0,1,1,546.0,0,DEVICE,2014.0,0,0,0,1.0
NCT02235792,High Frequency Oscillations in Neurologic Disease,Parkinson; Epilepsy,PHASE1,INTERVENTIONAL,DEVICE,Activa PC+S,7,2014-07,2020-11-20,COMPLETED,Mayo Clinic,7.0,2,1,2334.0,0,DEVICE,2014.0,1,0,0,1.0
NCT02221947,"Study to Evaluate the Preliminary Safety, Efficacy, PK and PD of Bryostatin 1 in Patients With Alzheimer's Disease",Alzheimer's Disease,PHASE1; PHASE2,INTERVENTIONAL,DRUG; DRUG,Bryostatin 1; Placebo,9,2014-06,2014-12,TERMINATED,"Neurotrope Bioscience, Inc.",9.0,1,2,183.0,1,DRUG,2014.0,0,1,0,0.0
NCT02305316,Single-dose Pharmacokinetics and Relative Bioavailability of Two Different Formulations of Opicapone,Parkinson Disease,PHASE1,INTERVENTIONAL,DRUG; DRUG,BIA 9-1067 non-micronized; BIA 9-1067 micronized,28,2014-02,2014-03,COMPLETED,Bial - Portela C S.A.,28.0,1,2,28.0,0,DRUG,2014.0,0,1,0,1.0
NCT02803255,AAN Robotic Therapy in SCI,Spinal Cord Injuries,PHASE1,INTERVENTIONAL,DEVICE,MAHI Exo-II,14,2014-05,2015-09,COMPLETED,William Marsh Rice University,14.0,1,1,488.0,0,DEVICE,2014.0,0,0,0,1.0
NCT04468347,"Flortaucipir PET Imaging in the Preclinical, Prodromal and Dementia Phases of Alzheimer's Disease",Alzheimer Disease; Mild Cognitive Impairment,PHASE1,INTERVENTIONAL,DRUG; PROCEDURE,Flortaucipir F18; Brain PET scan,89,2014-10,2018-02,COMPLETED,Avid Radiopharmaceuticals,89.0,2,2,1219.0,1,DRUG,2014.0,1,1,0,1.0
NCT02197169,DNX-2401 With Interferon Gamma (IFN-γ) for Recurrent Glioblastoma or Gliosarcoma Brain Tumors,Glioblastoma or Gliosarcoma,PHASE1,INTERVENTIONAL,DRUG; DRUG,Single intratumoral injection of DNX-2401; Interferon-gamma,37,2014-09-11,2018-03-15,COMPLETED,"DNAtrix, Inc.",37.0,1,2,1281.0,1,DRUG,2014.0,0,1,0,1.0
NCT03116308,Effect of Food on Opicapone,Parkinson Disease,PHASE1,INTERVENTIONAL,DRUG,Opicapone (OPC),28,2014-11-21,2015-01-28,COMPLETED,Bial - Portela C S.A.,28.0,1,1,68.0,0,DRUG,2014.0,0,0,0,1.0
NCT02055638,"Safety, Tolerability and Activity of SRX246 in Adults With Intermittent Explosive Disorder",Intermittent Explosive Disorder,PHASE1; PHASE2,INTERVENTIONAL,DRUG; DRUG,SRX246; Placebo,97,2014-05,2016-05,COMPLETED,Azevan Pharmaceuticals,97.0,1,2,731.0,1,DRUG,2014.0,0,1,0,1.0
NCT02269930,Study to Evaluate the Pharmacokinetic Profiles of BIIB017 (Peginterferon Beta-1a) and Rebif® (Interferon Beta-1a) in Healthy Volunteers,Multiple Sclerosis,PHASE1,INTERVENTIONAL,DRUG; DRUG,peginterferon beta-1a; Rebif,30,2014-10,2014-12,COMPLETED,Biogen,30.0,1,2,61.0,0,DRUG,2014.0,0,1,0,1.0
NCT01977677,Plerixafor After Radiation Therapy and Temozolomide in Treating Patients With Newly Diagnosed High Grade Glioma,Adult Ependymoblastoma; Adult Giant Cell Glioblastoma; Adult Glioblastoma; Adult Gliosarcoma; Adult Medulloblastoma; Adult Mixed Glioma; Adult Oligodendroglial Tumors; Adult Pineoblastoma; Adult Supratentorial Primitive Neuroectodermal Tumor (PNET),PHASE1; PHASE2,INTERVENTIONAL,RADIATION; DRUG; DRUG; OTHER; OTHER,radiation therapy; temozolomide; plerixafor; laboratory biomarker analysis; pharmacological study,30,2014-11,2017-11,COMPLETED,Lawrence Recht,30.0,9,5,1096.0,0,RADIATION,2014.0,1,1,0,1.0
NCT02166944,Tamoxifen Treatment in Patients With Motor Neuron Disease,Amyotrophic Lateral Sclerosis; ALS Functional Ration Scale; TAR-DNA-binding Protein-43; Tamoxifen; mTOR,PHASE1; PHASE2,INTERVENTIONAL,DRUG,tamoxifen 40 mg daily for one year,20,2014-04,2019-09-17,COMPLETED,Taipei Medical University Shuang Ho Hospital,20.0,5,1,1995.0,0,DRUG,2014.0,1,0,0,1.0
NCT02400619,Shockwaves Therapy and Botulinum Toxin for the Treatment of Spasticity in Patients With Cerebral Palsy. A Cross Over RCT,Spasticity; Cerebral Palsy,PHASE1,INTERVENTIONAL,DEVICE; DRUG,shock waves; Botulinum Toxin Type A,70,2014-09,2015-06,COMPLETED,Xavi Vidal Novellas,70.0,2,2,273.0,0,DEVICE,2014.0,1,1,0,1.0
NCT01997905,Stroke Feasibility Study,Atrial Fibrillation; AFib,PHASE1; PHASE2,INTERVENTIONAL,DEVICE,AtriClip LAA Exclusion Device,13,2014-01,2015-07,COMPLETED,"AtriCure, Inc.",13.0,2,1,546.0,1,DEVICE,2014.0,1,0,0,1.0
NCT02336321,Daily-life Brain Control Of A Hand Exoskeleton After Cervical Spinal Cord Injury,Spinal Cord Injury,PHASE1,INTERVENTIONAL,DEVICE,BNCI controlled hand exoskeleton,6,2014-04,2014-10,COMPLETED,University Hospital Tuebingen,6.0,1,1,183.0,0,DEVICE,2014.0,0,0,0,1.0
NCT02197884,A Study to Assess Effects of Clarithromycin on Pharmacokinetics of JNJ-54861911 in Healthy Male Participants,Healthy,PHASE1,INTERVENTIONAL,DRUG; DRUG; DRUG,"JNJ-54861911, 25 mg; Itraconazole 200 mg; Clarithromycin 500 mg",13,2014-07,2014-09,COMPLETED,"Janssen Research & Development, LLC",13.0,1,3,62.0,1,DRUG,2014.0,0,1,0,1.0
NCT06193304,A Study to Evaluate Pharmacokinetic Parameters and Safety of Eliglustat Absorption Through the Mouth,Gaucher's Disease,PHASE1,INTERVENTIONAL,DRUG,Eliglustat,6,2014-08-25,2014-09-21,COMPLETED,Sanofi,6.0,1,1,27.0,0,DRUG,2014.0,0,0,0,1.0
NCT01904786,Melatonin Treatment for Newborn Infants With Moderate to Severe Hypoxic Ischemic Encephalopathy,Newborn Hypoxic Ischemic Encephalopathy,PHASE1,INTERVENTIONAL,DRUG; DRUG,Melatonin; placebo,0,2014-04,2017-12,WITHDRAWN,St. Louis University,0.0,1,2,1340.0,0,DRUG,2014.0,0,1,0,0.0
NCT01801709,Intracerebral Gene Therapy for Children With Early Onset Forms of Metachromatic Leukodystrophy,Metachromatic Leukodystrophy,PHASE1; PHASE2,INTERVENTIONAL,GENETIC,intracerebral administration of AAVrh.10cuARSA,5,2014-06,2016-06,COMPLETED,"Institut National de la Santé Et de la Recherche Médicale, France",5.0,1,1,731.0,0,GENETIC,2014.0,0,0,0,1.0
NCT02126514,"A Phase I, Open-Label, Single-Center Study to Assess the Absorption, Metabolism, and Excretion of [14C]-AZD3293",Healthy Volunteers; Mass Balance Study,PHASE1,INTERVENTIONAL,DRUG,AZD3293,12,2014-05,2014-05,COMPLETED,AstraZeneca,12.0,2,1,0.0,0,DRUG,2014.0,1,0,0,1.0
NCT02438215,Study of IRX4204 for Treatment of Early Parkinson's Disease,Parkinson's Disease,PHASE1,INTERVENTIONAL,DRUG,IRX4204,15,2014-08,2015-05,COMPLETED,Io Therapeutics,15.0,1,1,273.0,1,DRUG,2014.0,0,0,0,1.0
NCT02124083,"Phase 1/2 Study of Vorinostat Therapy in Niemann-Pick Disease, Type C1",Neimann-Pick Disease,PHASE1; PHASE2,INTERVENTIONAL,DRUG,Vorinostat,12,2014-04-25,2016-12-13,COMPLETED,Eunice Kennedy Shriver National Institute of Child Health and Human Development (NICHD),12.0,1,1,963.0,0,DRUG,2014.0,0,0,0,1.0
NCT02305030,Effect of Opicapone at Steady State on Warfarin Pharmacokinetics,Parkinson's Disease,PHASE1,INTERVENTIONAL,DRUG; DRUG,BIA 9-1067; Warfarin,20,2014-03,2014-05,COMPLETED,Bial - Portela C S.A.,20.0,1,2,61.0,0,DRUG,2014.0,0,1,0,1.0
NCT02111330,"Study to Assess the Safety, Tolerability and Pharmacokinetic Profile of PBF -509 (80 mg, 160 mg and 240 mg) ""After Multiple Oral Doses"" in Healthy Volunteers",Parkinson Disease,PHASE1,INTERVENTIONAL,DRUG; DRUG,PBF-509; Placebo,16,2014-03,2014-05,COMPLETED,Fundació Institut de Recerca de l'Hospital de la Santa Creu i Sant Pau,16.0,1,2,61.0,0,DRUG,2014.0,0,1,0,1.0
NCT02903680,RCT of IV Dexamethasone to Prevent Relapse in the Treatment of Migraine in a Paediatric ED,Migraine,PHASE1,INTERVENTIONAL,DRUG; DRUG,Dexamethasone group; Placebo group,116,2014-05,2025-03-03,COMPLETED,St. Justine's Hospital,116.0,1,2,3959.0,0,DRUG,2014.0,0,1,1,1.0
NCT04008589,Non-invasive Current Stimulation for Restoration of Vision,Stroke; Electrical Stimulation,PHASE1; PHASE2,INTERVENTIONAL,DEVICE; DEVICE,repetitive transorbital AC Stimulation; combination of transcranial direct current stimulaton and rtACS,45,2014-01-01,2016-03-31,COMPLETED,University of Magdeburg,45.0,2,2,820.0,0,DEVICE,2014.0,1,1,0,1.0
NCT02216188,Follow-up Study to Assess One Boost Immunization With AFFITOPE® PD01A With Regard to Safety and Clinical Activity,Parkinson's Disease,PHASE1,INTERVENTIONAL,BIOLOGICAL; OTHER,AFFITOPE® PD01A; Control,28,2014-08,2015-08,COMPLETED,Affiris AG,28.0,1,2,365.0,0,BIOLOGICAL,2014.0,0,1,0,1.0
NCT02087631,Safety and Tolerability of Quetiapine in Multiple Sclerosis,Multiple Sclerosis,PHASE1; PHASE2,INTERVENTIONAL,DRUG,Extended-release quetiapine fumarate,14,2014-12,2019-07,COMPLETED,University of Calgary,14.0,1,1,1673.0,0,DRUG,2014.0,0,0,0,1.0
NCT02286986,Cannabidiol (CBD) to 27 Patients (Aged 2 Years - 19 Years) With Drug Resistant Epilepsy,Epilepsy,PHASE1,INTERVENTIONAL,DRUG,Cannabidiol,26,2014-09-18,2019-06-13,COMPLETED,University of Utah,26.0,1,1,1729.0,0,DRUG,2014.0,0,0,0,1.0
NCT01981486,"A Study Of The Safety, Tolerability, And Pharmacokinetics Of Multiple Doses Of PF-05180999 In Healthy Adults",Migraine,PHASE1,INTERVENTIONAL,DRUG; DRUG,Placebo Tablets; PF-05180999 Tablets,0,2014-06,2015-01,WITHDRAWN,Pfizer,0.0,1,2,214.0,0,DRUG,2014.0,0,1,0,0.0
NCT01453829,Study to Assess the Safety and Effects of Autologous Adipose-Derived Stromal Cells in Patients After Stroke,Stroke,PHASE1; PHASE2,INTERVENTIONAL,PROCEDURE,Harvesting and Isolation of Stem Cells,0,2014-10,2014-12,WITHDRAWN,Ageless Regenerative Institute,0.0,1,1,61.0,0,PROCEDURE,2014.0,0,0,0,0.0
NCT02492516,Intravenous Injection of Adipose Derived Mesenchymal Stem Cell for ALS,Amyotrophic Lateral Sclerosis,PHASE1,INTERVENTIONAL,BIOLOGICAL,mesenchymal stem cells,19,2014-09,2017-03,COMPLETED,Royan Institute,19.0,1,1,912.0,0,BIOLOGICAL,2014.0,0,0,0,1.0
NCT02220738,"Study to Evaluate the Safety, Tolerability, and Pharmacokinetics of ABT-957 in Subjects With Mild-to-Moderate Alzheimer's Disease on Stable Doses of Acetylcholinesterase Inhibitors",Alzheimer's Disease,PHASE1,INTERVENTIONAL,DRUG; OTHER,ABT-957; Placebo for ABT-957,19,2014-09,2016-03,TERMINATED,AbbVie,19.0,1,2,547.0,0,DRUG,2014.0,0,1,0,0.0
NCT02221622,Allopregnanolone for Mild Cognitive Impairment Due to Alzheimer's Disease or Mild AD,Mild Cognitive Impairment; Alzheimer Disease,PHASE1,INTERVENTIONAL,DRUG; DRUG,Allopregnanolone injection (intravenous solution); Placebo injection (intravenous solution),24,2014-08,2018-02,COMPLETED,University of Southern California,24.0,2,2,1280.0,0,DRUG,2014.0,1,1,0,1.0
NCT02095132,Adavosertib and Irinotecan Hydrochloride in Treating Younger Patients With Relapsed or Refractory Solid Tumors,"Central Nervous System Embryonal Tumor With Rhabdoid Features; Central Nervous System Embryonal Tumor, Not Otherwise Specified; Central Nervous System Ganglioneuroblastoma; Embryonal Tumor With Multilayered Rosettes, C19MC-Altered; Pineoblastoma; Primary Central Nervous System Neoplasm; Recurrent Childhood Central Nervous System Embryonal Neoplasm; Recurrent Malignant Solid Neoplasm; Recurrent Medulloblastoma; Recurrent Neuroblastoma; Recurrent Rhabdomyosarcoma; Refractory Malignant Solid Neoplasm; Refractory Medulloblastoma; Refractory Neuroblastoma; Refractory Rhabdomyosarcoma",PHASE1; PHASE2,INTERVENTIONAL,DRUG; DRUG,Adavosertib; Irinotecan Hydrochloride,76,2014-03-28,2020-12-31,COMPLETED,National Cancer Institute (NCI),76.0,15,2,2470.0,0,DRUG,2014.0,1,1,0,1.0
NCT02174250,The Effect of Rifampin on the Metabolism of Istradefylline in Healthy Volunteers.,Parkinson's Disease,PHASE1,INTERVENTIONAL,DRUG; DRUG,Istradefylline 40 mg; Rifampin 300mg BID + istradefylline 40mg Day 8 only,20,2014-06,2014-08,COMPLETED,"Kyowa Kirin Co., Ltd.",20.0,1,2,61.0,1,DRUG,2014.0,0,1,0,1.0
NCT02134080,FAAH Inhibitor Trial for Adults With Tourette Syndrome,Tourette Syndrome,PHASE1,INTERVENTIONAL,DRUG; DRUG,PF-04457845; Placebo,5,2014-05,2017-03,TERMINATED,Yale University,5.0,1,2,1035.0,0,DRUG,2014.0,0,1,0,0.0
NCT02332655,Cannabidiol Expanded Access Study in Medically Refractory Sturge-Weber Syndrome,Sturge-Weber Syndrome,PHASE1; PHASE2,INTERVENTIONAL,DRUG,Cannabidiol,5,2014-12,2019-04,COMPLETED,"Anne Comi, MD",5.0,1,1,1582.0,0,DRUG,2014.0,0,0,0,1.0
NCT02223052,Bioequivalence & Food Effect Study in Patients With Solid Tumor or Hematologic Malignancies,Hematological Neoplasms; Non-Hodgkin's Lymphoma; Hodgkin's Lymphoma; Lymphoma; Multiple Myeloma; Acute Myeloid Leukemia; Leukemia; Myelodysplastic Syndromes; Neoplasms; Melanoma; Breast Cancer; Metastatic Breast Cancer; Non-Small Cell Lung Cancer; Small Cell Lung Cancer; Renal Cell Carcinoma; Glioblastoma Multiforme; Osteosarcoma; Sarcoma; Thyroid Cancer; Genitourinary,PHASE1,INTERVENTIONAL,DRUG; DRUG,CC-486; Vidaza,89,2014-10-27,2018-06-11,COMPLETED,Celgene,89.0,20,2,1323.0,0,DRUG,2014.0,1,1,0,1.0
NCT01981499,"A Study of the Safety, Tolerability, Pharmacokinetics, And Effects On Histamine-Induced Wheal Of PF-05180999 In Healthy Adults",Migraine,PHASE1,INTERVENTIONAL,DRUG; DRUG; DRUG; DRUG; DRUG; DRUG,PF-05180999; Placebo; 120 mg MR PF-05180999; 360 mg MR PF-05180999; 10 mg cetirizine; Placebo,31,2014-01,2014-04,TERMINATED,Pfizer,31.0,1,6,90.0,0,DRUG,2014.0,0,1,0,0.0
NCT02040987,AZD3293 Thorough QT Study in Healthy Male Volunteers,Alzheimer's Disease,PHASE1,INTERVENTIONAL,DRUG; DRUG; DRUG; DRUG,AZD3293; AZD3293; Placebo; Moxifloxacin,52,2014-01,2014-05,COMPLETED,AstraZeneca,52.0,1,4,120.0,0,DRUG,2014.0,0,1,0,1.0
NCT02171260,"This is a Phase 1 Study of Eribulin Mesylate in Pediatric Participants With Recurrent or Refractory Solid Tumors (Excluding [Central Nervous System] CNS), Including Lymphomas",Pediatrics; Solid Tumors,PHASE1,INTERVENTIONAL,DRUG,Eribulin Mesylate,23,2014-07-31,2016-01-28,COMPLETED,Eisai Inc.,23.0,2,1,546.0,1,DRUG,2014.0,1,0,0,1.0
NCT02290886,A Multicenter Phase I/II Clinical Trial to Evaluate Safety of Mesenchymal Stem Cell in Patients With Amyotrophic Sclerosis Lateral,Amyotrophic Lateral Sclerosis,PHASE1; PHASE2,INTERVENTIONAL,OTHER; DRUG; DRUG; DRUG,Intravenous administration of placebo; Intravenous administration of 1 million of MSC; Intravenous administration of 2 million of MSC; Intravenous administration of 4 million of MSC,52,2014-07,2022-03-02,COMPLETED,Andalusian Initiative for Advanced Therapies - Fundación Pública Andaluza Progreso y Salud,52.0,1,4,2801.0,0,OTHER,2014.0,0,1,0,1.0
NCT02045056,Modulation of Micro-RNA Pathways by Gemfibrozil in Predementia Alzheimer Disease,Preclinical Alzheimer's Disease,EARLY_PHASE1,INTERVENTIONAL,DRUG; DRUG,Gemfibrozil; Placebo,72,2014-05,2018-06-30,COMPLETED,"Gregory Jicha, 323-5550",72.0,1,2,1521.0,0,DRUG,2014.0,0,1,0,1.0
NCT02438033,Characterizing the Specificity and Stability of Local Field Potentials in the Globus Pallidus Internus of Patients Undergoing Deep Brain Stimulation for Parkinson's Disease,Parkinson's Disease,PHASE1,INTERVENTIONAL,DEVICE,Medtronic Activa PC+S Sensing Deep Brain Stimulator Generator,0,2015-09,2016-09,WITHDRAWN,Nader Pouratian,0.0,1,1,366.0,0,DEVICE,2015.0,0,0,0,0.0
NCT03130816,Mechanism of Allogeneic UCB Therapy in Cerebral Palsy,Cerebral Palsy; Child Development,PHASE1; PHASE2,INTERVENTIONAL,BIOLOGICAL,allogeneic cord blood transplantation,90,2015-07-29,2019-05-21,COMPLETED,Bundang CHA Hospital,90.0,2,1,1392.0,0,BIOLOGICAL,2015.0,1,0,0,1.0
NCT02445794,A First in Human Study of RT001 in Patients With Friedreich's Ataxia,Friedreich's Ataxia,PHASE1; PHASE2,INTERVENTIONAL,DRUG; DRUG,Low dose cohort; High dose cohort,19,2015-08,2016-06,COMPLETED,Biojiva LLC,19.0,1,2,305.0,1,DRUG,2015.0,0,1,0,1.0
NCT02268552,An Open Label Study of LMI070 (Branaplam) in Type 1 Spinal Muscular Atrophy (SMA),Spinal Muscular Atrophy,PHASE1; PHASE2,INTERVENTIONAL,DRUG,branaplam,40,2015-04-02,2022-12-29,COMPLETED,Novartis Pharmaceuticals,40.0,1,1,2828.0,1,DRUG,2015.0,0,0,0,1.0
NCT04110535,Abuse Potential of Intravenous Remimazolam Compared to Midazolam and Placebo in Recreational CNS Depressant Users,"Abuse, Drug",PHASE1,INTERVENTIONAL,DRUG; DRUG; OTHER,Remimazolam; Midazolam; Saline,83,2015-06-23,2015-10-06,COMPLETED,Paion UK Ltd.,83.0,1,3,105.0,1,DRUG,2015.0,0,1,0,1.0
NCT02519036,"Safety, Tolerability, Pharmacokinetics, and Pharmacodynamics of ISIS 443139 in Participants With Early Manifest Huntington's Disease",Huntington's Disease,PHASE1; PHASE2,INTERVENTIONAL,DRUG; DRUG; DRUG; DRUG; DRUG; OTHER,ISIS 443139 10 mg; ISIS 443139 30 mg; ISIS 443139 60 mg; ISIS 443139 90 mg; ISIS 443139 120 mg; Placebo,46,2015-08-06,2017-11-08,COMPLETED,"Ionis Pharmaceuticals, Inc.",46.0,1,6,825.0,1,DRUG,2015.0,0,1,0,1.0
NCT02462629,Study of BLZ-100 in Pediatric Subjects With CNS Tumors,Central Nervous System Tumors,PHASE1,INTERVENTIONAL,DRUG,BLZ-100,29,2015-06,2018-07,COMPLETED,Blaze Bioscience Inc.,29.0,1,1,1126.0,1,DRUG,2015.0,0,0,0,1.0
NCT02458339,Methotrexate Infusion Into Fourth Ventricle in Children With Recurrent Malignant Fourth Ventricular Brain Tumors,"Brain Tumor, Recurrent; Malignant Neoplasm of Fourth Ventricle of Brain",PHASE1,INTERVENTIONAL,PROCEDURE; DRUG,Ommaya Reservoir; Methotrexate,7,2015-06-15,2019-03-01,COMPLETED,"The University of Texas Health Science Center, Houston",7.0,2,2,1355.0,0,PROCEDURE,2015.0,1,1,0,1.0
NCT02303678,D2C7 for Adult Patients With Recurrent Malignant Glioma,"Malignant Glioma; Brain Tumor, Recurrent",PHASE1,INTERVENTIONAL,DRUG,D2C7-IT,81,2015-05-05,2019-05-09,COMPLETED,Darell Bigner,81.0,2,1,1465.0,0,DRUG,2015.0,1,0,0,1.0
NCT02386306,"Study Evaluating Safety, Tolerability, and PK of Multiple Ascending Doses of GC021109 in Subjects With Mild to Moderate Alzheimer's Disease",Alzheimer's Disease,PHASE1,INTERVENTIONAL,DRUG; OTHER,GC021109; Placebo,39,2015-02,2015-10,COMPLETED,"GliaCure, Inc.",39.0,1,2,242.0,1,DRUG,2015.0,0,1,0,1.0
NCT02377713,A Single Dose Study of KHK6640 in Japanese Patients With Alzheimer's Disease.,Alzheimer's Disease,PHASE1,INTERVENTIONAL,DRUG; DRUG,KHK6640; Placebo,20,2015-03,2016-09,COMPLETED,"Kyowa Kirin Co., Ltd.",20.0,1,2,550.0,1,DRUG,2015.0,0,1,0,1.0
NCT02546310,Phase 1 Study Investigating Effects of HTL0009936 on Cognition and BOLD fMRI Signals in Healthy Elderly Subjects,Alzheimer's Disease,PHASE1,INTERVENTIONAL,DRUG; DRUG,HTL0009936; HTL0009936 matching placebo,54,2015-10,2017-02,COMPLETED,Nxera Pharma UK Limited,54.0,1,2,489.0,1,DRUG,2015.0,0,1,0,1.0
NCT02521090,EGFRBi-Armed Autologous T Cells in Treating Patients With Recurrent or Refractory Glioblastoma,Adult Brain Glioblastoma; Adult Gliosarcoma; Recurrent Brain Neoplasm,PHASE1; PHASE2,INTERVENTIONAL,BIOLOGICAL; OTHER,EGFRBi-Armed Autologous T Cells; Laboratory Biomarker Analysis,0,2015-08,2016-03,WITHDRAWN,Barbara Ann Karmanos Cancer Institute,0.0,3,2,213.0,0,BIOLOGICAL,2015.0,1,1,0,0.0
NCT02566759,"A TAK-831-1001, Single and Multiple Rising Dose Study in Healthy Participants","Schizophrenia, Cerebellar Ataxia",PHASE1,INTERVENTIONAL,DRUG; DRUG; DRUG,TAK-831 Oral Suspension; TAK-831 Placebo; TAK-831 Tablet,110,2015-09-23,2016-06-09,TERMINATED,Neurocrine Biosciences,110.0,1,3,260.0,1,DRUG,2015.0,0,1,1,0.0
NCT02599207,Assessment of the Safety of Allogeneic Umbilical Cord Blood Infusions in Children With Cerebral Palsy,Cerebral Palsy,PHASE1,INTERVENTIONAL,BIOLOGICAL,sibling umbilical cord blood,15,2015-11,2016-10,COMPLETED,"Joanne Kurtzberg, MD",15.0,1,1,335.0,0,BIOLOGICAL,2015.0,0,0,0,1.0
NCT02403947,MEsenchymal StEm Cells for Multiple Sclerosis,Multiple Sclerosis,PHASE1; PHASE2,INTERVENTIONAL,DRUG; DRUG,Mesenchymal stem cells; Suspension media,1,2015-02,2017-12,TERMINATED,"University Hospital, Toulouse",1.0,1,2,1034.0,0,DRUG,2015.0,0,1,0,0.0
NCT02116634,Mesenchymal Stem Cell Injection in Amyotrophic Lateral Sclerosis,Amyotrophic Lateral Sclerosis,PHASE1; PHASE2,INTERVENTIONAL,BIOLOGICAL,mesenchymal stem cell,0,2015-05,2017-05,WITHDRAWN,"Alzahra Hospital, Iran",0.0,1,1,731.0,0,BIOLOGICAL,2015.0,0,0,0,0.0
NCT02539134,TAK-935 Multiple Rising Dose Study in Healthy Participants,Epilepsy,PHASE1,INTERVENTIONAL,DRUG; DRUG,TAK-935; Placebo,40,2015-09,2016-04,COMPLETED,Takeda,40.0,1,2,213.0,0,DRUG,2015.0,0,1,0,1.0
NCT03262636,"Two-Part Study to Evaluate the Safety and Efficacy of Image Guided Surgery Using Indocyanine Green for Intramolecular Imaging of Nervous System Tumors Compared to Standard of Care, (TumorGlow)","Brain Tumor, Primary; Brain Tumor, Recurrent",PHASE1,INTERVENTIONAL,DRUG,Indocyanine Green,363,2015-06,2020-03-10,COMPLETED,University of Pennsylvania,363.0,2,1,1744.0,0,DRUG,2015.0,1,0,1,1.0
NCT02601144,Variable Frequency Stimulation of Subthalamic Nucleus for Freezing of Gait in Parkinson's Disease,Parkinson's Disease,PHASE1,INTERVENTIONAL,DEVICE,Deep Brain Stimulation,28,2015-10,2016-12,COMPLETED,"Beijing Pins Medical Co., Ltd",28.0,1,1,427.0,1,DEVICE,2015.0,0,0,0,1.0
NCT02551003,Neuroprotective Effect of Autologous Cord Blood Combined With Therapeutic Hypothermia Following Neonatal Encephalopathy,Hypoxic Ischemic Encephalopathy; Cerebral Infarction,PHASE1; PHASE2,INTERVENTIONAL,DRUG; DEVICE,Autologous cord blood; Hypothermia,0,2015-09-08,2016-12-30,WITHDRAWN,Children's Hospital of Fudan University,0.0,2,2,479.0,0,DRUG,2015.0,1,1,0,0.0
NCT02700412,University of Alabama at Birmingham (UAB) Adult CBD Program,Epilepsy; Seizures,PHASE1,INTERVENTIONAL,DRUG,Epidiolex,80,2015-04,2019-08-08,COMPLETED,University of Alabama at Birmingham,80.0,2,1,1590.0,0,DRUG,2015.0,1,0,0,1.0
NCT02332889,Phase I/II: Decitabine/Vaccine Therapy in Relapsed/Refractory Pediatric High Grade Gliomas/Medulloblastomas/CNS PNETs,"Gliomas; Medulloblastoma; Neuroectodermal Tumors, Primitive",PHASE1; PHASE2,INTERVENTIONAL,BIOLOGICAL; DRUG,Vaccine (autologous dendritic cells); Decitabine and Hiltonol,1,2015-04,2016-07,TERMINATED,University of Louisville,1.0,3,2,457.0,0,BIOLOGICAL,2015.0,1,1,0,0.0
NCT02565628,PF-06669571 In Subjects With Idiopathic Parkinson's Disease,Idiopathic Parkinson's Disease,PHASE1,INTERVENTIONAL,DRUG; DRUG,PF-06669571; Placebo,20,2015-11-16,2016-05-13,COMPLETED,Pfizer,20.0,1,2,179.0,0,DRUG,2015.0,0,1,0,1.0
NCT02462161,Study of Nasal Insulin to Fight Forgetfulness - Short-Acting Insulin Aspart,Alzheimer's Disease; Mild Cognitive Impairment,PHASE1,INTERVENTIONAL,DRUG; DRUG,Insulin aspart; Placebo,24,2015-03-20,2019-04-16,COMPLETED,Wake Forest University Health Sciences,24.0,2,2,1488.0,0,DRUG,2015.0,1,1,0,1.0
NCT04110678,Tolerance to NeuroEPO in Parkinson Disease,Parkinson Disease,PHASE1; PHASE2,INTERVENTIONAL,DRUG,NeuroEPO,26,2015-11-01,2016-02-11,COMPLETED,"International Center for Neurological Restoration, Cuba",26.0,1,1,102.0,0,DRUG,2015.0,0,0,0,1.0
NCT02768337,Cambridge Brain Mets Trial 1,Lung Cancer; Breast Cancer; Brain Cancer; Advanced Breast Cancer; Advanced Lung Cancer,PHASE1; PHASE2,INTERVENTIONAL,DRUG; RADIATION; RADIATION,Afatinib; 2 Gy targeted radiotherapy; 4 Gy targeted radiotherapy,26,2015-03-10,2020-08-12,TERMINATED,Cambridge University Hospitals NHS Foundation Trust,26.0,5,3,1982.0,0,DRUG,2015.0,1,1,0,0.0
NCT02534480,Neurogenetic Pharmaceuticals (NGP) 555 in Healthy Young Volunteers (Single-ascending Dose),Alzheimer's Disease,PHASE1,INTERVENTIONAL,DRUG,NGP 555,40,2015-03,2015-10,COMPLETED,NeuroGenetic Pharmaceuticals Inc,40.0,1,1,214.0,1,DRUG,2015.0,0,0,0,1.0
NCT02343718,Vinblastine and Temsirolimus in Pediatrics With Recurrent or Refractory Lymphoma or Solid Tumours Including CNS Tumours,Recurrent Lymphoma; Refractory Lymphoma; Solid Tumours; Central Nervous System,PHASE1,INTERVENTIONAL,DRUG; DRUG,Vinblastine; Temsirolimus,7,2015-06-24,2017-09-28,COMPLETED,Canadian Cancer Trials Group,7.0,4,2,827.0,0,DRUG,2015.0,1,1,0,1.0
NCT02389608,"The Immediate Effect of Electrical Stimulation Transcranial Direct Current (tDCS) Associated With the Use of FES, in Muscle Activity of the Tibialis Anterior Muscle, Balance and Plantar Pressure Distribution of Individuals With Hemiparesis Due to Stroke",STROKE,PHASE1; PHASE2,INTERVENTIONAL,DEVICE; DEVICE; DEVICE,Transcranial direct current stimulation (tDCS); Functional electrical stimulation (FES); Sham stimulation,30,2015-01,2016-02,COMPLETED,University of Nove de Julho,30.0,1,3,396.0,0,DEVICE,2015.0,0,1,0,1.0
NCT02912169,Study to Assess the Safety and Effects of Autologous Adipose-Derived Stromal Cells in Patients With Alzheimer's Disease,Alzheimer's Disease,PHASE1; PHASE2,INTERVENTIONAL,PROCEDURE; BIOLOGICAL,Liposuction under local anesthesia; Infusion of AD-SVF via IV and Intranasal,0,2015-11-01,2017-11-15,WITHDRAWN,Ageless Regenerative Institute,0.0,1,2,745.0,0,PROCEDURE,2015.0,0,1,0,0.0
NCT02260570,Remediation of Impaired Self-Regulation in Patients With Mild TBI,Mild Traumatic Brain Injury,EARLY_PHASE1,INTERVENTIONAL,DRUG; DRUG,Tolcapone; Placebo,55,2015-08-01,2021-06-30,COMPLETED,VA Office of Research and Development,55.0,1,2,2160.0,0,DRUG,2015.0,0,1,0,1.0
NCT02552147,Nicotinic Cholinergic Modulation as a Novel Treatment Strategy for Aggression Associated With Autism,Autism Spectrum Disorder; Aggression; Irritability,PHASE1,INTERVENTIONAL,DRUG; OTHER,Transdermal nicotine; Transdermal placebo,8,2015-09,2017-11-17,COMPLETED,Yale University,8.0,3,2,808.0,0,DRUG,2015.0,1,1,0,1.0
NCT02504905,Propensity to Develop Plasticity in the Parieto-Motor Networks in Dystonia From the Perspective of Abnormal High-Order Motor Processing,Writer's Cramp; Healthy Volunteers; Cervical Dystonia,EARLY_PHASE1,INTERVENTIONAL,DEVICE,TMS,58,2015-08-20,2021-07-25,COMPLETED,National Institute of Neurological Disorders and Stroke (NINDS),58.0,3,1,2166.0,0,DEVICE,2015.0,1,0,0,1.0
NCT02586233,"Study to Assess the Safety, Pharmacokinetics, and Pharmacodynamics of DS-1040b in Subjects With Acute Ischemic Stroke",Acute Ischemic Stroke; Thrombotic Disease,PHASE1; PHASE2,INTERVENTIONAL,DRUG; DRUG,DS-1040b; Placebo,106,2015-09,2019-08-13,COMPLETED,Daiichi Sankyo,106.0,2,2,1442.0,0,DRUG,2015.0,1,1,1,1.0
NCT02340195,Pharmacokinetic Properties of Idalopirdine (Lu AE58054) in Subjects With and Without Impaired Kidney Function,Alzheimer Disease,PHASE1,INTERVENTIONAL,DRUG,Idalopirdine (Lu AE58054) 60 mg,16,2015-01,2015-09,COMPLETED,H. Lundbeck A/S,16.0,1,1,243.0,0,DRUG,2015.0,0,0,0,1.0
NCT02418598,AADC Gene Therapy for Parkinson's Disease,Parkinson Disease,PHASE1; PHASE2,INTERVENTIONAL,GENETIC; GENETIC,Cohort1; Cohort2,2,2015-04-14,2018-03-31,TERMINATED,Jichi Medical University,2.0,1,2,1082.0,0,GENETIC,2015.0,0,1,0,0.0
NCT02474134,Comparison Study of PF530 and Betaferon in Healthy Subjects,Multiple Sclerosis,PHASE1,INTERVENTIONAL,DRUG,"Interferon beta-1b (PF530, Betaferon)",12,2015-03,2015-10,COMPLETED,"Pfenex, Inc",12.0,1,1,214.0,1,DRUG,2015.0,0,0,0,1.0
NCT02541370,Treatment of Relapsed and/or Chemotherapy Refractory Advanced Malignancies by CART133,Liver Cancer; Pancreatic Cancer; Brain Tumor; Breast Cancer; Ovarian Tumor; Colorectal Cancer; Acute Myeloid and Lymphoid Leukemias,PHASE1; PHASE2,INTERVENTIONAL,BIOLOGICAL,anti-CD133-CAR vector-transduced T cells,20,2015-06,2019-06,COMPLETED,Chinese PLA General Hospital,20.0,7,1,1461.0,0,BIOLOGICAL,2015.0,1,0,0,1.0
NCT02636647,Fecal Transplant in Recurrent Hepatic Encephalopathy,Hepatic Encephalopathy; Cirrhosis,PHASE1,INTERVENTIONAL,BIOLOGICAL,Fecal transplant,20,2015-10,2016-08,COMPLETED,Jasmohan Bajaj,20.0,2,1,305.0,0,BIOLOGICAL,2015.0,1,0,0,1.0
NCT03283449,Tau PET Imaging in Atypical Dementias,Primary Progressive Aphasia With Suspected Alzheimer's Disease,PHASE1,INTERVENTIONAL,DRUG; DEVICE,18F-AV-1451; PET,70,2016-02,2025-02-28,COMPLETED,University of Chicago,70.0,1,2,3315.0,0,DRUG,2016.0,0,1,0,1.0
NCT02655614,"A Study of GDC-0134 to Determine Initial Safety, Tolerability, and Pharmacokinetic Parameters in Participants With Amyotrophic Lateral Sclerosis",Amyotrophic Lateral Sclerosis,PHASE1,INTERVENTIONAL,DRUG; DRUG; DRUG; DRUG; DRUG,GDC-0134; Placebo; Rabeprazole; Midazolam; Caffeine,54,2016-05-31,2020-03-16,COMPLETED,"Genentech, Inc.",54.0,1,5,1385.0,1,DRUG,2016.0,0,1,0,1.0
NCT02968433,The Stanford Parkinson's Disease Plasma Study,Parkinson Disease(PD),PHASE1,INTERVENTIONAL,DRUG,Infusions of young plasma,16,2016-11,2019-12,COMPLETED,Stanford University,16.0,1,1,1125.0,0,DRUG,2016.0,0,0,0,1.0
NCT02922452,A Study to Evaluate the Effect of Diltiazem on the Pharmacokinetics (PK) of BMS-986141 in Healthy Subjects,Ischemic Stroke,PHASE1,INTERVENTIONAL,DRUG; DRUG,BMS-986141; Dilitazem,16,2016-09,2016-11,COMPLETED,Bristol-Myers Squibb,16.0,1,2,61.0,0,DRUG,2016.0,0,1,0,1.0
NCT02812433,Sildenafil Administration to Treat Neonatal Encephalopathy,Neonatal Encephalopathy,PHASE1,INTERVENTIONAL,DRUG; DRUG,Sildenafil; Ora-Blend,28,2016-07,2019-01,COMPLETED,McGill University Health Centre/Research Institute of the McGill University Health Centre,28.0,1,2,914.0,0,DRUG,2016.0,0,1,0,1.0
NCT02903069,Study of Marizomib With Temozolomide and Radiotherapy in Patients With Newly Diagnosed Brain Cancer,Glioblastoma; Malignant Glioma,PHASE1,INTERVENTIONAL,DRUG; DRUG; RADIATION; DEVICE,MRZ; TMZ; RT; Optune,66,2016-08-17,2021-01-25,COMPLETED,Celgene,66.0,2,4,1622.0,0,DRUG,2016.0,1,1,0,1.0
NCT02742857,"Non-randomized, Open-labeled, Interventional, Single Group, Proof of Concept Study With Multi-modality Approach in Cases of Brain Death Due to Traumatic Brain Injury Having Diffuse Axonal Injury",Brain Death,PHASE1,INTERVENTIONAL,BIOLOGICAL; BIOLOGICAL; DEVICE; DEVICE,BQ-A Peptide Extract; Mesenchymal Stem Cells; Transcranial Laser Therapy; Median Nerve Stimulator,20,2016-07,2020-08,COMPLETED,Bioquark Inc.,20.0,1,4,1492.0,1,BIOLOGICAL,2016.0,0,1,0,1.0
NCT02942264,Zotiraciclib (TG02) Plus Dose-Dense or Metronomic Temozolomide Followed by Randomized Phase II Trial of Zotiraciclib (TG02) Plus Temozolomide Versus Temozolomide Alone in Adults With Recurrent Anaplastic Astrocytoma and Glioblastoma,Brain Tumor; Astrocytoma; Astroglioma; Glioblastoma; Gliosarcoma,PHASE1; PHASE2,INTERVENTIONAL,DRUG; DRUG,Zotiraciclib (TG02); Temozolomide (TMZ),53,2016-12-14,2020-08-26,COMPLETED,National Cancer Institute (NCI),53.0,5,2,1351.0,0,DRUG,2016.0,1,1,0,1.0
NCT02906956,Music and Adherence Home Programs Post Stroke,Stroke,EARLY_PHASE1,INTERVENTIONAL,BEHAVIORAL,Preferred music playlist,7,2016-09,2017-08,COMPLETED,Duquesne University,7.0,1,1,334.0,0,BEHAVIORAL,2016.0,0,0,0,1.0
NCT02600130,Lomecel-B Infusion Versus Placebo in Patients With Alzheimer's Disease,Alzheimer's Disease,PHASE1,INTERVENTIONAL,BIOLOGICAL; BIOLOGICAL,Longeveron Mesenchymal Stem Cells; Placebo,33,2016-10-10,2020-09,COMPLETED,Longeveron Inc.,33.0,1,2,1422.0,1,BIOLOGICAL,2016.0,0,1,0,1.0
NCT02769065,Study of TAK-071 in Healthy Participants and Participants With Mild Cognitive Impairment/Mild Alzheimer Disease and Relative Bioavailability (BA) and Food Effect of TAK-071 in Healthy Participants,Alzheimer Disease; Healthy Volunteers,PHASE1,INTERVENTIONAL,DRUG; DRUG; DRUG; DRUG,TAK-071; Donepezil; TAK-071 Placebo; Donepezil Placebo,179,2016-05-05,2017-06-08,TERMINATED,Takeda,179.0,2,4,399.0,0,DRUG,2016.0,1,1,1,0.0
NCT03038308,Treatment of Hyperprolactinemia With the Non-ergoline Dopamine Agonist Ropinirole,Hyperprolactinemia; Prolactinoma,PHASE1; PHASE2,INTERVENTIONAL,DRUG,Ropinirole,16,2016-09-16,2020-11-05,COMPLETED,Columbia University,16.0,2,1,1511.0,0,DRUG,2016.0,1,0,0,1.0
NCT02639221,"A Phase I, Double Blind, Placebo Controlled, First in Human, Single and Multiple Ascending Oral Dose, Safety, Tolerability and Pharmacokinetic Study in Healthy Male and Female Subjects",Parkinson's Disease,PHASE1,INTERVENTIONAL,DRUG,PXT002331,64,2016-01,2016-08,COMPLETED,Prexton Therapeutics,64.0,1,1,213.0,1,DRUG,2016.0,0,0,0,1.0
NCT02797015,Pharmacokinetics and Pharmacodynamics Study of RPC1063 in RMS,Multiple Sclerosis,PHASE1,INTERVENTIONAL,DRUG,RPC1063,22,2016-06-23,2017-10-20,COMPLETED,Celgene,22.0,1,1,484.0,0,DRUG,2016.0,0,0,0,1.0
NCT02981576,Safety and Effectiveness of BM-MSC vs AT-MSC in the Treatment of SCI Patients.,Spinal Cord Injuries,PHASE1; PHASE2,INTERVENTIONAL,BIOLOGICAL,Autologous Mesenchymal Stem Cells,14,2016-11,2018-05-05,COMPLETED,University of Jordan,14.0,1,1,550.0,0,BIOLOGICAL,2016.0,0,0,0,1.0
NCT02320786,Collaborative Power Mobility Innovative Learning OpporTunity (CoPILOT) - A Pilot Study of a New Training Approach (Phase 1),Power Wheelchair; Mild Cognitive Impairment; Spinal Cord Injuries,PHASE1,INTERVENTIONAL,BEHAVIORAL,CoPILOT,10,2016-10,2019-12,COMPLETED,University of British Columbia,10.0,3,1,1156.0,0,BEHAVIORAL,2016.0,1,0,0,1.0
NCT02648633,Stereotactic Radiosurgery With Nivolumab and Valproate in Patients With Recurrent Glioblastoma,Glioblastoma,PHASE1,INTERVENTIONAL,RADIATION; DRUG; DRUG,Stereotactic Radiosurgery; Nivolumab; Valproate,4,2016-05-24,2017-02-21,TERMINATED,University of Virginia,4.0,1,3,273.0,0,RADIATION,2016.0,0,1,0,0.0
NCT02618031,The Capillary Index Score Trial,Acute Stroke; Brain Ischemia; Ischemic Stroke,PHASE1,INTERVENTIONAL,PROCEDURE,Endovascular Treatment (EVT),57,2016-03-01,2018-08-31,COMPLETED,Firas Al-Ali,57.0,3,1,913.0,0,PROCEDURE,2016.0,1,0,0,1.0
NCT02537938,Neurogenetic Pharmaceuticals (NGP) 555 in Healthy Volunteers (14 Day Multiple Ascending Dose),Alzheimer's Disease,PHASE1,INTERVENTIONAL,DRUG,NGP 555,24,2016-01,2016-12,COMPLETED,NeuroGenetic Pharmaceuticals Inc,24.0,1,1,335.0,1,DRUG,2016.0,0,0,0,1.0
NCT02193347,IDH1 Peptide Vaccine for Recurrent Grade II Glioma,"Brain Cancer; Brain Neoplasm, Primary; Brain Neoplasms, Recurrent; Brain Tumor; Cancer of the Brain",PHASE1,INTERVENTIONAL,BIOLOGICAL; BIOLOGICAL; DRUG,PEPIDH1M vaccine; Tetanus-Diphtheria Toxoid (Td); Temozolomide,24,2016-01-28,2020-02-03,COMPLETED,"Katy Peters, MD, PhD",24.0,5,3,1467.0,0,BIOLOGICAL,2016.0,1,1,0,1.0
NCT02893826,Safety/Pharmacokinetic Study Comparing Intracisternal EG-1962 to Standard of Care Enteral Nimodipine in Adults With aSAH,"Subarachnoid Hemorrhage, Aneurysmal",PHASE1,INTERVENTIONAL,DRUG; DRUG,EG-1962 (nimodipine microparticles); Enteral Nimodipine,6,2016-09,2017-12,TERMINATED,Edge Therapeutics Inc,6.0,1,2,456.0,1,DRUG,2016.0,0,1,0,0.0
NCT02658916,Extension Study of BIIB092 in Participants With Progressive Supranuclear Palsy (PSP) Who Participated in CN002003,"Supranuclear Palsy, Progressive",PHASE1,INTERVENTIONAL,DRUG,BIIB092,47,2016-02-22,2020-03-31,TERMINATED,Biogen,47.0,1,1,1499.0,0,DRUG,2016.0,0,0,0,0.0
NCT02850146,18F-AV-1451 PET Imaging in Participants Enrolled in the LEARN Study,Cognition Disorders,PHASE1,INTERVENTIONAL,DRUG,18F-AV-1451,55,2016-08,2023-09-29,COMPLETED,University of Southern California,55.0,1,1,2615.0,0,DRUG,2016.0,0,0,0,1.0
NCT02628561,Transcranial Direct Current Stimulation Associate to Constraint Induced Movement Therapy Over Premotor Cortex in Severe Stroke,Stroke; Cerebrovascular Disorders; Cerebral Infarction,PHASE1; PHASE2,INTERVENTIONAL,DEVICE; BEHAVIORAL,Transcranial direct current stimulation; Constraint-Induced Movement Therapy,60,2016-01,2016-02,COMPLETED,Federal University of Paraíba,60.0,3,2,31.0,0,DEVICE,2016.0,1,1,0,1.0
NCT02705547,Rosuvastatin (Crestor) in Friedreich Ataxia,Friedreich Ataxia,EARLY_PHASE1,INTERVENTIONAL,DRUG,Rosuvastatin,12,2016-05,2017-08-04,COMPLETED,Children's Hospital of Philadelphia,12.0,1,1,460.0,0,DRUG,2016.0,0,0,0,1.0
NCT02717455,Trial of Panobinostat in Children With Diffuse Intrinsic Pontine Glioma,Glioma,PHASE1,INTERVENTIONAL,DRUG,LBH589,53,2016-06-28,2022-02-14,COMPLETED,Pediatric Brain Tumor Consortium,53.0,1,1,2057.0,0,DRUG,2016.0,0,0,0,1.0
NCT02974959,Vagus Nerve Stimulation to Treat Moderate Traumatic Brain Injury,Traumatic Brain Injury; Acute Brain Injuries,PHASE1,INTERVENTIONAL,DEVICE; DEVICE,gammaCore active device; gammaCore sham device,14,2016-10,2020-06,COMPLETED,CentraCare,14.0,2,2,1339.0,0,DEVICE,2016.0,1,1,0,1.0
NCT02350634,18F-AV-1451 High Resolution Autopsy Study,Alzheimer's Disease,PHASE1,INTERVENTIONAL,DRUG,Flortaucipir F18,3,2016-11-26,2017-06-16,COMPLETED,Avid Radiopharmaceuticals,3.0,1,1,202.0,1,DRUG,2016.0,0,0,0,1.0
NCT02601885,A Multiple Dose Study of ABT-555 in Subjects With Relapsing Forms of Multiple Sclerosis,Multiple Sclerosis,PHASE1,INTERVENTIONAL,DRUG; OTHER,ABT-555; Placebo,20,2016-10-18,2018-04-20,COMPLETED,AbbVie,20.0,1,2,549.0,0,DRUG,2016.0,0,1,0,1.0
NCT02981173,Psilocybin for the Treatment of Cluster Headache,Cluster Headache,PHASE1,INTERVENTIONAL,DRUG; DRUG; DRUG,0.143 mg/kg Psilocybin or 10 mg Psilocybin; 0.0143 mg/kg Psilocybin or 1 mg Psilocybin; Placebo,25,2016-12-05,2022-06-30,COMPLETED,Yale University,25.0,1,3,2033.0,0,DRUG,2016.0,0,1,0,1.0
NCT02835690,"Study of the Safety, Tolerability, Pharmacokinetics and Efficacy of Pembrolizumab (MK-3475) in Chinese Participants With Non-Small-Cell Lung Cancer (MK-3475-032/KEYNOTE-032)",Non-Small-Cell Lung Cancer,PHASE1,INTERVENTIONAL,BIOLOGICAL,Pembrolizumab,44,2016-08-04,2017-09-19,COMPLETED,Merck Sharp & Dohme LLC,44.0,1,1,411.0,1,BIOLOGICAL,2016.0,0,0,0,1.0
NCT02707458,Dosage and Efficacy of Probucol-induced apoE to Negate Cognitive Deterioration,Dementia of the Alzheimer Type; Age-related Cognitive Decline; Mild Cognitive Impairment Due to Alzheimer Disease,PHASE1; PHASE2,INTERVENTIONAL,DRUG,Probucol,23,2016-04,2017-03,COMPLETED,Douglas Mental Health University Institute,23.0,3,1,334.0,0,DRUG,2016.0,1,0,0,1.0
NCT02728947,"Pharmacokinetic Profile of Neupro Patch Administrated at 2 mg, 4 mg, 6 mg and 8 mg/Day Weekly in Patients With Early-stage Parkinson's Disease",Parkinson's Disease,PHASE1,INTERVENTIONAL,DRUG,ROTIGOTINE,28,2016-05,2016-08,COMPLETED,Luye Pharma Group Ltd.,28.0,1,1,92.0,1,DRUG,2016.0,0,0,0,1.0
NCT02768389,Feasibility Trial of the Modified Atkins Diet and Bevacizumab for Recurrent Glioblastoma,Glioblastoma; Brain Tumor,EARLY_PHASE1,INTERVENTIONAL,DRUG; BEHAVIORAL,Bevacizumab; Modified Atkins Diet,18,2016-09-06,2018-11,COMPLETED,Case Comprehensive Cancer Center,18.0,2,2,786.0,0,DRUG,2016.0,1,1,0,1.0
NCT02595489,A Pilot Study of Vitamin D in Boys With X-linked Adrenoleukodystrophy,X-linked Adrenoleukodystrophy,PHASE1,INTERVENTIONAL,DIETARY_SUPPLEMENT,vitamin D3,21,2016-11-21,2020-06-30,COMPLETED,Stanford University,21.0,1,1,1317.0,0,DIETARY_SUPPLEMENT,2016.0,0,0,0,1.0
NCT02983006,Study of DS-8273a With Nivolumab in Unresectable Stage III or Stage IV Melanoma,Melanoma,PHASE1,INTERVENTIONAL,BIOLOGICAL; BIOLOGICAL,DS-8273a; Nivolumab,12,2016-10,2019-12-23,COMPLETED,NYU Langone Health,12.0,1,2,1178.0,0,BIOLOGICAL,2016.0,0,1,0,1.0
NCT01922908,Mesenchymal Stromal Cells for Ischemic Stroke,Ischemic Stroke,PHASE1; PHASE2,INTERVENTIONAL,BIOLOGICAL; BIOLOGICAL,MSC Infusion; Placebo Comparator,0,2016-12,2018-12,WITHDRAWN,Sean Savitz,0.0,1,2,730.0,0,BIOLOGICAL,2016.0,0,1,0,0.0
NCT02874820,I2PETPG - Imidazoline2 Binding Sites in a Group of Participants Diagnosed With AD,Alzheimer Disease,EARLY_PHASE1,INTERVENTIONAL,RADIATION; DRUG,[11C]BU99008; Idazoxan,2,2016-07,2017-03,TERMINATED,Imperial College London,2.0,1,2,243.0,0,RADIATION,2016.0,0,1,0,0.0
NCT02820896,A Study of RO7105705 in Healthy Participants and Participants With Mild-to-Moderate Alzheimer's Disease,Alzheimer's Disease,PHASE1,INTERVENTIONAL,DRUG; DRUG,Placebo; RO7105705,74,2016-06-29,2017-06-26,COMPLETED,"Genentech, Inc.",74.0,1,2,362.0,1,DRUG,2016.0,0,1,0,1.0
NCT02760056,Thyroid Hormone for Remyelination in Multiple Sclerosis (MS): A Safety and Dose Finding Study,Multiple Sclerosis,PHASE1,INTERVENTIONAL,DRUG; DRUG,Liothyronine sodium; Placebo,15,2016-06-06,2017-01-10,COMPLETED,Oregon Health and Science University,15.0,1,2,218.0,0,DRUG,2016.0,0,1,0,1.0
NCT02735798,64-Cu Labeled Brain PET/MRI for MM-302 in Advanced HER2+ Cancers With Brain Mets,Brain Metastases; Documented Her2 Overexpression; Advanced Solid Tumor; Neurologically Stable,EARLY_PHASE1,INTERVENTIONAL,DRUG; DRUG,MM-302; Trastuzumab,0,2016-04,2017-06,WITHDRAWN,Pamela Munster,0.0,4,2,426.0,0,DRUG,2016.0,1,1,0,0.0
NCT02872857,Subarachnoid Hemorrhage Recovery And Galantamine,Subarachnoid Hemorrhage,PHASE1; PHASE2,INTERVENTIONAL,DRUG; DRUG; DRUG,Placebo; 8mg galantamine twice daily; 12mg galantamine twice daily,60,2016-09,2019-07-20,COMPLETED,"The University of Texas Health Science Center, Houston",60.0,1,3,1052.0,0,DRUG,2016.0,0,1,0,1.0
NCT03439982,Fecal Transplant for Hepatic Encephalopathy,Hepatic Encephalopathy,PHASE1; PHASE2,INTERVENTIONAL,BIOLOGICAL,FMT,3,2016-04-12,2019-08-07,COMPLETED,University of Alberta,3.0,1,1,1212.0,0,BIOLOGICAL,2016.0,0,0,0,1.0
NCT02488044,A Phase 1/2 Study of AEB1102 in Patients With Arginase I Deficiency,Arginase I Deficiency; Hyperargininemia,PHASE1; PHASE2,INTERVENTIONAL,DRUG,AEB1102,16,2016-06,2019-02,COMPLETED,Aeglea Biotherapeutics,16.0,2,1,975.0,1,DRUG,2016.0,1,0,0,1.0
NCT02709226,Dose Escalation Trial of Re-irradiation in Good Prognosis Recurrent Glioblastoma,"Astrocytoma, Grade IV; Giant Cell Glioblastoma; Glioblastoma Multiforme; Gliosarcoma",PHASE1,INTERVENTIONAL,RADIATION,Radiation,17,2016-06-15,2022-12-16,COMPLETED,National Cancer Institute (NCI),17.0,4,1,2375.0,0,RADIATION,2016.0,1,0,0,1.0
NCT02649608,"An Exploratory Study Investigating Safety, Tolerability and Pharmacokinetics of Ascending Doses of Lu AE04621 in Parkinson Disease Patients",Parkinson Disease,PHASE1,INTERVENTIONAL,DRUG; DRUG; DRUG; DRUG; DRUG; DRUG; DRUG; DRUG,0.04 mg Lu AE04621; 0.08 mg Lu AE04621; 0.2 mg Lu AE04621; 0.4 mg Lu AE04621; 0.6 mg Lu AE04621; 0.8 mg Lu AE04621; 1.0 mg Lu AE04621; 1.2 mg Lu AE04621,15,2016-01,2016-12,COMPLETED,H. Lundbeck A/S,15.0,1,8,335.0,0,DRUG,2016.0,0,1,0,1.0
NCT03117738,A Study to Evaluate the Safety and Efficacy of AstroStem in Treatment of Alzheimer's Disease,Alzheimer Disease,PHASE1; PHASE2,INTERVENTIONAL,DRUG; OTHER,AstroStem; Placebo-Control,21,2017-05-09,2019-06-26,COMPLETED,Nature Cell Co. Ltd.,21.0,1,2,778.0,1,DRUG,2017.0,0,1,0,1.0
NCT03179436,Study of Quavonlimab (MK-1308) in Combination With Pembrolizumab (MK-3475) in Advanced Solid Tumors (MK-1308-001),Advanced Solid Tumors,PHASE1; PHASE2,INTERVENTIONAL,BIOLOGICAL; BIOLOGICAL; DRUG,Quavonlimab; Pembrolizumab; Pembrolizumab/Quavonlimab,415,2017-07-02,2024-04-08,COMPLETED,Merck Sharp & Dohme LLC,415.0,1,3,2472.0,1,BIOLOGICAL,2017.0,0,1,1,1.0
NCT03179878,Safety and Tolerability of SYNB1020-CP-001,Healthy Volunteer; Urea Cycle Disorder,PHASE1,INTERVENTIONAL,DRUG; DRUG,Placebo; SYNB1020,52,2017-06-16,2017-11-02,COMPLETED,Synlogic,52.0,2,2,139.0,0,DRUG,2017.0,1,1,0,1.0
NCT02963376,A Phase Ib/II in Patients With Acute Ischemic Stroke,Ischemic Stroke,PHASE1,INTERVENTIONAL,DRUG; DRUG; DRUG; DRUG; DRUG; DRUG,0.05 mL/kg DDFPe; 0.05 mL/kg Placebo; 0.10 mL/kg DDFPe; 0.10 mL/kg Placebo; 0.17 mL/kg DDFPe; 0.17 mL/kg Placebo,24,2017-02-01,2018-07-09,COMPLETED,NuvOx LLC,24.0,1,6,523.0,1,DRUG,2017.0,0,1,0,1.0
NCT03330704,"Small-Volume, Patient-Specific, Balanced Hypertonic Fluid Protocol Validation","Cerebral Edema; Saline Solution, Hypertonic",EARLY_PHASE1,INTERVENTIONAL,DRUG; DRUG; DRUG,3% Sodium Chloride; 23.4% Sodium Chloride; 8.4% Sodium Bicarbonate,0,2017-11-28,2020-01-01,WITHDRAWN,Stanford University,0.0,2,3,764.0,0,DRUG,2017.0,1,1,0,0.0
NCT03355794,A Study of Ribociclib and Everolimus Following Radiation Therapy in Children With Newly Diagnosed Non-biopsied Diffuse Pontine Gliomas (DIPG) and RB+ Biopsied DIPG and High Grade Gliomas (HGG),Diffuse Intrinsic Pontine Glioma; Malignant Glioma of Brain; High Grade Glioma; Bithalamic High Grade Glioma; Brainstem Glioma; Glioblastoma; Anaplastic Astrocytoma,PHASE1,INTERVENTIONAL,DRUG; DRUG,ribociclib; Everolimus,19,2017-11-14,2020-07-31,COMPLETED,"Children's Hospital Medical Center, Cincinnati",19.0,7,2,990.0,1,DRUG,2017.0,1,1,0,1.0
NCT03019536,A Study of LY3303560 in Participants With Mild Cognitive Impairment or Alzheimer's Disease,Alzheimer Disease,PHASE1,INTERVENTIONAL,DRUG; DRUG; DRUG; DRUG,LY3303560 - IV; Placebo - IV; Florbetapir F 18; Flortaucipir F18,22,2017-01-31,2019-06-05,COMPLETED,Eli Lilly and Company,22.0,1,4,855.0,0,DRUG,2017.0,0,1,0,1.0
NCT04288934,Treatment of Spinal Cord Injuries With (AutoBM-MSCs)vs (WJ-MSCs).,Spinal Cord Injuries,PHASE1,INTERVENTIONAL,BIOLOGICAL; DIAGNOSTIC_TEST,Collection and expansion of BM-MSC; VI-SCI evaluation and patients' follow up,20,2017-08-15,2020-04-15,COMPLETED,University of Jordan,20.0,1,2,974.0,0,BIOLOGICAL,2017.0,0,1,0,1.0
NCT03346252,The Effect of Botulinum Toxin A on Headache Attributed to TMD,Secondary Headache Disorder,EARLY_PHASE1,INTERVENTIONAL,DRUG,Botulinum Toxin type A,20,2017-05-08,2021-03-15,COMPLETED,State University of New York at Buffalo,20.0,1,1,1407.0,0,DRUG,2017.0,0,0,0,1.0
NCT03211130,Using SystemCHANGE™ to Enhance Medication Adherence in Older Adult Stroke Survivors,"Stroke, Ischemic",EARLY_PHASE1,INTERVENTIONAL,BEHAVIORAL; BEHAVIORAL,SystemCHANGE™; Attention-Control,30,2017-11-28,2018-02-06,COMPLETED,"University of Missouri, Kansas City",30.0,1,2,70.0,0,BEHAVIORAL,2017.0,0,1,0,1.0
NCT02975882,"Nanoparticle Albumin-Bound Rapamycin, Temozolomide, and Irinotecan Hydrochloride in Treating Pediatric Patients With Recurrent or Refractory Solid Tumors",Childhood Solid Neoplasm; Recurrent Malignant Solid Neoplasm; Recurrent Primary Central Nervous System Neoplasm; Refractory Malignant Solid Neoplasm; Refractory Primary Central Nervous System Neoplasm,PHASE1,INTERVENTIONAL,DRUG; OTHER; OTHER; DRUG; DRUG,Irinotecan Hydrochloride; Laboratory Biomarker Analysis; Pharmacological Study; Sirolimus Albumin-bound Nanoparticles; Temozolomide,33,2017-08-15,2022-03-31,COMPLETED,Children's Oncology Group,33.0,5,5,1689.0,0,DRUG,2017.0,1,1,0,1.0
NCT03030105,Study to Evaluate the Effects of BPN14770 on Scopolamine-induced Cognitive Impairment in Healthy Volunteers,Alzheimer Disease,PHASE1,INTERVENTIONAL,DRUG; DRUG; DRUG; DRUG; DRUG; DRUG,BPN14770; BPN14770 placebo; Donepezil; Donepezil placebo; Scopolamine 0.6 MG/ML; Scopolamine placebo,38,2017-01,2017-05,COMPLETED,Tetra Discovery Partners,38.0,1,6,120.0,0,DRUG,2017.0,0,1,0,1.0
NCT03101579,Intrathecal Pemetrexed for Recurrent Leptomeningeal Metastases From Non-small Cell Lung Cancer,Leptomeningeal Metastases,PHASE1,INTERVENTIONAL,DRUG; DRUG; DRUG; DRUG,Pemetrexed; Dexamethasone; Folic Acid; Vitamin B12,13,2017-03-01,2018-09-15,COMPLETED,The First Hospital of Jilin University,13.0,1,4,563.0,0,DRUG,2017.0,0,1,0,1.0
NCT03093519,A Repeated Dose Study of KHK6640 in Japanese Patients With Alzheimer's Disease,Alzheimer Disease,PHASE1,INTERVENTIONAL,DRUG; DRUG,KHK6640; Placebo,21,2017-03-03,2017-12-06,COMPLETED,"Kyowa Kirin Co., Ltd.",21.0,1,2,278.0,1,DRUG,2017.0,0,1,0,1.0
NCT03056352,Metoclopramide for Post-Traumatic Headache. A Pilot Study,Post-Traumatic Headache,PHASE1; PHASE2,INTERVENTIONAL,DRUG; DRUG,Metoclopramide; Diphenhydramine,21,2017-03-01,2017-07-20,COMPLETED,Montefiore Medical Center,21.0,1,2,141.0,0,DRUG,2017.0,0,1,0,1.0
NCT03306888,Feasibility and Acceptability of Implementing a Clinic-based Physical Activity Coaching Intervention in People With Premanifest and Early Stage HD,Huntington's Disease,PHASE1; PHASE2,INTERVENTIONAL,OTHER,Physical Activity Coaching,14,2017-10-10,2019-04-01,COMPLETED,"Teachers College, Columbia University",14.0,1,1,538.0,0,OTHER,2017.0,0,0,0,1.0
NCT03186989,"Safety, Tolerability, Pharmacokinetics, and Pharmacodynamics of IONIS-MAPTRx in Patients With Mild Alzheimer's Disease",Mild Alzheimer's Disease,PHASE1,INTERVENTIONAL,DRUG; OTHER,IONIS MAPTRx; Placebo,46,2017-10-12,2022-05-12,COMPLETED,"Ionis Pharmaceuticals, Inc.",46.0,1,2,1673.0,1,DRUG,2017.0,0,1,0,1.0
NCT03138421,Central Pain Study for ABX-1431,Neuromyelitis Optica Spectrum Disorder; Transverse Myelitis; Multiple Sclerosis; Longitudinally Extensive Transverse Myelitis,PHASE1,INTERVENTIONAL,DRUG; DRUG,ABX-1431 HCl; Placebo,9,2017-08-01,2018-07-23,COMPLETED,Abide Therapeutics,9.0,4,2,356.0,1,DRUG,2017.0,1,1,0,1.0
NCT03051646,Aspirin as a Pre-Treatment for Exercise in Multiple Sclerosis,Fatigue; Overheating,EARLY_PHASE1,INTERVENTIONAL,DRUG; DRUG,"Acetylsalicylic acid at 1st visit, then Placebo at 2nd visit; Placebo at 1st visit, then Acetylsalicylic acid at 2nd visit",12,2017-01-13,2017-05-10,COMPLETED,Columbia University,12.0,2,2,117.0,0,DRUG,2017.0,1,1,0,1.0
NCT03065192,Safety and Efficacy Study of VY-AADC01 for Advanced Parkinson's Disease,Idiopathic Parkinson's Disease; Parkinson's Disease; Basal Ganglia Disease; Brain Diseases; Central Nervous System Diseases; Movement Disorders; Nervous System Diseases; Neurodegenerative Diseases; Parkinsonian Disorders,PHASE1,INTERVENTIONAL,DRUG,VY-AADC01,16,2017-05-11,2021-08-10,COMPLETED,Neurocrine Biosciences,16.0,9,1,1552.0,1,DRUG,2017.0,1,0,0,1.0
NCT02991144,Safety and Dose-Finding Study of DTX301 (scAAV8OTC) in Adults With Late-Onset Ornithine Transcarbamylase (OTC) Deficiency,Ornithine Transcarbamylase (OTC) Deficiency,PHASE1; PHASE2,INTERVENTIONAL,GENETIC; DRUG; DRUG,scAAV8OTC; Reactive Corticosteroid Taper Regimen; Prophylactic Corticosteroid Taper Regimen,16,2017-07-31,2021-12-16,COMPLETED,Ultragenyx Pharmaceutical Inc,16.0,1,3,1599.0,1,GENETIC,2017.0,0,1,0,1.0
NCT03204955,A Low ChloridE hyperTonic Solution for Brain Edema,Subarachnoid Hemorrhage; Acute Kidney Injury,PHASE1,INTERVENTIONAL,DRUG; DRUG; DRUG,Sodium chloride /sodium acetate (16.4%); Sodium chloride (23.4%); PlasmaLyte,59,2017-06-28,2018-09-30,COMPLETED,Emory University,59.0,2,3,459.0,0,DRUG,2017.0,1,1,0,1.0
NCT03263286,Home Therapy for Stroke Rehabilitation Using the HandSOME Exoskeleton,Stroke,PHASE1,INTERVENTIONAL,DEVICE,HandSOME,15,2017-04-15,2019-10-07,COMPLETED,The Catholic University of America,15.0,1,1,905.0,0,DEVICE,2017.0,0,0,0,1.0
NCT03341689,Psilocybin for the Treatment of Migraine Headache,Migraine Headache,PHASE1,INTERVENTIONAL,DRUG; DRUG; DRUG,High Dose Psilocybin; Low Dose Psilocybin; Placebo,14,2017-11-01,2021-04-30,COMPLETED,Yale University,14.0,1,3,1276.0,0,DRUG,2017.0,0,1,0,1.0
NCT03026231,Characterization of Fecal Microbiome Changes After Administration of PRIM-DJ2727 in Parkinson's Disease Patients,Parkinson's Disease,PHASE1; PHASE2,INTERVENTIONAL,BIOLOGICAL; DRUG,PRIM-DJ2727; Placebo (for PRIM-DJ2727),0,2017-07-15,2018-07-17,WITHDRAWN,"The University of Texas Health Science Center, Houston",0.0,1,2,367.0,0,BIOLOGICAL,2017.0,0,1,0,0.0
NCT03066635,Botulinum Toxin Type A Block of the Otic Ganglion in Chronic Cluster Headache: Safety Issues,Cluster Headache,PHASE1; PHASE2,INTERVENTIONAL,DRUG; DRUG,Botulinum Toxin Type A 25 IU; Botulinum Toxin Type A 12.5 IU,10,2017-04-18,2019-09-13,COMPLETED,Norwegian University of Science and Technology,10.0,1,2,878.0,0,DRUG,2017.0,0,1,0,1.0
NCT03056729,Single-Ascending-Dose Study of BIIB076 in Healthy Volunteers and Participants With Alzheimer's Disease,Alzheimer's Disease; Healthy Volunteer,PHASE1,INTERVENTIONAL,DRUG; DRUG,BIIB076; Placebo,46,2017-02-17,2020-03-03,COMPLETED,Biogen,46.0,2,2,1110.0,0,DRUG,2017.0,1,1,0,1.0
NCT02943850,CNS10-NPC-GDNF for the Treatment of ALS,Amyotrophic Lateral Sclerosis,PHASE1,INTERVENTIONAL,BIOLOGICAL; DEVICE,Stem cell (HPC) implantation; Stereotactic surgical device,18,2017-04-01,2019-10-18,COMPLETED,Cedars-Sinai Medical Center,18.0,1,2,930.0,0,BIOLOGICAL,2017.0,0,1,0,1.0
NCT02715505,Safety and Exploratory Efficacy of HSC835 in Patients With Inherited Metabolic Disorders (IMD),Inherited Metabolic Disorders IMD,PHASE1; PHASE2,INTERVENTIONAL,DRUG,Umbilical cord blood transplantation with HSC835,0,2017-10-10,2020-05-18,WITHDRAWN,Novartis Pharmaceuticals,0.0,1,1,951.0,1,DRUG,2017.0,0,0,0,0.0
NCT03371329,Mesenchymal Stem Cells Therapy in Patients With Recent Intracerebral Hemorrhage,Hemorrhagic Stroke; Intracerebral Hemorrhage,PHASE1,INTERVENTIONAL,BIOLOGICAL,MSC,9,2017-12-12,2020-10-09,COMPLETED,Mayo Clinic,9.0,2,1,1032.0,0,BIOLOGICAL,2017.0,1,0,0,1.0
NCT04264546,Safety and Immunogenicity of a Sabin Inactivated Poliovirus Vaccine (Phase Ib),Polio,PHASE1; PHASE2,INTERVENTIONAL,BIOLOGICAL,sIPV,60,2017-11-24,2018-03-09,COMPLETED,Jiangsu Province Centers for Disease Control and Prevention,60.0,1,1,105.0,1,BIOLOGICAL,2017.0,0,0,0,1.0
NCT03204929,Dose Escalation Study of Cu(II)ATSM in Parkinson's Disease,Parkinson Disease,PHASE1,INTERVENTIONAL,DRUG,Cu(II)ATSM,31,2017-08-14,2019-11-30,COMPLETED,Collaborative Medicinal Development Pty Limited,31.0,1,1,838.0,0,DRUG,2017.0,0,0,0,1.0
NCT03885258,Melatonin Replacement Therapy in Pinealectomized Patients,Pineal Tumor,EARLY_PHASE1,INTERVENTIONAL,DRUG,Melatonin Replacement Therapy,5,2017-05-02,2018-11-30,COMPLETED,University of Sao Paulo,5.0,1,1,577.0,0,DRUG,2017.0,0,0,0,1.0
NCT03086616,CED With Irinotecan Liposome Injection Using Real Time Imaging in Children With Diffuse Intrinsic Pontine Glioma (DIPG) (PNOC 009),Diffuse Intrinsic Pontine Glioma,PHASE1,INTERVENTIONAL,DRUG,Convection Enhanced Delivery (CED) of Nanoliposomal irinotecan (nal-IRI),6,2017-10-31,2021-10-04,COMPLETED,"Sabine Mueller, MD, PhD",6.0,1,1,1434.0,0,DRUG,2017.0,0,0,0,1.0
NCT03277573,Salsalate in Patients Mild to Moderate Alzheimer's Disease,Alzheimer Disease,PHASE1,INTERVENTIONAL,DRUG; DRUG,Salsalate; Placebo,40,2017-07-21,2022-02-04,COMPLETED,Adam Boxer,40.0,1,2,1659.0,0,DRUG,2017.0,0,1,0,1.0
NCT03089918,A Study to Investigate the Regional Brain Kinetics of Brain Drug Transporters Using P-glycoprotein and Breast Cancer Resistance Protein Substrates and by Using the Positron Emission Tomography Ligand 11C-JNJ-63779586 in the Human Brain,Alzheimer Disease,PHASE1,INTERVENTIONAL,DRUG,11C-JNJ-63779586,11,2017-05-17,2018-08-24,COMPLETED,"Janssen Research & Development, LLC",11.0,1,1,464.0,1,DRUG,2017.0,0,0,0,1.0
