nct_id,brief_title,acronym,brief_summary,detailed_description,conditions,phase,study_type,enrollment,allocation,masking,intervention_model,overall_status,has_results,start_date,primary_completion_date,completion_date,trial_duration_months,minimum_age,maximum_age,sex,eligibility_criteria,intervention_names,intervention_types,intervention_count,arm_count,primary_outcome_count,secondary_outcome_count,sponsor_name,sponsor_class,location_count,text_features,is_randomized,is_blinded,is_industry_sponsored,success_probability,success_prediction,confidence,success_label
NCT00898807,Citalopram for Agitation in Alzheimer's Disease,,The purpose of this study is to evaluate the safety and efficacy of citalopram for agitation in Alzheimer's dementia.,,,PHASE3,INTERVENTIONAL,186.0,UNKNOWN,UNKNOWN,UNKNOWN,COMPLETED,True,2009-07,2013-09,,50.766666666666666,,,UNKNOWN,,,,0,0,0,0,,UNKNOWN,0,Citalopram for Agitation in Alzheimer's Disease The purpose of this study is to evaluate the safety and efficacy of citalopram for agitation in Alzheimer's dementia.,0,0,0,0.01275633,0,high,1
NCT00309725,A Cardiac Safety Study of Galantamine in the Treatment of Alzheimer's Disease.,,The objective of this trial was to investigate the effect of galantamine (an acetylcholinesterase inhibitor) on heart rate and PR interval (the time it takes for the heart's electrical impulse to get from the atria to the ventricles) during the administration of rapidly increasing doses and at the end of a 2-week treatment period with 32 mg per day in patients with Alzheimer's disease.,,,PHASE3,INTERVENTIONAL,139.0,UNKNOWN,UNKNOWN,UNKNOWN,COMPLETED,False,,,,37.08333333333333,,,UNKNOWN,,,,0,0,0,0,,UNKNOWN,0,A Cardiac Safety Study of Galantamine in the Treatment of Alzheimer's Disease. The objective of this trial was to investigate the effect of galantamine (an acetylcholinesterase inhibitor) on heart rate and PR interval (the time it takes for the heart's electrical impulse to get from the atria to the ventricles) during the administration of rapidly increasing doses and at the end of a 2-week treatment period with 32 mg per day in patients with Alzheimer's disease.,0,0,0,0.010863102,0,high,0
NCT00574132,Bapineuzumab in Patients With Mild to Moderate Alzheimer's Disease (ApoE4 Non-Carrier),,"This is a multicenter, double-blind, placebo controlled, randomized, outpatient multiple dose study in male and female patients ages 50 to less than 89 years with mild to moderate AD. Approximately 230 study sites in the US and Canada and up to 35 sites outside of North America will be involved. Patients will be randomized to receive either bapineuzumab or placebo. Each patient's participation will last approximately 1.5 years.

Bapineuzumab is a humanized monoclonal antibody, which binds to and clears beta amyloid peptide, and is designed to provide antibodies to beta amyloid directly to the patient.",,,PHASE3,INTERVENTIONAL,1331.0,UNKNOWN,UNKNOWN,UNKNOWN,COMPLETED,False,2007-12,2012-06,,54.8,,,UNKNOWN,,,,0,0,0,0,,UNKNOWN,0,"Bapineuzumab in Patients With Mild to Moderate Alzheimer's Disease (ApoE4 Non-Carrier) This is a multicenter, double-blind, placebo controlled, randomized, outpatient multiple dose study in male and female patients ages 50 to less than 89 years with mild to moderate AD. Approximately 230 study sites in the US and Canada and up to 35 sites outside of North America will be involved. Patients will be randomized to receive either bapineuzumab or placebo. Each patient's participation will last approximately 1.5 years.

Bapineuzumab is a humanized monoclonal antibody, which binds to and clears beta amyloid peptide, and is designed to provide antibodies to beta amyloid directly to the patient.",0,0,0,0.40746227,0,low,0
NCT00353665,Memantine for Disability in Amyotrophic Lateral Sclerosis (MEDALS),,"The purpose of this trial is to study the effect of Memantine (uncompetitive, moderate affinity, NMDA receptor antagonist that binds to the NMDA receptor channel, and regulates the calcium influx into the neurons), a drug used to treat Alzheimer´s disease, on the progression of Amyotrophic Lateral Sclerosis (ALS). Memantine is added to riluzole (the single drug approved to treat ALS).",,,PHASE2 | PHASE3,INTERVENTIONAL,63.0,UNKNOWN,UNKNOWN,UNKNOWN,COMPLETED,False,2005-07,2008-06,,35.53333333333333,,,UNKNOWN,,,,0,0,0,0,,UNKNOWN,0,"Memantine for Disability in Amyotrophic Lateral Sclerosis (MEDALS) The purpose of this trial is to study the effect of Memantine (uncompetitive, moderate affinity, NMDA receptor antagonist that binds to the NMDA receptor channel, and regulates the calcium influx into the neurons), a drug used to treat Alzheimer´s disease, on the progression of Amyotrophic Lateral Sclerosis (ALS). Memantine is added to riluzole (the single drug approved to treat ALS).",0,0,0,0.017159063,0,high,0
NCT00053599,Cholesterol Lowering Agent to Slow Progression (CLASP) of Alzheimer's Disease Study,,"CLASP is a research study to investigate the safety and effectiveness of simvastatin (a cholesterol lowering drug or statin) to slow the progression of Alzheimer's disease (AD). Statins are commonly used to treat high cholesterol levels, which increase the risk of heart disease and stroke.",,,PHASE3,INTERVENTIONAL,400.0,UNKNOWN,UNKNOWN,UNKNOWN,COMPLETED,False,2002-12,2007-10,,58.833333333333336,,,UNKNOWN,,,,0,0,0,0,,UNKNOWN,0,"Cholesterol Lowering Agent to Slow Progression (CLASP) of Alzheimer's Disease Study CLASP is a research study to investigate the safety and effectiveness of simvastatin (a cholesterol lowering drug or statin) to slow the progression of Alzheimer's disease (AD). Statins are commonly used to treat high cholesterol levels, which increase the risk of heart disease and stroke.",0,0,0,0.0276237,0,high,0
NCT00160147,Treatment of Elderly Subjects With Psychosis and Behavioral Disturbances Associated With Dementia of the Alzheimer's Type,,This is a 10-week study with bifeprunox and placebo in elderly subjects with psychosis and behavioral disturbances associated with dementia of the alzheimer's type.,,,PHASE3,INTERVENTIONAL,60.0,UNKNOWN,UNKNOWN,UNKNOWN,TERMINATED,False,2005-12,2008-01,,25.366666666666667,,,UNKNOWN,,,,0,0,0,0,,UNKNOWN,0,Treatment of Elderly Subjects With Psychosis and Behavioral Disturbances Associated With Dementia of the Alzheimer's Type This is a 10-week study with bifeprunox and placebo in elderly subjects with psychosis and behavioral disturbances associated with dementia of the alzheimer's type.,0,0,0,0.032782216,0,high,0
NCT01767909,The Study of Nasal Insulin in the Fight Against Forgetfulness (SNIFF),,"An urgent need exists to find effective treatments for Alzheimer's disease (AD) that can arrest or reverse the disease at its earliest stages. The emotional and financial burden of AD to patients, family members, and society is enormous, and is predicted to grow exponentially as the median population age increases. Current FDA-approved therapies are modestly effective at best. This study will examine a novel therapeutic approach using intranasal insulin (INI) that has shown promise in short-term clinical trials. If successful, information gained from the study has the potential to move INI forward rapidly as a therapy for AD. The study will also provide evidence for the mechanisms through which INI may produce benefits by examining key cerebral spinal fluid (CSF) biomarkers and hippocampal/entorhinal atrophy. These results will have considerable clinical and scientific significance, and provide therapeutically-relevant knowledge about insulin's effects on AD pathophysiology. Growing evidence has shown that insulin carries out multiple functions in the brain, and that insulin dysregulation may contribute to AD pathogenesis.

This study will examine the effects of intranasally-administered insulin on cognition, entorhinal cortex and hippocampal atrophy, and cerebrospinal fluid (CSF) biomarkers in amnestic mild cognitive impairment (aMCI) or mild AD. It is hypothesized that after 12 months of treatment with INI compared to placebo, subjects will improve performance on a global measure of cognition, on a memory composite and on daily function. In addition to the examination of CSF biomarkers and hippocampal and entorhinal atrophy, the study aims to examine whether baseline AD biomarker profile, gender, or Apolipoprotein epsilon 4 (APOE-ε4) allele carriage predict treatment response.

In this study, 240 people with aMCI or AD will be given either INI or placebo for 12 months, following an open-label period of 6 months where all participants will be given active drug. The study uses insulin as a therapeutic agent and intranasal administration focusing on nose to brain transport as a mode of delivery.",,,PHASE2 | PHASE3,INTERVENTIONAL,240.0,UNKNOWN,UNKNOWN,UNKNOWN,COMPLETED,True,2014-01-08,2018-12-11,,59.93333333333333,,,UNKNOWN,,,,0,0,0,0,,UNKNOWN,0,"The Study of Nasal Insulin in the Fight Against Forgetfulness (SNIFF) An urgent need exists to find effective treatments for Alzheimer's disease (AD) that can arrest or reverse the disease at its earliest stages. The emotional and financial burden of AD to patients, family members, and society is enormous, and is predicted to grow exponentially as the median population age increases. Current FDA-approved therapies are modestly effective at best. This study will examine a novel therapeutic approach using intranasal insulin (INI) that has shown promise in short-term clinical trials. If successful, information gained from the study has the potential to move INI forward rapidly as a therapy for AD. The study will also provide evidence for the mechanisms through which INI may produce benefits by examining key cerebral spinal fluid (CSF) biomarkers and hippocampal/entorhinal atrophy. These results will have considerable clinical and scientific significance, and provide therapeutically-relevant knowledge about insulin's effects on AD pathophysiology. Growing evidence has shown that insulin carries out multiple functions in the brain, and that insulin dysregulation may contribute to AD pathogenesis.

This study will examine the effects of intranasally-administered insulin on cognition, entorhinal cortex and hippocampal atrophy, and cerebrospinal fluid (CSF) biomarkers in amnestic mild cognitive impairment (aMCI) or mild AD. It is hypothesized that after 12 months of treatment with INI compared to placebo, subjects will improve performance on a global measure of cognition, on a memory composite and on daily function. In addition to the examination of CSF biomarkers and hippocampal and entorhinal atrophy, the study aims to examine whether baseline AD biomarker profile, gender, or Apolipoprotein epsilon 4 (APOE-ε4) allele carriage predict treatment response.

In this study, 240 people with aMCI or AD will be given either INI or placebo for 12 months, following an open-label period of 6 months where all participants will be given active drug. The study uses insulin as a therapeutic agent and intranasal administration focusing on nose to brain transport as a mode of delivery.",0,0,0,0.02561019,0,high,1
NCT00857649,Efficacy and Safety of Memantine in Moderate to Severe Alzheimer's Disease,,The primary objective of this study is to examine the efficacy of memantine on cognition and behavioural symptoms in outpatients with moderate to severe dementia of the Alzheimer's type.,,,PHASE3,INTERVENTIONAL,369.0,UNKNOWN,UNKNOWN,UNKNOWN,TERMINATED,True,2003-12,2010-04,,77.1,,,UNKNOWN,,,,0,0,0,0,,UNKNOWN,0,Efficacy and Safety of Memantine in Moderate to Severe Alzheimer's Disease The primary objective of this study is to examine the efficacy of memantine on cognition and behavioural symptoms in outpatients with moderate to severe dementia of the Alzheimer's type.,0,0,0,0.047191862,0,high,0
NCT01626378,Safety and Efficacy Study Evaluating TRx0237 in Subjects With Behavioral Variant Frontotemporal Dementia (bvFTD),,The purpose of this study is to demonstrate the safety and efficacy of TRx0237 in the treatment of patients with behavioral variant frontotemporal dementia (bvFTD).,,,PHASE3,INTERVENTIONAL,220.0,UNKNOWN,UNKNOWN,UNKNOWN,COMPLETED,False,2013-05,2016-02,,33.53333333333333,,,UNKNOWN,,,,0,0,0,0,,UNKNOWN,0,Safety and Efficacy Study Evaluating TRx0237 in Subjects With Behavioral Variant Frontotemporal Dementia (bvFTD) The purpose of this study is to demonstrate the safety and efficacy of TRx0237 in the treatment of patients with behavioral variant frontotemporal dementia (bvFTD).,0,0,0,0.0066645797,0,high,0
NCT00857233,Safety and Tolerability of Memantine in Moderate to Severe Alzheimer's Disease,,The primary objective of the study was to examine the safety and tolerability of memantine in outpatients with moderate to severe Alzheimer's Disease.,,,PHASE3,INTERVENTIONAL,297.0,UNKNOWN,UNKNOWN,UNKNOWN,TERMINATED,True,2004-06,2010-07,,74.03333333333333,,,UNKNOWN,,,,0,0,0,0,,UNKNOWN,0,Safety and Tolerability of Memantine in Moderate to Severe Alzheimer's Disease The primary objective of the study was to examine the safety and tolerability of memantine in outpatients with moderate to severe Alzheimer's Disease.,0,0,0,0.017393813,0,high,0
NCT01451749,Efficacy and Safety Study of Shenwu Capsule,,"The purpose of this phase III study is to further evaluate the effects of shenwu capsule, a traditional Chinese herbal medicine, on cognition, function and memory in patients with amnestic mild cognitive impairment (MCI) who are at greater risk for developing Alzheimer's disease, in a 6-month supervised protocol of a traditional Chinese herbal medicine. The results of this study may provide support for a relatively simple and inexpensive treatment strategy with herbal therapy that specifically targets individuals with the mild cognitive impairment that directly influence risk of developing dementia for older adults.",,,PHASE3,INTERVENTIONAL,324.0,UNKNOWN,UNKNOWN,UNKNOWN,COMPLETED,True,2008-09,2009-05,,8.066666666666666,,,UNKNOWN,,,,0,0,0,0,,UNKNOWN,0,"Efficacy and Safety Study of Shenwu Capsule The purpose of this phase III study is to further evaluate the effects of shenwu capsule, a traditional Chinese herbal medicine, on cognition, function and memory in patients with amnestic mild cognitive impairment (MCI) who are at greater risk for developing Alzheimer's disease, in a 6-month supervised protocol of a traditional Chinese herbal medicine. The results of this study may provide support for a relatively simple and inexpensive treatment strategy with herbal therapy that specifically targets individuals with the mild cognitive impairment that directly influence risk of developing dementia for older adults.",0,0,0,0.04516177,0,high,1
NCT00007189,Alzheimer's Disease Anti-Inflammatory Prevention Trial (ADAPT),,The purpose of this trial is to test the ability of the non-steroidal anti-inflammatory medications naproxen and celecoxib to delay or prevent the onset of AD and age-related cognitive decline.,,,PHASE3,INTERVENTIONAL,2625.0,UNKNOWN,UNKNOWN,UNKNOWN,COMPLETED,False,2001-01,2007-05,,77.03333333333333,,,UNKNOWN,,,,0,0,0,0,,UNKNOWN,0,Alzheimer's Disease Anti-Inflammatory Prevention Trial (ADAPT) The purpose of this trial is to test the ability of the non-steroidal anti-inflammatory medications naproxen and celecoxib to delay or prevent the onset of AD and age-related cognitive decline.,0,0,0,0.076520965,0,high,0
NCT02079246,Long-term Safety and Tolerability of Idalopirdine (Lu AE58054) as Adjunctive Treatment to Donepezil in Patients With Mild-moderate Alzheimer's Disease,,To evaluate the long-term safety and tolerability of idalopirdine (Lu AE58054) as adjunctive therapy to donepezil in patients with mild-moderate Alzheimer's Disease (AD).,,,PHASE3,INTERVENTIONAL,1463.0,UNKNOWN,UNKNOWN,UNKNOWN,COMPLETED,True,2014-04-07,2017-07-06,,39.53333333333333,,,UNKNOWN,,,,0,0,0,0,,UNKNOWN,0,Long-term Safety and Tolerability of Idalopirdine (Lu AE58054) as Adjunctive Treatment to Donepezil in Patients With Mild-moderate Alzheimer's Disease To evaluate the long-term safety and tolerability of idalopirdine (Lu AE58054) as adjunctive therapy to donepezil in patients with mild-moderate Alzheimer's Disease (AD).,0,0,0,0.96877384,1,high,1
NCT00478205,Comparison of 23 mg Donepezil Sustained Release (SR) to 10 mg Donepezil Immediate Release (IR) in Patients With Moderate to Severe Alzheimer's Disease,,The purpose of this study is to compare 23 mg donepezil sustained release (SR) to the currently marketed formulation of 10 mg donepezil immediate release (IR) in patients with moderate to severe Alzheimer's disease.,,,PHASE3,INTERVENTIONAL,1467.0,UNKNOWN,UNKNOWN,UNKNOWN,COMPLETED,True,2007-06,2009-06,,24.366666666666667,,,UNKNOWN,,,,0,0,0,0,,UNKNOWN,0,Comparison of 23 mg Donepezil Sustained Release (SR) to 10 mg Donepezil Immediate Release (IR) in Patients With Moderate to Severe Alzheimer's Disease The purpose of this study is to compare 23 mg donepezil sustained release (SR) to the currently marketed formulation of 10 mg donepezil immediate release (IR) in patients with moderate to severe Alzheimer's disease.,0,0,0,0.95354307,1,high,1
NCT01582854,Efficacy and Safety of Actovegin in Post-stroke Cognitive Impairment (PSCI),,"The aim of this trial is to provide evidence that Actovegin has a symptomatic effect in subjects with post stroke cognitive impairment (PSCI) during a six month treatment period compared to subjects administered placebo. Subjects received IV infusions whilst in hospital, and tablets once discharged. Subjects were followed up for a further six months after their treatment had been stopped to explore if the cognitive symptoms of the subjects treated with Actovegin showed sustained improvement. The trial also explored the possible prevention of dementia with Actovegin in patients who had suffered a recent ischaemic stroke, as well as the effect of Actovegin on other stroke outcomes. Safety information on Actovegin was collected.",,,PHASE3,INTERVENTIONAL,503.0,UNKNOWN,UNKNOWN,UNKNOWN,COMPLETED,True,2012-06,2014-11,,29.433333333333334,,,UNKNOWN,,,,0,0,0,0,,UNKNOWN,0,"Efficacy and Safety of Actovegin in Post-stroke Cognitive Impairment (PSCI) The aim of this trial is to provide evidence that Actovegin has a symptomatic effect in subjects with post stroke cognitive impairment (PSCI) during a six month treatment period compared to subjects administered placebo. Subjects received IV infusions whilst in hospital, and tablets once discharged. Subjects were followed up for a further six months after their treatment had been stopped to explore if the cognitive symptoms of the subjects treated with Actovegin showed sustained improvement. The trial also explored the possible prevention of dementia with Actovegin in patients who had suffered a recent ischaemic stroke, as well as the effect of Actovegin on other stroke outcomes. Safety information on Actovegin was collected.",0,0,0,0.025636863,0,high,1
NCT01028053,Assess the Prognostic Usefulness of Flutemetamol (18F) Injection for Identifying Subjects With Amnestic Mild Cognitive Impairment Who Will Convert to Clinically Probable Alzheimer's Disease,,This study will investigate the efficacy of the Flutemetamol (18F) Injection PET tracer in identifying abnormal (18F) flutemetamol uptake patterns which predict the conversion from aMCI to a b-amyloid associated clinically probable Alzheimer's disease.,,,PHASE3,INTERVENTIONAL,365.0,UNKNOWN,UNKNOWN,UNKNOWN,COMPLETED,True,2009-12,2014-01,,49.733333333333334,,,UNKNOWN,,,,0,0,0,0,,UNKNOWN,0,Assess the Prognostic Usefulness of Flutemetamol (18F) Injection for Identifying Subjects With Amnestic Mild Cognitive Impairment Who Will Convert to Clinically Probable Alzheimer's Disease This study will investigate the efficacy of the Flutemetamol (18F) Injection PET tracer in identifying abnormal (18F) flutemetamol uptake patterns which predict the conversion from aMCI to a b-amyloid associated clinically probable Alzheimer's disease.,0,0,0,0.96823233,1,high,1
NCT02913664,Risk Reduction for Alzheimer's Disease,,"Physical inactivity, high blood pressure and dyslipidemia are risk factors for Alzheimer's disease (AD) and vascular dementia. Importantly, these risk factors are modifiable with lifestyle changes, pharmacological treatment, or both. The rrAD study will determine effects of aerobic exercise training and intensive vascular risk reduction on cognitive performance in older adults who have high risk for AD.",,,PHASE2 | PHASE3,INTERVENTIONAL,513.0,UNKNOWN,UNKNOWN,UNKNOWN,COMPLETED,False,2017-02-02,2021-11-30,,58.733333333333334,,,UNKNOWN,,,,0,0,0,0,,UNKNOWN,0,"Risk Reduction for Alzheimer's Disease Physical inactivity, high blood pressure and dyslipidemia are risk factors for Alzheimer's disease (AD) and vascular dementia. Importantly, these risk factors are modifiable with lifestyle changes, pharmacological treatment, or both. The rrAD study will determine effects of aerobic exercise training and intensive vascular risk reduction on cognitive performance in older adults who have high risk for AD.",0,0,0,0.082927905,0,high,0
NCT03446001,Safety and Efficacy of TRx0237 in Subjects With Alzheimer's Disease Followed by Open-Label Treatment,,"The purpose of this study is to determine the safety and efficacy of TRx0237 16 mg/day and 8 mg/day in the treatment of subjects with Alzheimer's Disease compared to placebo. In addition, an open-label, delayed-start phase is included to demonstrate a disease-modifying effect of TRx0237.",,,PHASE3,INTERVENTIONAL,598.0,UNKNOWN,UNKNOWN,UNKNOWN,COMPLETED,True,2017-12-01,2022-03-31,,52.7,,,UNKNOWN,,,,0,0,0,0,,UNKNOWN,0,"Safety and Efficacy of TRx0237 in Subjects With Alzheimer's Disease Followed by Open-Label Treatment The purpose of this study is to determine the safety and efficacy of TRx0237 16 mg/day and 8 mg/day in the treatment of subjects with Alzheimer's Disease compared to placebo. In addition, an open-label, delayed-start phase is included to demonstrate a disease-modifying effect of TRx0237.",0,0,0,0.9664944,1,high,1
NCT01953601,Efficacy and Safety Trial of Verubecestat (MK-8931) in Participants With Prodromal Alzheimer's Disease (MK-8931-019),,"This study consists of two parts, Part 1 and Part 2. Part 1 assesses the efficacy and safety of verubecestat (MK-8931) compared with placebo administered for 104 weeks in the treatment of amnestic mild cognitive impairment (aMCI) due to Alzheimer's Disease (AD), also known as prodromal AD. Participants are randomized to receive placebo, or 12 mg or 40 mg verubecestat, once daily. The primary study hypothesis for Part 1 is that ≥1 verubecestat dose is superior to placebo with respect to the change from baseline in the Clinical Dementia Rating scale-Sum of Boxes (CDR-SB) score at 104 weeks. Participants completing Part 1 may choose to participate in Part 2, which is a long term double-blind extension to assess efficacy and safety of verubecestat administered for up to an additional 260 weeks. In Part 2, all participants receive either 12 mg or 40 mg verubecestat, once daily.",,,PHASE3,INTERVENTIONAL,1454.0,UNKNOWN,UNKNOWN,UNKNOWN,TERMINATED,True,2013-11-05,2018-04-17,,54.13333333333333,,,UNKNOWN,,,,0,0,0,0,,UNKNOWN,0,"Efficacy and Safety Trial of Verubecestat (MK-8931) in Participants With Prodromal Alzheimer's Disease (MK-8931-019) This study consists of two parts, Part 1 and Part 2. Part 1 assesses the efficacy and safety of verubecestat (MK-8931) compared with placebo administered for 104 weeks in the treatment of amnestic mild cognitive impairment (aMCI) due to Alzheimer's Disease (AD), also known as prodromal AD. Participants are randomized to receive placebo, or 12 mg or 40 mg verubecestat, once daily. The primary study hypothesis for Part 1 is that ≥1 verubecestat dose is superior to placebo with respect to the change from baseline in the Clinical Dementia Rating scale-Sum of Boxes (CDR-SB) score at 104 weeks. Participants completing Part 1 may choose to participate in Part 2, which is a long term double-blind extension to assess efficacy and safety of verubecestat administered for up to an additional 260 weeks. In Part 2, all participants receive either 12 mg or 40 mg verubecestat, once daily.",0,0,0,0.012980225,0,high,0
NCT03901092,A Reader Study to Assess Accuracy and Reliability of Flortaucipir F 18 Positron Emission Tomography (PET) Scan Interpretation,,This study will evaluate the performance of physician readers trained to read flortaucipir-PET (positron emission tomography) scans.,,,PHASE3,INTERVENTIONAL,242.0,UNKNOWN,UNKNOWN,UNKNOWN,COMPLETED,True,2019-03-26,2019-04-26,,1.0333333333333334,,,UNKNOWN,,,,0,0,0,0,,UNKNOWN,0,A Reader Study to Assess Accuracy and Reliability of Flortaucipir F 18 Positron Emission Tomography (PET) Scan Interpretation This study will evaluate the performance of physician readers trained to read flortaucipir-PET (positron emission tomography) scans.,0,0,0,0.96464866,1,high,1
NCT01299766,Preventing Cognitive Decline in African Americans With Mild Cognitive Impairment,,"The goal of this study is to determine whether increasing participation in cognitive, physical, and/or social activities prevents cognitive decline in older African Americans (AAs) with Mild Cognitive Impairment (MCI). Patients with MCI are at increased risk for Alzheimer's Disease (AD); we propose that increasing participation in activities will prevent cognitive decline and may delay the onset of Alzheimer's Disease (AD). We will test this hypothesis by conducting a clinical trial in which older AAs with MCI (aged 65 years and older) will be randomized to Behavior Activation (BA) (a behavioral intervention that increases participation in daily activities) or Supportive Therapy (ST) (a person-centered psychotherapy that involves active listening and offering support focusing on participants' problems and concerns). We hypothesize that BA-treated subjects will have fewer declines in cognitive and functional abilities, fewer depressive and neuropsychiatric symptoms, and better quality of life than ST-treated subjects at 24 months.",,,PHASE3,INTERVENTIONAL,221.0,UNKNOWN,UNKNOWN,UNKNOWN,COMPLETED,True,2011-06-21,2016-12-13,,66.73333333333333,,,UNKNOWN,,,,0,0,0,0,,UNKNOWN,0,"Preventing Cognitive Decline in African Americans With Mild Cognitive Impairment The goal of this study is to determine whether increasing participation in cognitive, physical, and/or social activities prevents cognitive decline in older African Americans (AAs) with Mild Cognitive Impairment (MCI). Patients with MCI are at increased risk for Alzheimer's Disease (AD); we propose that increasing participation in activities will prevent cognitive decline and may delay the onset of Alzheimer's Disease (AD). We will test this hypothesis by conducting a clinical trial in which older AAs with MCI (aged 65 years and older) will be randomized to Behavior Activation (BA) (a behavioral intervention that increases participation in daily activities) or Supportive Therapy (ST) (a person-centered psychotherapy that involves active listening and offering support focusing on participants' problems and concerns). We hypothesize that BA-treated subjects will have fewer declines in cognitive and functional abilities, fewer depressive and neuropsychiatric symptoms, and better quality of life than ST-treated subjects at 24 months.",0,0,0,0.9892924,1,high,1
NCT01955161,Study of Idalopirdine in Patients With Mild - Moderate Alzheimer's Disease Treated With Donepezil,,To establish efficacy of idalopirdine as adjunctive therapy to donepezil for symptomatic treatment of patients with mild-to-moderate Alzheimer's disease (AD).,,,PHASE3,INTERVENTIONAL,933.0,UNKNOWN,UNKNOWN,UNKNOWN,COMPLETED,True,2013-10,2016-07,,33.46666666666667,,,UNKNOWN,,,,0,0,0,0,,UNKNOWN,0,Study of Idalopirdine in Patients With Mild - Moderate Alzheimer's Disease Treated With Donepezil To establish efficacy of idalopirdine as adjunctive therapy to donepezil for symptomatic treatment of patients with mild-to-moderate Alzheimer's disease (AD).,0,0,0,0.96442544,1,high,1
NCT00818662,A Phase 3 Study Evaluating Safety and Effectiveness of Immune Globulin Intravenous (IGIV 10%) for the Treatment of Mild-to-Moderate Alzheimer´s Disease,,"The purpose of this study was to evaluate the efficacy and safety of 2 doses of Immune Globulin Intravenous (IGIV), 10% administered every 2 weeks as an intravenous (IV) infusion compared with placebo in participants with mild to moderate Alzheimer's disease (AD).",,,PHASE3,INTERVENTIONAL,390.0,UNKNOWN,UNKNOWN,UNKNOWN,COMPLETED,True,2008-12-19,2012-12-10,,48.4,,,UNKNOWN,,,,0,0,0,0,,UNKNOWN,0,"A Phase 3 Study Evaluating Safety and Effectiveness of Immune Globulin Intravenous (IGIV 10%) for the Treatment of Mild-to-Moderate Alzheimer´s Disease The purpose of this study was to evaluate the efficacy and safety of 2 doses of Immune Globulin Intravenous (IGIV), 10% administered every 2 weeks as an intravenous (IV) infusion compared with placebo in participants with mild to moderate Alzheimer's disease (AD).",0,0,0,0.9799303,1,high,1
NCT00762411,"Effects of LY450139, on the Progression of Alzheimer's Disease as Compared With Placebo",,"Alzheimer's disease (AD) is a fatal degenerative disease of the brain for which there is no cure. AD causes brain cells to die. AD is thought to be caused by an excess of beta amyloid (β-amyloid), a sticky protein in the brain that forms amyloid plaques. At autopsy, AD patients are required to have these amyloid plaques in the brain in order to have a definitive diagnosis of AD. Inhibiting the enzyme gamma-secretase (γ-secretase) lowers the production of β-amyloid. Semagacestat (LY450139) is a functional γ-secretase inhibitor and was shown to lower β-amyloid in blood and spinal fluid in humans tested thus far and in blood, spinal fluid and brain in animals tested thus far. This study used several different tests to measure the effect of semagacestat on both β-amyloid and amyloid plaques for some patients. The buildup of amyloid plaques was measured by a brain scan that takes a picture of amyloid plaques in the brain. Other tests measured the overall function of the brain and brain size in some patients. In this trial, patients who initially received placebo (inactive sugar pill) were, at a certain point in the study, switched over to active drug, semagacestat. In other words, all patients could eventually receive active drug. Each patient's participation could last approximately 2 years. Patients taking approved AD medications were permitted to participate in this study and continue taking these medications during the study. All patients who completed this study had the option to continue receiving semagacestat by participating in an open label study.

Preliminary results from this study (LFBC) (and another similar study LFAN \[NCT00594568\]) showed semagacestat did not slow disease progression and was associated with worsening of clinical measures of cognition and the ability to perform activities of daily living. Study drug was stopped in all studies. LFBC, LFAN and open label LFBF (NCT01035138) have been amended to continue collecting safety data, including cognitive scores, for at least seven months. The CT-Registry will reflect results of analyses from the original protocol in addition to those from the amended protocol.",,,PHASE3,INTERVENTIONAL,1111.0,UNKNOWN,UNKNOWN,UNKNOWN,COMPLETED,True,2008-09,2011-04,,31.4,,,UNKNOWN,,,,0,0,0,0,,UNKNOWN,0,"Effects of LY450139, on the Progression of Alzheimer's Disease as Compared With Placebo Alzheimer's disease (AD) is a fatal degenerative disease of the brain for which there is no cure. AD causes brain cells to die. AD is thought to be caused by an excess of beta amyloid (β-amyloid), a sticky protein in the brain that forms amyloid plaques. At autopsy, AD patients are required to have these amyloid plaques in the brain in order to have a definitive diagnosis of AD. Inhibiting the enzyme gamma-secretase (γ-secretase) lowers the production of β-amyloid. Semagacestat (LY450139) is a functional γ-secretase inhibitor and was shown to lower β-amyloid in blood and spinal fluid in humans tested thus far and in blood, spinal fluid and brain in animals tested thus far. This study used several different tests to measure the effect of semagacestat on both β-amyloid and amyloid plaques for some patients. The buildup of amyloid plaques was measured by a brain scan that takes a picture of amyloid plaques in the brain. Other tests measured the overall function of the brain and brain size in some patients. In this trial, patients who initially received placebo (inactive sugar pill) were, at a certain point in the study, switched over to active drug, semagacestat. In other words, all patients could eventually receive active drug. Each patient's participation could last approximately 2 years. Patients taking approved AD medications were permitted to participate in this study and continue taking these medications during the study. All patients who completed this study had the option to continue receiving semagacestat by participating in an open label study.

Preliminary results from this study (LFBC) (and another similar study LFAN \[NCT00594568\]) showed semagacestat did not slow disease progression and was associated with worsening of clinical measures of cognition and the ability to perform activities of daily living. Study drug was stopped in all studies. LFBC, LFAN and open label LFBF (NCT01035138) have been amended to continue collecting safety data, including cognitive scores, for at least seven months. The CT-Registry will reflect results of analyses from the original protocol in addition to those from the amended protocol.",0,0,0,0.9763554,1,high,1
NCT00086138,Depression in Alzheimer's Disease-2,,The purpose of this study is to learn whether treating individuals with Alzheimer's disease and depression with the anti-depressant medication sertraline (Zoloft) is helpful to people with Alzheimer's disease and to their families and caregivers.,,,PHASE2 | PHASE3,INTERVENTIONAL,131.0,UNKNOWN,UNKNOWN,UNKNOWN,COMPLETED,True,2004-07,2008-07,,48.7,,,UNKNOWN,,,,0,0,0,0,,UNKNOWN,0,Depression in Alzheimer's Disease-2 The purpose of this study is to learn whether treating individuals with Alzheimer's disease and depression with the anti-depressant medication sertraline (Zoloft) is helpful to people with Alzheimer's disease and to their families and caregivers.,0,0,0,0.9539039,1,high,1
NCT05310071,A Study to Verify the Clinical Benefit of Aducanumab in Participants With Early Alzheimer's Disease,,The primary objective of this study is to verify the clinical benefit of monthly doses of aducanumab in slowing cognitive and functional impairment as measured by changes in the Clinical Dementia Rating Scale Sum of Boxes (CDR-SB) score as compared with placebo in participants with early Alzheimer's disease.,,,PHASE3,INTERVENTIONAL,1027.0,UNKNOWN,UNKNOWN,UNKNOWN,TERMINATED,True,2022-06-02,2024-08-12,,26.733333333333334,,,UNKNOWN,,,,0,0,0,0,,UNKNOWN,0,A Study to Verify the Clinical Benefit of Aducanumab in Participants With Early Alzheimer's Disease The primary objective of this study is to verify the clinical benefit of monthly doses of aducanumab in slowing cognitive and functional impairment as measured by changes in the Clinical Dementia Rating Scale Sum of Boxes (CDR-SB) score as compared with placebo in participants with early Alzheimer's disease.,0,0,0,0.010465307,0,high,0
NCT01152216,An Extension of the CONCERT Protocol (DIM18),,An open-label extension study of the CONCERT (DIM18) protocol evaluating the safety of dimebon (latrepirdine) in subjects with With Mild-to-Moderate Alzheimer's Disease on Donepezil.,,,PHASE3,INTERVENTIONAL,672.0,UNKNOWN,UNKNOWN,UNKNOWN,TERMINATED,False,2010-04,2012-05,,25.366666666666667,,,UNKNOWN,,,,0,0,0,0,,UNKNOWN,0,An Extension of the CONCERT Protocol (DIM18) An open-label extension study of the CONCERT (DIM18) protocol evaluating the safety of dimebon (latrepirdine) in subjects with With Mild-to-Moderate Alzheimer's Disease on Donepezil.,0,0,0,0.023907986,0,high,0
NCT02442765,"Efficacy, Safety and Tolerability of AVP-786 for the Treatment of Agitation in Patients With Dementia of the Alzheimer's Type",,"Participants with agitation secondary to dementia of the Alzheimer's type. The diagnosis of probable Alzheimer's disease (AD) was to be based on the ""2011 Diagnostic Guidelines for Alzheimer's Disease"" issued by the National Institute on Aging (NIA)-Alzheimer's Association (AA) workgroups.",,,PHASE3,INTERVENTIONAL,387.0,UNKNOWN,UNKNOWN,UNKNOWN,COMPLETED,True,2015-07-23,2019-01-30,,42.9,,,UNKNOWN,,,,0,0,0,0,,UNKNOWN,0,"Efficacy, Safety and Tolerability of AVP-786 for the Treatment of Agitation in Patients With Dementia of the Alzheimer's Type Participants with agitation secondary to dementia of the Alzheimer's type. The diagnosis of probable Alzheimer's disease (AD) was to be based on the ""2011 Diagnostic Guidelines for Alzheimer's Disease"" issued by the National Institute on Aging (NIA)-Alzheimer's Association (AA) workgroups.",0,0,0,0.98587126,1,high,1
NCT04314934,OLE of Phase 2b/3 Study ANAVEX2-73-AD-004,,This is a Phase 2b/3 open-label extension study to evaluate the effects of ANAVEX2-73 on safety and effficacy of daily treatment.,,,PHASE2 | PHASE3,INTERVENTIONAL,300.0,UNKNOWN,UNKNOWN,UNKNOWN,COMPLETED,False,2019-10-10,2024-06-14,,56.96666666666667,,,UNKNOWN,,,,0,0,0,0,,UNKNOWN,0,OLE of Phase 2b/3 Study ANAVEX2-73-AD-004 This is a Phase 2b/3 open-label extension study to evaluate the effects of ANAVEX2-73 on safety and effficacy of daily treatment.,0,0,0,0.0708133,0,high,0
NCT01224106,A Study of Gantenerumab in Participants With Prodromal Alzheimer's Disease,,"This multi-center, randomized, double-blind, placebo-controlled parallel-group study will evaluate the effect of gantenerumab (RO4909832) on cognition and functioning and the safety and pharmacokinetics in participants with prodromal Alzheimer's Disease. Participants will be randomized to receive subcutaneous (SC) injections of either gantenerumab or placebo. Participants who consent to be part of the sub study will undergo positron emission tomography (PET) scanning to assess brain amyloid. The anticipated time on study treatment is 104 weeks in Part 1, with an option for an additional up to 2 years of treatment in Part 2, followed by an open-label extension (Part 3) until July 2020.

The dosing for Parts 1 and 2 was stopped after a planned futility interim analysis showed a low probability of meeting the primary outcome measure with the doses studied. The study has converted to open-label to investigate higher gantenerumab doses.",,,PHASE3,INTERVENTIONAL,799.0,UNKNOWN,UNKNOWN,UNKNOWN,COMPLETED,True,2010-11-30,2020-09-10,,119.06666666666666,,,UNKNOWN,,,,0,0,0,0,,UNKNOWN,0,"A Study of Gantenerumab in Participants With Prodromal Alzheimer's Disease This multi-center, randomized, double-blind, placebo-controlled parallel-group study will evaluate the effect of gantenerumab (RO4909832) on cognition and functioning and the safety and pharmacokinetics in participants with prodromal Alzheimer's Disease. Participants will be randomized to receive subcutaneous (SC) injections of either gantenerumab or placebo. Participants who consent to be part of the sub study will undergo positron emission tomography (PET) scanning to assess brain amyloid. The anticipated time on study treatment is 104 weeks in Part 1, with an option for an additional up to 2 years of treatment in Part 2, followed by an open-label extension (Part 3) until July 2020.

The dosing for Parts 1 and 2 was stopped after a planned futility interim analysis showed a low probability of meeting the primary outcome measure with the doses studied. The study has converted to open-label to investigate higher gantenerumab doses.",0,0,0,0.9818433,1,high,1
NCT04339413,A Study to Evaluate the Safety and Tolerability of Long-term Administration of Gantenerumab in Participants With Alzheimer's Disease (AD),,"The main purpose of the study was to evaluate the safety and tolerability of long-term administration of gantenerumab in participants with AD. All participants who have completed the open-label extensions (OLEs) of studies WN25203 or WN28745 were enrolled in Part 1 of this study. Of these, participants who completed Week 104 visit in Part 1. Participants received open-label gantenerumab by subcutaneous (SC) injection every four weeks (Q4W) at the same dose as administered in the parent studies (part 1)/ Week 104 visit.",,,PHASE3,INTERVENTIONAL,116.0,UNKNOWN,UNKNOWN,UNKNOWN,TERMINATED,True,2020-05-22,2023-01-04,,31.9,,,UNKNOWN,,,,0,0,0,0,,UNKNOWN,0,"A Study to Evaluate the Safety and Tolerability of Long-term Administration of Gantenerumab in Participants With Alzheimer's Disease (AD) The main purpose of the study was to evaluate the safety and tolerability of long-term administration of gantenerumab in participants with AD. All participants who have completed the open-label extensions (OLEs) of studies WN25203 or WN28745 were enrolled in Part 1 of this study. Of these, participants who completed Week 104 visit in Part 1. Participants received open-label gantenerumab by subcutaneous (SC) injection every four weeks (Q4W) at the same dose as administered in the parent studies (part 1)/ Week 104 visit.",0,0,0,0.12821275,0,high,0
NCT01447719,Autopsy Follow-up of Subjects Previously Imaged With Florbetapir F 18 (18F-AV-45) PET in Trial 18F-AV-45-A07,,"This study is designed to test the relationship between measurements of brain amyloid using florbetapir F 18 PET imaging and true levels of amyloid plaque density as measured by histopathological assessment. The study will address the following specific aims:

1. To expand the number of subjects included in the A07 (NCT00857415) trial correlation analysis (measuring the correlation between the global visual rating of brain amyloid plaque density on an independent blinded read of the florbetapir F 18 PET scan and the cortical amyloid plaque density at autopsy as assessed by histopathology for subjects in the autopsy cohort).
2. To determine the sensitivity and specificity of an independent blinded visual read assessment of the florbetapir F 18 PET scan (Aβ+ or Aβ-) versus the final blinded neuropathological assessment made at autopsy.",,,PHASE3,INTERVENTIONAL,110.0,UNKNOWN,UNKNOWN,UNKNOWN,COMPLETED,True,2010-03,2011-03,,12.166666666666666,,,UNKNOWN,,,,0,0,0,0,,UNKNOWN,0,"Autopsy Follow-up of Subjects Previously Imaged With Florbetapir F 18 (18F-AV-45) PET in Trial 18F-AV-45-A07 This study is designed to test the relationship between measurements of brain amyloid using florbetapir F 18 PET imaging and true levels of amyloid plaque density as measured by histopathological assessment. The study will address the following specific aims:

1. To expand the number of subjects included in the A07 (NCT00857415) trial correlation analysis (measuring the correlation between the global visual rating of brain amyloid plaque density on an independent blinded read of the florbetapir F 18 PET scan and the cortical amyloid plaque density at autopsy as assessed by histopathology for subjects in the autopsy cohort).
2. To determine the sensitivity and specificity of an independent blinded visual read assessment of the florbetapir F 18 PET scan (Aβ+ or Aβ-) versus the final blinded neuropathological assessment made at autopsy.",0,0,0,0.97170365,1,high,1
NCT02248636,Cholinesterase Inhibitor Discontinuation,,"This study tries to determine if stopping certain medications that are used to treat dementia will cause worsening from the patient and family perspective.

All of the participants will take pills that look identical, and that may contain active drug or an inactive pill (a placebo). Half of the group will receive the same treatment they were taking before the study -- this is called the ""sham discontinuation"" arm. The other half will receive a reduced dose of their medication, and then an inactive pill (placebo) -- this is called the ""real discontinuation"" arm.

Participants will be able to return to their previous dose of medication at any time during the study. The percentage of people who return will be measured and compared. Other medical events and factors such as behaviors, thinking, and caregiver distress, will be measured and compared between the groups.",,,PHASE2 | PHASE3,INTERVENTIONAL,72.0,UNKNOWN,UNKNOWN,UNKNOWN,COMPLETED,True,2015-01-22,2019-10-01,,57.1,,,UNKNOWN,,,,0,0,0,0,,UNKNOWN,0,"Cholinesterase Inhibitor Discontinuation This study tries to determine if stopping certain medications that are used to treat dementia will cause worsening from the patient and family perspective.

All of the participants will take pills that look identical, and that may contain active drug or an inactive pill (a placebo). Half of the group will receive the same treatment they were taking before the study -- this is called the ""sham discontinuation"" arm. The other half will receive a reduced dose of their medication, and then an inactive pill (placebo) -- this is called the ""real discontinuation"" arm.

Participants will be able to return to their previous dose of medication at any time during the study. The percentage of people who return will be measured and compared. Other medical events and factors such as behaviors, thinking, and caregiver distress, will be measured and compared between the groups.",0,0,0,0.9603483,1,high,1
NCT00304629,Long-term Safety and Efficacy of Galantamine in Alzheimer's Disease,,"The long-term safety and efficacy of galantamine (12 mg bid) will be documented during a one year open-label treatment in subjects with Alzheimer's Disease who completed the GAL-INT-8 trial (up to 400 eligible patients). Safety will be tracked by means of adverse event reports, laboratory parameters and physical exam. Long-term efficacy will be evaluated by means of a Alzheimer's Disease Assessment Scale(ADAS) and activities of daily living scale Disability Assessment for Dementia Scale(DAD)",,,PHASE3,INTERVENTIONAL,241.0,UNKNOWN,UNKNOWN,UNKNOWN,COMPLETED,False,2000-03,,,37.08333333333333,,,UNKNOWN,,,,0,0,0,0,,UNKNOWN,0,"Long-term Safety and Efficacy of Galantamine in Alzheimer's Disease The long-term safety and efficacy of galantamine (12 mg bid) will be documented during a one year open-label treatment in subjects with Alzheimer's Disease who completed the GAL-INT-8 trial (up to 400 eligible patients). Safety will be tracked by means of adverse event reports, laboratory parameters and physical exam. Long-term efficacy will be evaluated by means of a Alzheimer's Disease Assessment Scale(ADAS) and activities of daily living scale Disability Assessment for Dementia Scale(DAD)",0,0,0,0.00220733,0,high,0
NCT00621647,Seroquel- Agitation Associated With Dementia,,"The purpose of this study is to determine how safe and effective Seroquel (quetiapine fumarate) is compared to placebo (a non-drug tablet) for a period of up to 10 weeks in the treatment of agitation symptoms in nursing home or assisted care residents.

PLEASE NOTE: Seroquel SR and Seroquel XR refer to the same formulation. The SR designation was changed to XR after consultation with FDA.",,,PHASE3,INTERVENTIONAL,333.0,UNKNOWN,UNKNOWN,UNKNOWN,COMPLETED,False,2002-09,2003-11,,14.2,,,UNKNOWN,,,,0,0,0,0,,UNKNOWN,0,"Seroquel- Agitation Associated With Dementia The purpose of this study is to determine how safe and effective Seroquel (quetiapine fumarate) is compared to placebo (a non-drug tablet) for a period of up to 10 weeks in the treatment of agitation symptoms in nursing home or assisted care residents.

PLEASE NOTE: Seroquel SR and Seroquel XR refer to the same formulation. The SR designation was changed to XR after consultation with FDA.",0,0,0,0.03905662,0,high,0
NCT05858515,REVERSE-Long COVID-19 With Baricitinib Study,,REVERSE-LC is a phase 3 trial of baricitinib versus placebo in adults with neurocognitive impairment (a form of Alzheimer's Disease and Related Dementias or ADRD) or cardiopulmonary symptoms due to Long COVID.,,,PHASE3,INTERVENTIONAL,0.0,UNKNOWN,UNKNOWN,UNKNOWN,WITHDRAWN,False,2024-10-21,2027-12-31,,38.86666666666667,,,UNKNOWN,,,,0,0,0,0,,UNKNOWN,0,REVERSE-Long COVID-19 With Baricitinib Study REVERSE-LC is a phase 3 trial of baricitinib versus placebo in adults with neurocognitive impairment (a form of Alzheimer's Disease and Related Dementias or ADRD) or cardiopulmonary symptoms due to Long COVID.,0,0,0,0.0033599283,0,high,0
NCT05542953,[18F]APN-1607 PET in Subjects With AD Compared to HC,,"The overall objective of this study is to compare the overall pattern of \[18F\]APN-1607 uptake in subjects with MCI, subjects with AD dementia, and healthy subjects.",,,PHASE3,INTERVENTIONAL,230.0,UNKNOWN,UNKNOWN,UNKNOWN,COMPLETED,False,2022-01-21,2023-12-25,,23.433333333333334,,,UNKNOWN,,,,0,0,0,0,,UNKNOWN,0,"[18F]APN-1607 PET in Subjects With AD Compared to HC The overall objective of this study is to compare the overall pattern of \[18F\]APN-1607 uptake in subjects with MCI, subjects with AD dementia, and healthy subjects.",0,0,0,0.099617995,0,high,0
NCT02516046,18F-AV-1451 Autopsy Study,,"This study is designed to test the relationship between ante-mortem flortaucipir Positron Emission Tomography (PET) imaging and tau neurofibrillary pathology associated with Alzheimer's disease (AD), as measured at autopsy.",,,PHASE3,INTERVENTIONAL,156.0,UNKNOWN,UNKNOWN,UNKNOWN,COMPLETED,True,2015-09,2018-06-13,,33.86666666666667,,,UNKNOWN,,,,0,0,0,0,,UNKNOWN,0,"18F-AV-1451 Autopsy Study This study is designed to test the relationship between ante-mortem flortaucipir Positron Emission Tomography (PET) imaging and tau neurofibrillary pathology associated with Alzheimer's disease (AD), as measured at autopsy.",0,0,0,0.97206086,1,high,1
NCT03131453,A Study of CNP520 Versus Placebo in Participants at Risk for the Onset of Clinical Symptoms of Alzheimer's Disease,,"The purpose of this study is to determine the effects of CNP520 on cognition, global clinical status, and underlying AD pathology, as well as the safety of CNP520, in people at risk for the onset of clinical symptoms of AD based on their age, APOE genotype and elevated amyloid.",,,PHASE2 | PHASE3,INTERVENTIONAL,1145.0,UNKNOWN,UNKNOWN,UNKNOWN,TERMINATED,True,2017-08-03,2020-03-26,,32.2,,,UNKNOWN,,,,0,0,0,0,,UNKNOWN,0,"A Study of CNP520 Versus Placebo in Participants at Risk for the Onset of Clinical Symptoms of Alzheimer's Disease The purpose of this study is to determine the effects of CNP520 on cognition, global clinical status, and underlying AD pathology, as well as the safety of CNP520, in people at risk for the onset of clinical symptoms of AD based on their age, APOE genotype and elevated amyloid.",0,0,0,0.037133172,0,high,0
NCT00134953,Efficacy and Safety of Rivastigmine in Patients With Mild Cognitive Impairment,,This study is designed to investigate the efficacy and safety of rivastigmine compared with placebo in patients with mild cognitive impairment (MCI).,,,PHASE3,INTERVENTIONAL,24.0,UNKNOWN,UNKNOWN,UNKNOWN,TERMINATED,False,2003-01,,,37.08333333333333,,,UNKNOWN,,,,0,0,0,0,,UNKNOWN,0,Efficacy and Safety of Rivastigmine in Patients With Mild Cognitive Impairment This study is designed to investigate the efficacy and safety of rivastigmine compared with placebo in patients with mild cognitive impairment (MCI).,0,0,0,0.0056703035,0,high,0
NCT02670083,A Study Evaluating the Efficacy and Safety of Crenezumab Versus Placebo in Participants With Prodromal to Mild Alzheimer's Disease (AD).,,"This randomized, double-blind, placebo-controlled, parallel group study will evaluate the efficacy and safety of crenezumab versus placebo in participants with prodromal to mild AD. Participants will be randomized 1:1 to receive either intravenous (IV) infusion of crenezumab or placebo every 4 weeks (Q4W) for 100 weeks. The final efficacy and safety assessment will be performed 52 weeks after the last crenezumab dose. Participants will then have the option to enter the Open Label Extension (OLE) study if eligible. Participants who do not enter the OLE study will have additional follow-up visits at 16 and 52 weeks after the last dose, primarily for safety and also for limited efficacy assessments.",,,PHASE3,INTERVENTIONAL,813.0,UNKNOWN,UNKNOWN,UNKNOWN,TERMINATED,True,2016-03-22,2019-05-31,,38.833333333333336,,,UNKNOWN,,,,0,0,0,0,,UNKNOWN,0,"A Study Evaluating the Efficacy and Safety of Crenezumab Versus Placebo in Participants With Prodromal to Mild Alzheimer's Disease (AD). This randomized, double-blind, placebo-controlled, parallel group study will evaluate the efficacy and safety of crenezumab versus placebo in participants with prodromal to mild AD. Participants will be randomized 1:1 to receive either intravenous (IV) infusion of crenezumab or placebo every 4 weeks (Q4W) for 100 weeks. The final efficacy and safety assessment will be performed 52 weeks after the last crenezumab dose. Participants will then have the option to enter the Open Label Extension (OLE) study if eligible. Participants who do not enter the OLE study will have additional follow-up visits at 16 and 52 weeks after the last dose, primarily for safety and also for limited efficacy assessments.",0,0,0,0.010778923,0,high,0
NCT00056524,Safety Study of AVP-923 in the Treatment of IEED (Involuntary Emotional Expression Disorder) Also Known as Pseudobulbar Affect (Episodes of Uncontrolled Crying and/or Laughter),,The purpose of this study is to evaluate the long-term safety of AVP-923 in the treatment of Involuntary Emotional Expression Disorder (IEED) also known as Pseudobulbar Affect (episodes of uncontrolled crying and/or laughter).,,,PHASE3,INTERVENTIONAL,600.0,UNKNOWN,UNKNOWN,UNKNOWN,COMPLETED,False,2003-02,2007-06,,52.7,,,UNKNOWN,,,,0,0,0,0,,UNKNOWN,0,Safety Study of AVP-923 in the Treatment of IEED (Involuntary Emotional Expression Disorder) Also Known as Pseudobulbar Affect (Episodes of Uncontrolled Crying and/or Laughter) The purpose of this study is to evaluate the long-term safety of AVP-923 in the treatment of Involuntary Emotional Expression Disorder (IEED) also known as Pseudobulbar Affect (episodes of uncontrolled crying and/or laughter).,0,0,0,0.045243245,0,high,0
NCT00066157,Alzheimer's Disease: Therapeutic Potential of Estrogen,,This is a 15-month study to determine the effectiveness of hormone replacement therapy in improving memory and the ability to live independently in postmenopausal women with Alzheimer's disease.,,,PHASE2 | PHASE3,INTERVENTIONAL,42.0,UNKNOWN,UNKNOWN,UNKNOWN,COMPLETED,False,2001-09,2007-12,,76.06666666666666,,,UNKNOWN,,,,0,0,0,0,,UNKNOWN,0,Alzheimer's Disease: Therapeutic Potential of Estrogen This is a 15-month study to determine the effectiveness of hormone replacement therapy in improving memory and the ability to live independently in postmenopausal women with Alzheimer's disease.,0,0,0,0.018083572,0,high,0
NCT00000174,Investigation Into Delay to Diagnosis of Alzheimer's Disease With Exelon (InDDEx),,"This phase IIIb trial is a prospective, randomized, double-blind, placebo-controlled, 36-month study comparing the length of time of progression from mild cognitive impairment (MCI) to a clinical diagnosis of Alzheimer's disease (AD) in subjects taking Exelon vs. placebo. Exelon is currently under review with the U.S. Food and Drug Administration as a treatment for Alzheimer's disease. The drug has been cleared for marketing in more than 40 countries for Alzheimer's disease to date, including all 15 member states of the European Union, New Zealand, Argentina, Brazil and Mexico.

Each subject with MCI will be randomly assigned to treatment with either Exelon or placebo. Subjects assigned to Exelon will receive 1.5 to 6.0 mg bid (twice daily) (3.0 to 12 mg/day) for the majority of the study. At every regular visit scheduled every three months, patients will be given basic efficacy and safety assessments. These assessments will include evaluation of adverse events, vital signs, activities of daily living, and clinical staging scales to determine if the subject may have converted to dementia.",,,PHASE3,INTERVENTIONAL,330.0,UNKNOWN,UNKNOWN,UNKNOWN,COMPLETED,False,,,,37.08333333333333,,,UNKNOWN,,,,0,0,0,0,,UNKNOWN,0,"Investigation Into Delay to Diagnosis of Alzheimer's Disease With Exelon (InDDEx) This phase IIIb trial is a prospective, randomized, double-blind, placebo-controlled, 36-month study comparing the length of time of progression from mild cognitive impairment (MCI) to a clinical diagnosis of Alzheimer's disease (AD) in subjects taking Exelon vs. placebo. Exelon is currently under review with the U.S. Food and Drug Administration as a treatment for Alzheimer's disease. The drug has been cleared for marketing in more than 40 countries for Alzheimer's disease to date, including all 15 member states of the European Union, New Zealand, Argentina, Brazil and Mexico.

Each subject with MCI will be randomly assigned to treatment with either Exelon or placebo. Subjects assigned to Exelon will receive 1.5 to 6.0 mg bid (twice daily) (3.0 to 12 mg/day) for the majority of the study. At every regular visit scheduled every three months, patients will be given basic efficacy and safety assessments. These assessments will include evaluation of adverse events, vital signs, activities of daily living, and clinical staging scales to determine if the subject may have converted to dementia.",0,0,0,0.03125494,0,high,0
NCT04187547,A Phase III Multi Regional Clinical Trial (MRCT) of Tricaprilin in Mild to Moderately Severe Probable Alzheimer's Disease With Optional Open Label Extension,,"This is Phase 3 study, multi-centre, double-blind, placebo controlled, parallel group to evaluate the effects of AC-SD-03 on the efficacy and safety among participants with mild to moderate Alzheimer's Disease.",,,PHASE3,INTERVENTIONAL,0.0,UNKNOWN,UNKNOWN,UNKNOWN,WITHDRAWN,False,2022-06-30,2023-12-31,,18.3,,,UNKNOWN,,,,0,0,0,0,,UNKNOWN,0,"A Phase III Multi Regional Clinical Trial (MRCT) of Tricaprilin in Mild to Moderately Severe Probable Alzheimer's Disease With Optional Open Label Extension This is Phase 3 study, multi-centre, double-blind, placebo controlled, parallel group to evaluate the effects of AC-SD-03 on the efficacy and safety among participants with mild to moderate Alzheimer's Disease.",0,0,0,0.0035540403,0,high,0
NCT00670319,Comparison of Raloxifene Hydrochloride and Placebo in the Treatment of Postmenopausal Women With Osteoporosis,,"To study the effect of long-term treatment with raloxifene, compared with placebo, on the rate of new vertebral fractures in osteoporotic postmenopausal women with and without existing vertebral fractures.",,,PHASE3,INTERVENTIONAL,7705.0,UNKNOWN,UNKNOWN,UNKNOWN,COMPLETED,False,1994-11,1999-09,,58.833333333333336,,,UNKNOWN,,,,0,0,0,0,,UNKNOWN,0,"Comparison of Raloxifene Hydrochloride and Placebo in the Treatment of Postmenopausal Women With Osteoporosis To study the effect of long-term treatment with raloxifene, compared with placebo, on the rate of new vertebral fractures in osteoporotic postmenopausal women with and without existing vertebral fractures.",0,0,0,0.0789414,0,high,0
NCT02547818,Safety and Efficacy Study of ALZT-OP1 in Subjects With Evidence of Early Alzheimer's Disease,,"This is a global Phase III, randomized, double-blinded, placebo-controlled study for subjects with evidence of early AD. The protocol is designed to determine whether ALZT-OP1 combination treatment (ALZT-OP1a + ALZT-OP1b) will slow down, arrests, or reverse cognitive and functional decline, in subjects with evidence of early stage Alzheimer's disease (AD).",,,PHASE3,INTERVENTIONAL,620.0,UNKNOWN,UNKNOWN,UNKNOWN,COMPLETED,False,2015-09-15,2020-11-13,,62.86666666666667,,,UNKNOWN,,,,0,0,0,0,,UNKNOWN,0,"Safety and Efficacy Study of ALZT-OP1 in Subjects With Evidence of Early Alzheimer's Disease This is a global Phase III, randomized, double-blinded, placebo-controlled study for subjects with evidence of early AD. The protocol is designed to determine whether ALZT-OP1 combination treatment (ALZT-OP1a + ALZT-OP1b) will slow down, arrests, or reverse cognitive and functional decline, in subjects with evidence of early stage Alzheimer's disease (AD).",0,0,0,0.09367409,0,high,0
NCT02817906,"ITI-007 for the Treatment of Agitation in Patients With Dementia, Including Alzheimer's Disease",,"This is a randomized, double-blind, placebo-controlled study comparing the efficacy and safety of ITI-007 versus placebo administered orally once daily in the treatment of agitation in patients with dementia, including Alzheimer's disease.",,,PHASE3,INTERVENTIONAL,177.0,UNKNOWN,UNKNOWN,UNKNOWN,TERMINATED,True,2016-08-29,2019-01-30,,29.466666666666665,,,UNKNOWN,,,,0,0,0,0,,UNKNOWN,0,"ITI-007 for the Treatment of Agitation in Patients With Dementia, Including Alzheimer's Disease This is a randomized, double-blind, placebo-controlled study comparing the efficacy and safety of ITI-007 versus placebo administered orally once daily in the treatment of agitation in patients with dementia, including Alzheimer's disease.",0,0,0,0.029195484,0,high,0
NCT00253188,A Study of the Safety and Effectiveness of Two Doses of Galantamine Versus Placebo in the Treatment of Patients With Alzheimer's Disease,,The purpose of this study is to evaluate the safety and effectiveness of two doses of galantamine (a drug for treating dementia) versus placebo in the treatment of patients with Alzheimer's disease.,,,PHASE3,INTERVENTIONAL,653.0,UNKNOWN,UNKNOWN,UNKNOWN,COMPLETED,False,1997-02,,,37.08333333333333,,,UNKNOWN,,,,0,0,0,0,,UNKNOWN,0,A Study of the Safety and Effectiveness of Two Doses of Galantamine Versus Placebo in the Treatment of Patients With Alzheimer's Disease The purpose of this study is to evaluate the safety and effectiveness of two doses of galantamine (a drug for treating dementia) versus placebo in the treatment of patients with Alzheimer's disease.,0,0,0,0.048181266,0,high,0
NCT00056225,VITAL - VITamins to Slow ALzheimer's Disease (Homocysteine Study),,"The purpose of this study is to determine whether reduction of homocysteine levels with high-dose folate (folic acid), B6, and B12 supplementation will slow the rate of cognitive decline in persons with Alzheimer's disease.",,,PHASE3,INTERVENTIONAL,340.0,UNKNOWN,UNKNOWN,UNKNOWN,COMPLETED,False,2003-01,2007-06,,53.733333333333334,,,UNKNOWN,,,,0,0,0,0,,UNKNOWN,0,"VITAL - VITamins to Slow ALzheimer's Disease (Homocysteine Study) The purpose of this study is to determine whether reduction of homocysteine levels with high-dose folate (folic acid), B6, and B12 supplementation will slow the rate of cognitive decline in persons with Alzheimer's disease.",0,0,0,0.010430217,0,high,0
NCT03823404,GAIN Trial: Phase 2/3 Study of COR388 in Subjects With Alzheimer's Disease,,"This is a randomized, double-blind, placebo-controlled study that assessed the efficacy, safety, and tolerability of 2 dose levels of COR388 in subjects with a clinical diagnosis of mild to moderate Alzheimer's disease (AD) dementia.",,,PHASE2 | PHASE3,INTERVENTIONAL,643.0,UNKNOWN,UNKNOWN,UNKNOWN,COMPLETED,True,2019-03-28,2022-01-01,,33.666666666666664,,,UNKNOWN,,,,0,0,0,0,,UNKNOWN,0,"GAIN Trial: Phase 2/3 Study of COR388 in Subjects With Alzheimer's Disease This is a randomized, double-blind, placebo-controlled study that assessed the efficacy, safety, and tolerability of 2 dose levels of COR388 in subjects with a clinical diagnosis of mild to moderate Alzheimer's disease (AD) dementia.",0,0,0,0.97608495,1,high,1
NCT02248116,Follow-up Trial to Assess the Long-term Safety and Tolerability of Talsaclidine in Patients With Mild to Moderate Dementia of the Alzheimer Type,,"Safety and tolerability. Quality of life (EQ-5D, ACQLI) and health economic impact (health resource utilisation, living and employment status) assessments, will not be performed at the centers in the united kingdom (UK)",,,PHASE2 | PHASE3,INTERVENTIONAL,198.0,UNKNOWN,UNKNOWN,UNKNOWN,TERMINATED,False,1999-05,2000-09,,16.3,,,UNKNOWN,,,,0,0,0,0,,UNKNOWN,0,"Follow-up Trial to Assess the Long-term Safety and Tolerability of Talsaclidine in Patients With Mild to Moderate Dementia of the Alzheimer Type Safety and tolerability. Quality of life (EQ-5D, ACQLI) and health economic impact (health resource utilisation, living and employment status) assessments, will not be performed at the centers in the united kingdom (UK)",0,0,0,0.05386861,0,high,0
NCT00998764,A Long-Term Safety And Tolerability Extension Study Of Bapineuzumab In Alzheimer Disease Patients,,The purpose of this study is to assess the long-term safety and tolerability of bapineuzumab in subjects with Alzheimer Disease who participated in study 3133K1-3001(NCT00676143). Over 250 sites will participate in over 26 countries. Subjects will receive bapineuzumab. Each subject's participation will last approximately 4 years.,,,PHASE3,INTERVENTIONAL,494.0,UNKNOWN,UNKNOWN,UNKNOWN,TERMINATED,True,2009-12,2012-10,,34.5,,,UNKNOWN,,,,0,0,0,0,,UNKNOWN,0,A Long-Term Safety And Tolerability Extension Study Of Bapineuzumab In Alzheimer Disease Patients The purpose of this study is to assess the long-term safety and tolerability of bapineuzumab in subjects with Alzheimer Disease who participated in study 3133K1-3001(NCT00676143). Over 250 sites will participate in over 26 countries. Subjects will receive bapineuzumab. Each subject's participation will last approximately 4 years.,0,0,0,0.004906141,0,high,0
NCT00488670,Escitalopram and Depression in Elderly Alzheimer's Patients,,To investigate the effect of Escitalopram in a large and diverse of dementia patients suffering from depression.,,,PHASE3,INTERVENTIONAL,50.0,UNKNOWN,UNKNOWN,UNKNOWN,TERMINATED,False,2010-12,2011-06,,6.066666666666666,,,UNKNOWN,,,,0,0,0,0,,UNKNOWN,0,Escitalopram and Depression in Elderly Alzheimer's Patients To investigate the effect of Escitalopram in a large and diverse of dementia patients suffering from depression.,0,0,0,0.005841456,0,high,0
NCT03444870,Efficacy and Safety Study of Gantenerumab in Participants With Early Alzheimer's Disease (AD),,"This randomized, double-blind, placebo-controlled, parallel-group study will evaluate the efficacy and safety of gantenerumab versus placebo in participants with early (prodromal to mild) AD. All participants must show evidence of beta-amyloid pathology. Eligible participants will be randomized 1:1 to receive either subcutaneous (SC) injection of gantenerumab or placebo. The primary efficacy assessment will be performed at the end of the double blind period at week 116. Participants will then be offered to enter into an open-label extension (OLE). Participants not willing to go to the OLE will participate in a long term follow-up period for up to 50 weeks after the last gantenerumab dose.",,,PHASE3,INTERVENTIONAL,1053.0,UNKNOWN,UNKNOWN,UNKNOWN,TERMINATED,True,2018-06-06,2022-12-28,,55.53333333333333,,,UNKNOWN,,,,0,0,0,0,,UNKNOWN,0,"Efficacy and Safety Study of Gantenerumab in Participants With Early Alzheimer's Disease (AD) This randomized, double-blind, placebo-controlled, parallel-group study will evaluate the efficacy and safety of gantenerumab versus placebo in participants with early (prodromal to mild) AD. All participants must show evidence of beta-amyloid pathology. Eligible participants will be randomized 1:1 to receive either subcutaneous (SC) injection of gantenerumab or placebo. The primary efficacy assessment will be performed at the end of the double blind period at week 116. Participants will then be offered to enter into an open-label extension (OLE). Participants not willing to go to the OLE will participate in a long term follow-up period for up to 50 weeks after the last gantenerumab dose.",0,0,0,0.011159662,0,high,0
NCT01969136,Study of the Safety and Effectiveness of Two Doses of Investigational Study Drug EVP-6124 in Subjects With Alzheimer's Disease,,The purpose of this study is to evaluate the safety and efficacy of 2 fixed doses of EVP-6124 compared to placebo for 26 weeks in subjects with mild to moderate Alzheimer's disease currently receiving stable treatment or previously treated with an acetylcholinesterase inhibitor.,,,PHASE3,INTERVENTIONAL,403.0,UNKNOWN,UNKNOWN,UNKNOWN,TERMINATED,False,2013-10,2017-01,,39.6,,,UNKNOWN,,,,0,0,0,0,,UNKNOWN,0,Study of the Safety and Effectiveness of Two Doses of Investigational Study Drug EVP-6124 in Subjects With Alzheimer's Disease The purpose of this study is to evaluate the safety and efficacy of 2 fixed doses of EVP-6124 compared to placebo for 26 weeks in subjects with mild to moderate Alzheimer's disease currently receiving stable treatment or previously treated with an acetylcholinesterase inhibitor.,0,0,0,0.005768847,0,high,0
NCT00428389,Safety of Switching From Donepezil to Rivastigmine Patch in Patients With Probable Alzheimer's Disease,,"This study was designed to evaluate the safety and tolerability of switching from donepezil to an initial dose of 5cm\^2 rivastigmine patch formulation in patients with probable Alzheimer's Disease (MMSE 10-24). The study included a 5-week, open-label, randomized period followed by a 20-week open-label extension period. Patients were randomized to either an immediate switch from donepezil to rivastigmine patch formulation or to a switch to rivastigmine patch formulation following a 7-day withdrawal period.",,,PHASE3,INTERVENTIONAL,262.0,UNKNOWN,UNKNOWN,UNKNOWN,COMPLETED,True,2007-01,2008-02,,13.2,,,UNKNOWN,,,,0,0,0,0,,UNKNOWN,0,"Safety of Switching From Donepezil to Rivastigmine Patch in Patients With Probable Alzheimer's Disease This study was designed to evaluate the safety and tolerability of switching from donepezil to an initial dose of 5cm\^2 rivastigmine patch formulation in patients with probable Alzheimer's Disease (MMSE 10-24). The study included a 5-week, open-label, randomized period followed by a 20-week open-label extension period. Patients were randomized to either an immediate switch from donepezil to rivastigmine patch formulation or to a switch to rivastigmine patch formulation following a 7-day withdrawal period.",0,0,0,0.9832719,1,high,1
NCT01883648,Study to Evaluate Coconut Oil for Alzheimer's Disease,,"This is a randomized, cross over study to determine the efficacy of coconut oil in subjects with mild to moderate Alzheimer's disease.",,,PHASE2 | PHASE3,INTERVENTIONAL,21.0,UNKNOWN,UNKNOWN,UNKNOWN,TERMINATED,False,2013-06,2017-02-01,,44.7,,,UNKNOWN,,,,0,0,0,0,,UNKNOWN,0,"Study to Evaluate Coconut Oil for Alzheimer's Disease This is a randomized, cross over study to determine the efficacy of coconut oil in subjects with mild to moderate Alzheimer's disease.",0,0,0,0.051321242,0,high,0
NCT00000178,Multicenter Trial of Prednisone in Alzheimer's Disease,,"This is a randomized placebo controlled, double blind study. Patients who meet eligibility criteria and decide to participate in the study will be randomly assigned to receive either drug treatment or a placebo. Neither the patients nor the participating investigators will know who is receiving the drugs and who is receiving the placebo. Participation involves 15 outpatient clinic visits over a 68 week period. Patients take study medication at varying doses (the maximum dose is 20 mg daily), along with calcium and vitamin supplements.",,,PHASE3,INTERVENTIONAL,330.0,UNKNOWN,UNKNOWN,UNKNOWN,COMPLETED,False,,,,37.08333333333333,,,UNKNOWN,,,,0,0,0,0,,UNKNOWN,0,"Multicenter Trial of Prednisone in Alzheimer's Disease This is a randomized placebo controlled, double blind study. Patients who meet eligibility criteria and decide to participate in the study will be randomly assigned to receive either drug treatment or a placebo. Neither the patients nor the participating investigators will know who is receiving the drugs and who is receiving the placebo. Participation involves 15 outpatient clinic visits over a 68 week period. Patients take study medication at varying doses (the maximum dose is 20 mg daily), along with calcium and vitamin supplements.",0,0,0,0.04903084,0,high,0
NCT04241068,"A Study to Evaluate Safety and Tolerability of Aducanumab in Participants With Alzheimer's Disease Who Had Previously Participated in the Aducanumab Studies 221AD103, 221AD301, 221AD302 and 221AD205",,The primary objective is to evaluate the safety and tolerability of aducanumab over 100 weeks of treatment after a wash-out period imposed by discontinuation of feeder studies in participants who had previously received aducanumab (i.e. previously treated participants) or who had previously received placebo (i.e. treatment-naïve participants).,,,PHASE3,INTERVENTIONAL,1696.0,UNKNOWN,UNKNOWN,UNKNOWN,TERMINATED,True,2020-03-02,2024-07-22,,53.43333333333333,,,UNKNOWN,,,,0,0,0,0,,UNKNOWN,0,"A Study to Evaluate Safety and Tolerability of Aducanumab in Participants With Alzheimer's Disease Who Had Previously Participated in the Aducanumab Studies 221AD103, 221AD301, 221AD302 and 221AD205 The primary objective is to evaluate the safety and tolerability of aducanumab over 100 weeks of treatment after a wash-out period imposed by discontinuation of feeder studies in participants who had previously received aducanumab (i.e. previously treated participants) or who had previously received placebo (i.e. treatment-naïve participants).",0,0,0,0.023394836,0,high,0
NCT00219232,An Open-label Extension to Evaluate the Efficacy and Safety of the Rivastigmine Transdermal Patch in Patients With Probable Alzheimer's Disease,,"The goal of this research study is to evaluate, in the open-label extension phase, the safety and efficacy of the rivastigmine transdermal patch in patients with probable Alzheimer's Disease",,,PHASE3,INTERVENTIONAL,868.0,UNKNOWN,UNKNOWN,UNKNOWN,COMPLETED,False,2003-02,2006-07,,41.53333333333333,,,UNKNOWN,,,,0,0,0,0,,UNKNOWN,0,"An Open-label Extension to Evaluate the Efficacy and Safety of the Rivastigmine Transdermal Patch in Patients With Probable Alzheimer's Disease The goal of this research study is to evaluate, in the open-label extension phase, the safety and efficacy of the rivastigmine transdermal patch in patients with probable Alzheimer's Disease",0,0,0,0.013044532,0,high,0
NCT04488159,Immunoscore As Decision Guidance for Adjuvant Chemotherapy in Colon Cancer,,"The overall aim of this study is to prospectively validate the superiority of the Immunoscore as a decision guidance for adjuvant chemotherapy in stage III colon cancer patients, in comparison to the conventional TNM-based high- or low-risk classification.",,,PHASE3,INTERVENTIONAL,0.0,UNKNOWN,UNKNOWN,UNKNOWN,WITHDRAWN,False,2024-12-01,2025-12-01,,12.166666666666666,,,UNKNOWN,,,,0,0,0,0,,UNKNOWN,0,"Immunoscore As Decision Guidance for Adjuvant Chemotherapy in Colon Cancer The overall aim of this study is to prospectively validate the superiority of the Immunoscore as a decision guidance for adjuvant chemotherapy in stage III colon cancer patients, in comparison to the conventional TNM-based high- or low-risk classification.",0,0,0,0.02707776,0,high,0
NCT04488419,ATH-1017 for Treatment of Mild to Moderate Alzheimer's Disease,,This study is designed to evaluate safety and efficacy of fosgonimeton (ATH-1017) in the treatment of mild to moderate Alzheimer's disease with a randomized treatment duration of 26-weeks.,,,PHASE2 | PHASE3,INTERVENTIONAL,554.0,UNKNOWN,UNKNOWN,UNKNOWN,COMPLETED,True,2020-09-28,2024-07-15,,46.2,,,UNKNOWN,,,,0,0,0,0,,UNKNOWN,0,ATH-1017 for Treatment of Mild to Moderate Alzheimer's Disease This study is designed to evaluate safety and efficacy of fosgonimeton (ATH-1017) in the treatment of mild to moderate Alzheimer's disease with a randomized treatment duration of 26-weeks.,0,0,0,0.98485667,1,high,1
NCT00010803,Ginkgo Biloba Prevention Trial in Older Individuals,,"This study will determine the effect of 240mg/day Ginkgo biloba in decreasing the incidence of dementia and specifically Alzheimer's disease (AD), slowing cognitive decline and functional disability, reducing incidence of cardiovascular disease, and decreasing total mortality.",,,PHASE3,INTERVENTIONAL,3069.0,UNKNOWN,UNKNOWN,UNKNOWN,COMPLETED,True,2000-10,2008-04,,91.3,,,UNKNOWN,,,,0,0,0,0,,UNKNOWN,0,"Ginkgo Biloba Prevention Trial in Older Individuals This study will determine the effect of 240mg/day Ginkgo biloba in decreasing the incidence of dementia and specifically Alzheimer's disease (AD), slowing cognitive decline and functional disability, reducing incidence of cardiovascular disease, and decreasing total mortality.",0,0,0,0.96124035,1,high,1
NCT01409694,Alzheimer's Disease - Input of Vitamin D With mEmantine Assay,,The purpose of this study is to compare the effect after 24 weeks of the oral intake of vitamin D3 (cholecalciferol) with the effect of a placebo on the change of cognitive performance in patients suffering from moderate Alzheimer's disease or related disorders (ADRD) and receiving memantine.,,,PHASE3,INTERVENTIONAL,90.0,UNKNOWN,UNKNOWN,UNKNOWN,COMPLETED,False,2011-09,2016-01,,52.766666666666666,,,UNKNOWN,,,,0,0,0,0,,UNKNOWN,0,Alzheimer's Disease - Input of Vitamin D With mEmantine Assay The purpose of this study is to compare the effect after 24 weeks of the oral intake of vitamin D3 (cholecalciferol) with the effect of a placebo on the change of cognitive performance in patients suffering from moderate Alzheimer's disease or related disorders (ADRD) and receiving memantine.,0,0,0,0.029221859,0,high,0
NCT02783573,A Study of Lanabecestat (LY3314814) in Participants With Mild Alzheimer's Disease Dementia,,The main purpose of this study is to evaluate the efficacy of the study drug known as lanabecestat in participants with mild Alzheimer's disease (AD) dementia.,,,PHASE3,INTERVENTIONAL,1722.0,UNKNOWN,UNKNOWN,UNKNOWN,TERMINATED,True,2016-07-01,2018-09-28,,27.3,,,UNKNOWN,,,,0,0,0,0,,UNKNOWN,0,A Study of Lanabecestat (LY3314814) in Participants With Mild Alzheimer's Disease Dementia The main purpose of this study is to evaluate the efficacy of the study drug known as lanabecestat in participants with mild Alzheimer's disease (AD) dementia.,0,0,0,0.058347948,0,high,0
NCT01739348,An Efficacy and Safety Trial of Verubecestat (MK-8931) in Mild to Moderate Alzheimer's Disease (P07738),,"This study consists of two parts, Part I and Part II. The purpose of Part I of the study is to assess the efficacy and safety of verubecestat (MK-8931) compared with placebo administered for 78 weeks in the treatment of Alzheimer's Disease (AD). The primary study hypotheses for Part I are that at least one verubecestat dose is superior to placebo at 78 weeks of treatment with respect to change from baseline in Alzheimer's Disease Assessment Scale Cognitive Subscale (ADAS-Cog) score and that at least one verubecestat dose is superior to placebo at 78 weeks of treatment with respect to change from baseline in Alzheimer's Disease Cooperative Study Activities of Daily Living Inventory (ADCS-ADL) score. The first approximately 400 participants entering Part I of the study are identified as the Safety Cohort. Participants who complete Part I of the study may choose to participate in Part II, which is a long term double-blind extension to assess efficacy and safety of verubecestat administered for up to an additional 260 weeks.",,,PHASE2 | PHASE3,INTERVENTIONAL,2211.0,UNKNOWN,UNKNOWN,UNKNOWN,TERMINATED,True,2012-11-30,2017-04-14,,53.2,,,UNKNOWN,,,,0,0,0,0,,UNKNOWN,0,"An Efficacy and Safety Trial of Verubecestat (MK-8931) in Mild to Moderate Alzheimer's Disease (P07738) This study consists of two parts, Part I and Part II. The purpose of Part I of the study is to assess the efficacy and safety of verubecestat (MK-8931) compared with placebo administered for 78 weeks in the treatment of Alzheimer's Disease (AD). The primary study hypotheses for Part I are that at least one verubecestat dose is superior to placebo at 78 weeks of treatment with respect to change from baseline in Alzheimer's Disease Assessment Scale Cognitive Subscale (ADAS-Cog) score and that at least one verubecestat dose is superior to placebo at 78 weeks of treatment with respect to change from baseline in Alzheimer's Disease Cooperative Study Activities of Daily Living Inventory (ADCS-ADL) score. The first approximately 400 participants entering Part I of the study are identified as the Safety Cohort. Participants who complete Part I of the study may choose to participate in Part II, which is a long term double-blind extension to assess efficacy and safety of verubecestat administered for up to an additional 260 weeks.",0,0,0,0.040421553,0,high,0
NCT03620981,Brexpiprazole for the Treatment of Patients With Agitation Associated With Dementia of the Alzheimer's Type,,"To evaluate the superiority of brexpiprazole 1 mg or 2 mg over placebo after a 10-week treatment regimen for agitation associated with dementia of the Alzheimer's type in patients who require medication, and to investigate the safety of brexpiprazole and identify the optimum dose.",,,PHASE2 | PHASE3,INTERVENTIONAL,410.0,UNKNOWN,UNKNOWN,UNKNOWN,COMPLETED,True,2018-08-20,2023-04-21,,56.833333333333336,,,UNKNOWN,,,,0,0,0,0,,UNKNOWN,0,"Brexpiprazole for the Treatment of Patients With Agitation Associated With Dementia of the Alzheimer's Type To evaluate the superiority of brexpiprazole 1 mg or 2 mg over placebo after a 10-week treatment regimen for agitation associated with dementia of the Alzheimer's type in patients who require medication, and to investigate the safety of brexpiprazole and identify the optimum dose.",0,0,0,0.9871115,1,high,1
NCT00065767,Cognitive and Neurophysiological Effects of Raloxifene in Alzheimer's Disease,,"The aim of this study is to determine the effectiveness of treatment with raloxifene, an estrogen-like medication approved by the Food and Drug Administration for the treatment of osteoporosis, in improving memory and the ability to live independently in postmenopausal women with Alzheimer's disease.",,,PHASE2 | PHASE3,INTERVENTIONAL,20.0,UNKNOWN,UNKNOWN,UNKNOWN,COMPLETED,False,2001-09,2005-03,,42.56666666666667,,,UNKNOWN,,,,0,0,0,0,,UNKNOWN,0,"Cognitive and Neurophysiological Effects of Raloxifene in Alzheimer's Disease The aim of this study is to determine the effectiveness of treatment with raloxifene, an estrogen-like medication approved by the Food and Drug Administration for the treatment of osteoporosis, in improving memory and the ability to live independently in postmenopausal women with Alzheimer's disease.",0,0,0,0.006462173,0,high,0
NCT01787123,"Randomized, Double-blind, Placebo-controlled Trial to Investigate Safety and Efficacy of Cerebrolysin™ in Patients With Aneurysmal Subarachnoid Hemorrhage",,"This is a randomized, placebo-controlled, single-center clinical trial investigating the effectiveness of administrating intravenous Cerebrolysin™ (EVER NEURO Pharma, Austria), a preparation of low-molecular weight neurotrophic peptides and free amino acids, in improving the functional outcome of patients suffering from aneurysmal subarachnoid haemorrhage ( SAH).

Cerebrolysin™ is a porcine-derived intravenous formulation composed of multiple lipid-soluble active agents that can cross the blood-brain barrier. It is a registered medication in several countries indicated for stroke and Alzheimer's disease. It contains several low molecular weight neuropeptides and free amino acids that possess neuroprotective and neurotrophic properties. It has been proven to arrest or mitigate several crucial steps along the ischemic cascade in preclinical studies. Cerebrolysin™ has been extensively investigated in patients suffering from Alzheimer's disease, brain trauma and ischemic stroke with promising clinical results. It's use in SAH patients has never been investigated and it is believed that it may play a role in improving clinical outcomes.

Consecutive patients aged 18 to 70 years-old diagnosed to have spontaneous subarachnoid hemorrhage secondary to a ruptured intracranial aneurysm will be randomly allocated into one of two study arms: (1) to receive intravenous Cerebrolysin™ in additional to standard of care (intervention group) or (2) to receive usual standard of care alone (control group). Permuted-block randomization will be carried out once the eligibility criteria have been fulfilled using a computer system with an allocation list of random order. Instructions on study arm allocation will be contained in sealed envelopes labeled with sequential study numbers. Patients presenting beyond 96 hours after onset of symptoms or if recruitment and randomization cannot be performed within this time period will be excluded. The reason being that post-SAH arterial vasospasm and delayed cerebral ischemia usually occurs four days after aneurysm rupture and lasts for two weeks i.e. 14 days. Should this complication arise before Cerebrolysin™ is administered there would be significant confounding of trial outcome measures . The timing of intervention is in keeping with several landmark clinical studies that have dealt with neuroprotective agents in subarachnoid hemorrhage.

Patients in the intervention group will receive in a daily total dose of 30ml of intravenous Cerebrolysin™. The study medication will be administered in three separate 10ml doses (every eight hours) diluted in 0.9% NaCl saline to a total volume of 100 ml as an intravenous infusion over a time period of 15 minutes. An identical amount of 0.9% sodium chloride (NaCl) saline (100 ml) will be used as placebo for patients allocated to the control study group. The total duration of study medication or placebo administration will be 14 days.

Cerebrolysin™ is a clear yellow solution. Since it is susceptible to photo-degeneration the preparation after dilution with 0.9% NaCl saline requires masking with a opaque plastic wrap as well as special photo-protective infusion sets. The dilution of the Cerebrolysin™ solution will be performed by ward nursing staff . Subjects in both trial groups will receive identically wrapped preparations so that both the functional outcomes assessor and patient are blind to the study arm allocation.

In addition to general demographic data, clinical data including the admission Glasgow Coma Score, severity grading of SAH, hospital stay as well as the extended Glasgow Outcome Score and modified Rankin Score upon discharge, at three months and six months will be prospectively collected. The functional outcomes assessor will be an occupational therapist unaware of the subject's trial group allocation.

Hypothesis: compared to patients receiving standard care for the management of aneurysmal subarachnoid hemorrhage alone (control), the additional administration of intravenous Cerebrolysin™ (intervention) within the acute phase of stroke is safe and improves functional outcome at six months after stroke.",,,PHASE2 | PHASE3,INTERVENTIONAL,50.0,UNKNOWN,UNKNOWN,UNKNOWN,COMPLETED,False,2013-12-01,2019-01-01,,61.9,,,UNKNOWN,,,,0,0,0,0,,UNKNOWN,0,"Randomized, Double-blind, Placebo-controlled Trial to Investigate Safety and Efficacy of Cerebrolysin™ in Patients With Aneurysmal Subarachnoid Hemorrhage This is a randomized, placebo-controlled, single-center clinical trial investigating the effectiveness of administrating intravenous Cerebrolysin™ (EVER NEURO Pharma, Austria), a preparation of low-molecular weight neurotrophic peptides and free amino acids, in improving the functional outcome of patients suffering from aneurysmal subarachnoid haemorrhage ( SAH).

Cerebrolysin™ is a porcine-derived intravenous formulation composed of multiple lipid-soluble active agents that can cross the blood-brain barrier. It is a registered medication in several countries indicated for stroke and Alzheimer's disease. It contains several low molecular weight neuropeptides and free amino acids that possess neuroprotective and neurotrophic properties. It has been proven to arrest or mitigate several crucial steps along the ischemic cascade in preclinical studies. Cerebrolysin™ has been extensively investigated in patients suffering from Alzheimer's disease, brain trauma and ischemic stroke with promising clinical results. It's use in SAH patients has never been investigated and it is believed that it may play a role in improving clinical outcomes.

Consecutive patients aged 18 to 70 years-old diagnosed to have spontaneous subarachnoid hemorrhage secondary to a ruptured intracranial aneurysm will be randomly allocated into one of two study arms: (1) to receive intravenous Cerebrolysin™ in additional to standard of care (intervention group) or (2) to receive usual standard of care alone (control group). Permuted-block randomization will be carried out once the eligibility criteria have been fulfilled using a computer system with an allocation list of random order. Instructions on study arm allocation will be contained in sealed envelopes labeled with sequential study numbers. Patients presenting beyond 96 hours after onset of symptoms or if recruitment and randomization cannot be performed within this time period will be excluded. The reason being that post-SAH arterial vasospasm and delayed cerebral ischemia usually occurs four days after aneurysm rupture and lasts for two weeks i.e. 14 days. Should this complication arise before Cerebrolysin™ is administered there would be significant confounding of trial outcome measures . The timing of intervention is in keeping with several landmark clinical studies that have dealt with neuroprotective agents in subarachnoid hemorrhage.

Patients in the intervention group will receive in a daily total dose of 30ml of intravenous Cerebrolysin™. The study medication will be administered in three separate 10ml doses (every eight hours) diluted in 0.9% NaCl saline to a total volume of 100 ml as an intravenous infusion over a time period of 15 minutes. An identical amount of 0.9% sodium chloride (NaCl) saline (100 ml) will be used as placebo for patients allocated to the control study group. The total duration of study medication or placebo administration will be 14 days.

Cerebrolysin™ is a clear yellow solution. Since it is susceptible to photo-degeneration the preparation after dilution with 0.9% NaCl saline requires masking with a opaque plastic wrap as well as special photo-protective infusion sets. The dilution of the Cerebrolysin™ solution will be performed by ward nursing staff . Subjects in both trial groups will receive identically wrapped preparations so that both the functional outcomes assessor and patient are blind to the study arm allocation.

In addition to general demographic data, clinical data including the admission Glasgow Coma Score, severity grading of SAH, hospital stay as well as the extended Glasgow Outcome Score and modified Rankin Score upon discharge, at three months and six months will be prospectively collected. The functional outcomes assessor will be an occupational therapist unaware of the subject's trial group allocation.

Hypothesis: compared to patients receiving standard care for the management of aneurysmal subarachnoid hemorrhage alone (control), the additional administration of intravenous Cerebrolysin™ (intervention) within the acute phase of stroke is safe and improves functional outcome at six months after stroke.",0,0,0,0.018087633,0,high,0
NCT00236574,A Study to Evaluate the Efficacy and Safety of Galantamine in Patients With Mild Cognitive Impairment,,The purpose of this study is to evaluate the efficacy and safety of galantamine treatment in patients with mild cognitive impairment.,,,PHASE3,INTERVENTIONAL,974.0,UNKNOWN,UNKNOWN,UNKNOWN,COMPLETED,False,2001-05,,,37.08333333333333,,,UNKNOWN,,,,0,0,0,0,,UNKNOWN,0,A Study to Evaluate the Efficacy and Safety of Galantamine in Patients With Mild Cognitive Impairment The purpose of this study is to evaluate the efficacy and safety of galantamine treatment in patients with mild cognitive impairment.,0,0,0,0.0057475017,0,high,0
NCT04947553,A Study to Assess the Long-term Safety and Efficacy of AXS-05 in Subjects With Alzheimer's Disease Agitation,,This study will evaluate the long-term safety and efficacy of AXS-05 in subjects with Alzheimer's disease (AD) agitation.,,,PHASE3,INTERVENTIONAL,456.0,UNKNOWN,UNKNOWN,UNKNOWN,COMPLETED,False,2021-06-17,2024-12-03,,42.166666666666664,,,UNKNOWN,,,,0,0,0,0,,UNKNOWN,0,A Study to Assess the Long-term Safety and Efficacy of AXS-05 in Subjects With Alzheimer's Disease Agitation This study will evaluate the long-term safety and efficacy of AXS-05 in subjects with Alzheimer's disease (AD) agitation.,0,0,0,0.045863435,0,high,0
NCT00249145,A Study of the Effectiveness and Safety of Risperidone in the Treatment of Behavioral Disturbances in Patients With Dementia,,The purpose of the study is to compare the safety and efficacy of risperidone (an antipsychotic medication) to that of placebo in the treatment of behavioral disturbances associated with dementia.,,,PHASE3,INTERVENTIONAL,349.0,UNKNOWN,UNKNOWN,UNKNOWN,COMPLETED,False,1995-04,,,37.08333333333333,,,UNKNOWN,,,,0,0,0,0,,UNKNOWN,0,A Study of the Effectiveness and Safety of Risperidone in the Treatment of Behavioral Disturbances in Patients With Dementia The purpose of the study is to compare the safety and efficacy of risperidone (an antipsychotic medication) to that of placebo in the treatment of behavioral disturbances associated with dementia.,0,0,0,0.015519369,0,high,0
NCT02916056,2-Year Extension Study of Azeliragon in Subjects With Alzheimer's Disease (STEADFAST Extension),,This is an open-label extension study in patients with mild Alzheimer's disease who have completed participation in the azeliragon Phase 3 (STEADFAST) trial. Patients will receive azeliragon 5 mg/day for up to 2 years.,,,PHASE3,INTERVENTIONAL,297.0,UNKNOWN,UNKNOWN,UNKNOWN,TERMINATED,True,2016-12,2018-06-01,,18.233333333333334,,,UNKNOWN,,,,0,0,0,0,,UNKNOWN,0,2-Year Extension Study of Azeliragon in Subjects With Alzheimer's Disease (STEADFAST Extension) This is an open-label extension study in patients with mild Alzheimer's disease who have completed participation in the azeliragon Phase 3 (STEADFAST) trial. Patients will receive azeliragon 5 mg/day for up to 2 years.,0,0,0,0.041702352,0,high,0
NCT03476044,Effect of Selenium on Succinylcholine-Induced POM,,"For more than 60 years, succinylcholine is still being administered as the selective relaxant for rapid sequence intubation by anesthesiologists in many countries. It has been shown to possess unique features such as low cost, fast-acting, short half-life, safe metabolites, and causing excellent muscle relaxation for intubation. However, it has many side effects as well.

Postoperative myalgia (POM), with an incidence rate of about 41%-92%, is one of the most common side effects of this drug and can take several days to cause significant discomfort in patients. However, its effect is felt more in the throat, neck, shoulder, and abdominal muscles and is common among patients with outpatient surgery. Due to its unknown real context of pathogenesis and in an effort to reduce the incidence and severity of succinylcholine-induced myalgia, various medications including non-depolarizing muscle relaxants, benzodiazepines, magnesium sulfate, opioids, gabapentin, pregabalin and nonsteroidal anti-inflammatory drugs have been tested, with varying degrees of success.

Free radicals are created as a consequence of ATP (adenosine triphosphate) production by the mitochondria. These by-products are generally reactive oxygen species (ROS) as well as reactive nitrogen species (RNS) that result from the cellular redox process. These species play a dual role as both toxic and beneficial compounds. The delicate balance between their two antagonistic effects is clearly an important aspect of life. At low or moderate levels, ROS and RNS exert beneficial effects on cellular responses and immune function. At high concentrations, they generate oxidative stress, a deleterious process that can damage all cell structures. Muscle injuries might lead to the production of free radicals and further cellular damage, triggered by lipid peroxidation and protein oxidation. Peroxidation of membrane lipids leads to loss of membrane fluidity and elasticity, impaired cellular functioning, and even cell rupture. The various direct products of lipid peroxidation, such as malondialdehyde (MDA), isoprostanes, and 4-hydroxynonenal are considered among the most important biomarkers of oxidative stress in tissues. Malondialdehyde is a reactive carbonyl compound and is both mutagenic and carcinogenic. It reacts with DNA to form DNA adducts that are believed to contribute significantly to cancers linked to lifestyle and dietary factors. Protein oxidation can cause fragmentation at amino acid residues, formation of protein-protein cross-linkages, and oxidation of the protein backbone which ultimately leads to loss of function. Damaged proteins affect intracellular pathways and are contributing factors to different disorders and diseases. Protein carbonyl (CO) groups are produced on protein side chains during oxidation. High levels of protein CO groups have been observed in rheumatoid arthritis, Alzheimer's disease, diabetes, sepsis and chronic renal failure.

Selenium is a well-recognized antioxidant which act s as a cofactor of antioxidant enzymes. This essential element helps protect the body against free radicals causing damage to the cells. Substantial evidence suggests that free radical production leads to increased oxygen uptake over time. The indirect though significant impact of selenium supplements is to protect the cells against oxidative stress and free radical production. Nature-made selenium contains 200 mg of this element with a natural origin, high absorption capacity, and prolonged retention. Selenium exerts its antioxidant effects through glutathione peroxidase. Glutathione peroxidase is an enzyme containing four selenium-cofactors that catalyze the breakdown of hydrogen peroxide and organic hydroperoxides. There are at least four different glutathione peroxidase isozymes in animals. Glutathione peroxidase 1 is the most abundant and is a very efficient scavenger of hydrogen peroxide, while glutathione peroxidase 4 is most active with lipid hydroperoxides. The glutathione S-transferases show high activity with lipid peroxides. These enzymes are at particularly high levels in the liver and serve in detoxification metabolism.",,,PHASE2 | PHASE3,INTERVENTIONAL,80.0,UNKNOWN,UNKNOWN,UNKNOWN,COMPLETED,False,2018-06-01,2020-03-31,,22.3,,,UNKNOWN,,,,0,0,0,0,,UNKNOWN,0,"Effect of Selenium on Succinylcholine-Induced POM For more than 60 years, succinylcholine is still being administered as the selective relaxant for rapid sequence intubation by anesthesiologists in many countries. It has been shown to possess unique features such as low cost, fast-acting, short half-life, safe metabolites, and causing excellent muscle relaxation for intubation. However, it has many side effects as well.

Postoperative myalgia (POM), with an incidence rate of about 41%-92%, is one of the most common side effects of this drug and can take several days to cause significant discomfort in patients. However, its effect is felt more in the throat, neck, shoulder, and abdominal muscles and is common among patients with outpatient surgery. Due to its unknown real context of pathogenesis and in an effort to reduce the incidence and severity of succinylcholine-induced myalgia, various medications including non-depolarizing muscle relaxants, benzodiazepines, magnesium sulfate, opioids, gabapentin, pregabalin and nonsteroidal anti-inflammatory drugs have been tested, with varying degrees of success.

Free radicals are created as a consequence of ATP (adenosine triphosphate) production by the mitochondria. These by-products are generally reactive oxygen species (ROS) as well as reactive nitrogen species (RNS) that result from the cellular redox process. These species play a dual role as both toxic and beneficial compounds. The delicate balance between their two antagonistic effects is clearly an important aspect of life. At low or moderate levels, ROS and RNS exert beneficial effects on cellular responses and immune function. At high concentrations, they generate oxidative stress, a deleterious process that can damage all cell structures. Muscle injuries might lead to the production of free radicals and further cellular damage, triggered by lipid peroxidation and protein oxidation. Peroxidation of membrane lipids leads to loss of membrane fluidity and elasticity, impaired cellular functioning, and even cell rupture. The various direct products of lipid peroxidation, such as malondialdehyde (MDA), isoprostanes, and 4-hydroxynonenal are considered among the most important biomarkers of oxidative stress in tissues. Malondialdehyde is a reactive carbonyl compound and is both mutagenic and carcinogenic. It reacts with DNA to form DNA adducts that are believed to contribute significantly to cancers linked to lifestyle and dietary factors. Protein oxidation can cause fragmentation at amino acid residues, formation of protein-protein cross-linkages, and oxidation of the protein backbone which ultimately leads to loss of function. Damaged proteins affect intracellular pathways and are contributing factors to different disorders and diseases. Protein carbonyl (CO) groups are produced on protein side chains during oxidation. High levels of protein CO groups have been observed in rheumatoid arthritis, Alzheimer's disease, diabetes, sepsis and chronic renal failure.

Selenium is a well-recognized antioxidant which act s as a cofactor of antioxidant enzymes. This essential element helps protect the body against free radicals causing damage to the cells. Substantial evidence suggests that free radical production leads to increased oxygen uptake over time. The indirect though significant impact of selenium supplements is to protect the cells against oxidative stress and free radical production. Nature-made selenium contains 200 mg of this element with a natural origin, high absorption capacity, and prolonged retention. Selenium exerts its antioxidant effects through glutathione peroxidase. Glutathione peroxidase is an enzyme containing four selenium-cofactors that catalyze the breakdown of hydrogen peroxide and organic hydroperoxides. There are at least four different glutathione peroxidase isozymes in animals. Glutathione peroxidase 1 is the most abundant and is a very efficient scavenger of hydrogen peroxide, while glutathione peroxidase 4 is most active with lipid hydroperoxides. The glutathione S-transferases show high activity with lipid peroxides. These enzymes are at particularly high levels in the liver and serve in detoxification metabolism.",0,0,0,0.06308925,0,high,0
NCT03724942,Brexpiprazole for the Long-term Treatment of Patients With Agitation Associated With Dementia of the Alzheimer's Type,,"To evaluate the safety of brexpiprazole 1 mg or 2 mg after a 14 week treatment regimen for agitation associated with dementia of the Alzheimer's type patients who completed in a double-blind trial, and to investigate the efficacy of brexpiprazole.",,,PHASE3,INTERVENTIONAL,164.0,UNKNOWN,UNKNOWN,UNKNOWN,COMPLETED,True,2018-11-09,2021-12-02,,37.3,,,UNKNOWN,,,,0,0,0,0,,UNKNOWN,0,"Brexpiprazole for the Long-term Treatment of Patients With Agitation Associated With Dementia of the Alzheimer's Type To evaluate the safety of brexpiprazole 1 mg or 2 mg after a 14 week treatment regimen for agitation associated with dementia of the Alzheimer's type patients who completed in a double-blind trial, and to investigate the efficacy of brexpiprazole.",0,0,0,0.9444811,1,high,1
NCT01047254,Bupropion for the Treatment of Apathy in Alzheimer's Dementia,,"Apathy in dementia prevents successful application of non-pharmacological treatments, accelerates cognitive and functional decline and increases disease-related costs by earlier need for full-time care. Apathy is a distinct entity and occurs independently of other neuropsychiatric syndromes, like depression.

Today, there is no high-level evidence for any effective treatment of apathy in AD. In contrast to other neuropsychiatric syndromes in AD, like psychosis and depression, and despite its high prevalence and clinical relevance, apathy has never been the primary outcome in a clinical trial. Basic and clinical research has provided a distinct model of the pathophysiology of apathy with dopamine and norepinephrine as the key neurotransmitter systems involved. The antidepressant Bupropion is a dopamine and norepinephrine reuptake inhibitor. There is evidence from case-series, that Bupropion reduces apathy in patients with organic brain disorders. This study will test the efficacy and safety of Bupropion in the treatment of apathy in AD in a 12-week multicenter doubleblind placebo controlled trial. Secondary endpoints will be quality of life of patients, caregivers' distress, ability of patients to perform activities of daily living,utilization of healthcare resources by patients and by caregivers, and cognitive functions.",,,PHASE3,INTERVENTIONAL,110.0,UNKNOWN,UNKNOWN,UNKNOWN,COMPLETED,False,2010-01,2014-07,,54.733333333333334,,,UNKNOWN,,,,0,0,0,0,,UNKNOWN,0,"Bupropion for the Treatment of Apathy in Alzheimer's Dementia Apathy in dementia prevents successful application of non-pharmacological treatments, accelerates cognitive and functional decline and increases disease-related costs by earlier need for full-time care. Apathy is a distinct entity and occurs independently of other neuropsychiatric syndromes, like depression.

Today, there is no high-level evidence for any effective treatment of apathy in AD. In contrast to other neuropsychiatric syndromes in AD, like psychosis and depression, and despite its high prevalence and clinical relevance, apathy has never been the primary outcome in a clinical trial. Basic and clinical research has provided a distinct model of the pathophysiology of apathy with dopamine and norepinephrine as the key neurotransmitter systems involved. The antidepressant Bupropion is a dopamine and norepinephrine reuptake inhibitor. There is evidence from case-series, that Bupropion reduces apathy in patients with organic brain disorders. This study will test the efficacy and safety of Bupropion in the treatment of apathy in AD in a 12-week multicenter doubleblind placebo controlled trial. Secondary endpoints will be quality of life of patients, caregivers' distress, ability of patients to perform activities of daily living,utilization of healthcare resources by patients and by caregivers, and cognitive functions.",0,0,0,0.016877165,0,high,0
NCT02972658,A Study of Lanabecestat (LY3314814) in Early Alzheimer's Disease Dementia,,"This study is an extension of study I8D-MC-AZES (NCT02245737), the AMARANTH study. The purpose of this study is to evaluate the effectiveness of the study drug lanabecestat in participants with early Alzheimer's disease dementia at the time of entry into study I8D-MC-AZES.",,,PHASE3,INTERVENTIONAL,421.0,UNKNOWN,UNKNOWN,UNKNOWN,TERMINATED,True,2017-03-15,2018-10-02,,18.866666666666667,,,UNKNOWN,,,,0,0,0,0,,UNKNOWN,0,"A Study of Lanabecestat (LY3314814) in Early Alzheimer's Disease Dementia This study is an extension of study I8D-MC-AZES (NCT02245737), the AMARANTH study. The purpose of this study is to evaluate the effectiveness of the study drug lanabecestat in participants with early Alzheimer's disease dementia at the time of entry into study I8D-MC-AZES.",0,0,0,0.015966633,0,high,0
NCT03226522,Addressing Dementia Via Agitation-Centered Evaluation,,"This is a multi-center, randomized, double-blind, placebo-controlled study, to assess the efficacy and safety of AXS-05 in the treatment of agitation in patients with Alzheimer's disease.",,,PHASE2 | PHASE3,INTERVENTIONAL,366.0,UNKNOWN,UNKNOWN,UNKNOWN,COMPLETED,True,2017-07-13,2020-04-17,,33.63333333333333,,,UNKNOWN,,,,0,0,0,0,,UNKNOWN,0,"Addressing Dementia Via Agitation-Centered Evaluation This is a multi-center, randomized, double-blind, placebo-controlled study, to assess the efficacy and safety of AXS-05 in the treatment of agitation in patients with Alzheimer's disease.",0,0,0,0.965161,1,high,1
NCT01689233,Safety and Efficacy Study Evaluating TRx0237 in Subjects With Mild Alzheimer's Disease,,The purpose of this study is to determine the safety and efficacy of TRx0237 in the treatment of subjects with mild Alzheimer's Disease.,,,PHASE3,INTERVENTIONAL,800.0,UNKNOWN,UNKNOWN,UNKNOWN,COMPLETED,False,2012-10,2016-05,,43.6,,,UNKNOWN,,,,0,0,0,0,,UNKNOWN,0,Safety and Efficacy Study Evaluating TRx0237 in Subjects With Mild Alzheimer's Disease The purpose of this study is to determine the safety and efficacy of TRx0237 in the treatment of subjects with mild Alzheimer's Disease.,0,0,0,0.0033411614,0,high,0
NCT03682185,The Healthy Patterns Sleep Study,,The Healthy Patterns Study intervention is a home-based activity intervention designed to improve symptoms of circadian rhythm disorders (CRD) and quality of life (QOL) in home-dwelling persons with dementia. We will use a randomized two-group parallel design of 200 people with dementia and their caregivers assigned to intervention or attention control groups.,,,PHASE3,INTERVENTIONAL,421.0,UNKNOWN,UNKNOWN,UNKNOWN,COMPLETED,True,2016-05-01,2021-05-31,,61.86666666666667,,,UNKNOWN,,,,0,0,0,0,,UNKNOWN,0,The Healthy Patterns Sleep Study The Healthy Patterns Study intervention is a home-based activity intervention designed to improve symptoms of circadian rhythm disorders (CRD) and quality of life (QOL) in home-dwelling persons with dementia. We will use a randomized two-group parallel design of 200 people with dementia and their caregivers assigned to intervention or attention control groups.,0,0,0,0.9697983,1,high,1
NCT02484547,221AD302 Phase 3 Study of Aducanumab (BIIB037) in Early Alzheimer's Disease,,"The primary objective of the study is to evaluate the efficacy of monthly doses of aducanumab in slowing cognitive and functional impairment as measured by changes in the Clinical Dementia Rating-Sum of Boxes (CDR-SB) score as compared with placebo in participants with early AD. Secondary objectives are to assess the effect of monthly doses of aducanumab as compared with placebo on clinical progression as measured by Mini-Mental State Examination (MMSE), AD Assessment Scale-Cognitive Subscale (13 items) \[ADAS-Cog 13\], and AD Cooperative Study-Activities of Daily Living Inventory (Mild Cognitive Impairment version) \[ADCS-ADL-MCI\].",,,PHASE3,INTERVENTIONAL,1643.0,UNKNOWN,UNKNOWN,UNKNOWN,TERMINATED,True,2015-09-15,2019-08-05,,47.333333333333336,,,UNKNOWN,,,,0,0,0,0,,UNKNOWN,0,"221AD302 Phase 3 Study of Aducanumab (BIIB037) in Early Alzheimer's Disease The primary objective of the study is to evaluate the efficacy of monthly doses of aducanumab in slowing cognitive and functional impairment as measured by changes in the Clinical Dementia Rating-Sum of Boxes (CDR-SB) score as compared with placebo in participants with early AD. Secondary objectives are to assess the effect of monthly doses of aducanumab as compared with placebo on clinical progression as measured by Mini-Mental State Examination (MMSE), AD Assessment Scale-Cognitive Subscale (13 items) \[ADAS-Cog 13\], and AD Cooperative Study-Activities of Daily Living Inventory (Mild Cognitive Impairment version) \[ADCS-ADL-MCI\].",0,0,0,0.09996228,0,high,0
NCT04418024,Efficacy and Safety of AG10 in Subjects with Transthyretin Amyloid Polyneurophathy,,See updated study design under NCT04882735. Phase 3 efficacy and safety of AG10 compared with placebo in subjects with symptomatic Transthyretin Amyloid Polyneuropathy (ATTR-PN),,,PHASE3,INTERVENTIONAL,0.0,UNKNOWN,UNKNOWN,UNKNOWN,WITHDRAWN,False,2020-10-21,2024-03-31,,41.9,,,UNKNOWN,,,,0,0,0,0,,UNKNOWN,0,Efficacy and Safety of AG10 in Subjects with Transthyretin Amyloid Polyneurophathy See updated study design under NCT04882735. Phase 3 efficacy and safety of AG10 compared with placebo in subjects with symptomatic Transthyretin Amyloid Polyneuropathy (ATTR-PN),0,0,0,0.00535405,0,high,0
NCT00322153,A Study of the Safety and Efficacy of Memantine in Moderate to Severe Alzheimer's Disease,,"The objective of this study is to evaluate the safety, tolerability, and efficacy of memantine compared to placebo in outpatients diagnosed with moderate-to-severe dementia of the Alzheimer's type on a concurrent acetylcholinesterase inhibitor (AChEI).",,,PHASE3,INTERVENTIONAL,677.0,UNKNOWN,UNKNOWN,UNKNOWN,COMPLETED,True,2005-06,2007-10,,28.4,,,UNKNOWN,,,,0,0,0,0,,UNKNOWN,0,"A Study of the Safety and Efficacy of Memantine in Moderate to Severe Alzheimer's Disease The objective of this study is to evaluate the safety, tolerability, and efficacy of memantine compared to placebo in outpatients diagnosed with moderate-to-severe dementia of the Alzheimer's type on a concurrent acetylcholinesterase inhibitor (AChEI).",0,0,0,0.95974874,1,high,1
NCT01053312,PET Imaging of Brain Amyloid in Normal Pressure Hydrocephalus,,This study will determine the level of association between the quantitative estimates of brain uptake of \[18F\]flutemetamol and the quantitative immunohistochemical estimates of amyloid levels in biopsy samples previously obtained during shunt placement in patients who have normal pressure hydrocephalus (NPH).,,,PHASE3,INTERVENTIONAL,7.0,UNKNOWN,UNKNOWN,UNKNOWN,COMPLETED,True,2009-12,2010-07,,7.066666666666666,,,UNKNOWN,,,,0,0,0,0,,UNKNOWN,0,PET Imaging of Brain Amyloid in Normal Pressure Hydrocephalus This study will determine the level of association between the quantitative estimates of brain uptake of \[18F\]flutemetamol and the quantitative immunohistochemical estimates of amyloid levels in biopsy samples previously obtained during shunt placement in patients who have normal pressure hydrocephalus (NPH).,0,0,0,0.9513792,1,high,1
NCT02035982,Discontinuation of Cholinesterase Inhibitors for the Treatment of Severe Alzheimer's Disease,,"There are few pharmacological treatments available for Alzheimer's disease, including drugs called cholinesterase inhibitors: donepezil, galantamine, and rivastigmine. In research trials, cholinesterase inhibitors have been shown to improve memory and problem behaviours in people with mild to moderate Alzheimer's disease. However, these benefits may not extend to the real-world when taking into account nursing home and health care costs. There is less information on the use of cholinesterase inhibitors in people with severe Alzheimer's disease. In Canada, only donepezil is recommended for the treatment of severe Alzheimer's disease. However, there is no information on whether the benefits that donepezil provides to people with severe Alzheimer's disease are sustained over the long term. Moreover, while the tolerability of cholinesterase inhibitors is generally acceptable, their use is not completely harmless. Common side effects include nausea, diarrhea, insomnia, vomiting, muscle cramping, fatigue and loss of appetite.

In Ontario, cholinesterase inhibitor users tend to remain on these medications for two years or more and often until death. The current cholinesterase inhibitor guidelines provide details on what medication should be used, when it should be started and how it should be monitored, but there is less clarity on when it is safe and appropriate to stop treatment. The cessation of cholinesterase inhibitors in patients no longer appearing to display any clear benefits may help to lower the risk of unpleasant side effects, lower the use of multiple medications, and reduce the costs of caring for individuals with Alzheimer's disease. However, the cessation of cholinesterase inhibitor therapy may run the risk of deterioration in memory, worsening or development of behavioural symptoms and the placement of additional demands on professional and unpaid caregivers.

There is a clear need for guidelines when to stop cholinesterase inhibitor treatment, especially for patients in whom the benefits of not be on the medication will outweigh the risks. The purpose of this study is to address this issue by collecting data which may be helpful in predicting which types of patients may benefit from stopping cholinesterase inhibitor treatment. Understanding when, and for whom, it is appropriate to stop cholinesterase inhibitor treatment will influence the field of pharmacology in the treatment of Alzheimer's disease.",,,PHASE3,INTERVENTIONAL,40.0,UNKNOWN,UNKNOWN,UNKNOWN,COMPLETED,False,2010-07,2014-05,,46.666666666666664,,,UNKNOWN,,,,0,0,0,0,,UNKNOWN,0,"Discontinuation of Cholinesterase Inhibitors for the Treatment of Severe Alzheimer's Disease There are few pharmacological treatments available for Alzheimer's disease, including drugs called cholinesterase inhibitors: donepezil, galantamine, and rivastigmine. In research trials, cholinesterase inhibitors have been shown to improve memory and problem behaviours in people with mild to moderate Alzheimer's disease. However, these benefits may not extend to the real-world when taking into account nursing home and health care costs. There is less information on the use of cholinesterase inhibitors in people with severe Alzheimer's disease. In Canada, only donepezil is recommended for the treatment of severe Alzheimer's disease. However, there is no information on whether the benefits that donepezil provides to people with severe Alzheimer's disease are sustained over the long term. Moreover, while the tolerability of cholinesterase inhibitors is generally acceptable, their use is not completely harmless. Common side effects include nausea, diarrhea, insomnia, vomiting, muscle cramping, fatigue and loss of appetite.

In Ontario, cholinesterase inhibitor users tend to remain on these medications for two years or more and often until death. The current cholinesterase inhibitor guidelines provide details on what medication should be used, when it should be started and how it should be monitored, but there is less clarity on when it is safe and appropriate to stop treatment. The cessation of cholinesterase inhibitors in patients no longer appearing to display any clear benefits may help to lower the risk of unpleasant side effects, lower the use of multiple medications, and reduce the costs of caring for individuals with Alzheimer's disease. However, the cessation of cholinesterase inhibitor therapy may run the risk of deterioration in memory, worsening or development of behavioural symptoms and the placement of additional demands on professional and unpaid caregivers.

There is a clear need for guidelines when to stop cholinesterase inhibitor treatment, especially for patients in whom the benefits of not be on the medication will outweigh the risks. The purpose of this study is to address this issue by collecting data which may be helpful in predicting which types of patients may benefit from stopping cholinesterase inhibitor treatment. Understanding when, and for whom, it is appropriate to stop cholinesterase inhibitor treatment will influence the field of pharmacology in the treatment of Alzheimer's disease.",0,0,0,0.03766818,0,high,0
NCT00259480,Project ACT: Advancing Caregiving Techniques,,"The specific aims of this study are to:

1. Test the immediate effectiveness of the intervention to reduce caregiver upset with targeted disruptive behaviors (primary outcome). Hypothesis: Caregivers in the intervention group will report less upset with target behaviors at 4-months in comparison to caregivers in the control group.
2. Test the immediate effectiveness of the intervention to reduce caregiver burden (secondary outcome). Hypothesis: Caregivers in the intervention group will report less burden at 4-months in comparison to caregivers in the control group.
3. Test the immediate effectiveness of the intervention to reduce the frequency of occurrence of targeted disruptive behaviors in persons with dementia (secondary outcome). Hypothesis: Caregivers in the intervention group will report a decrease in the frequency of occurrence of targeted behaviors at 4-months in comparison to caregivers in the control group.
4. Test the maintenance effect of intervention at 6-months on caregiver upset and burden and targeted disruptive behaviors. Hypothesis: Compared to usual care, caregivers in intervention will maintain reduced upset and burden and report less occurrences of targeted behaviors from 4 to 6-months.
5. Assess the cost of the intervention and its cost effectiveness.

We have also received funding to conduct a supplementary study to evaluate the effect of the nurse intervention on behavior reduction and caregiver distress. The specific aims of this supplementary study arm are to: 1) describe the prevalence and type of medical conditions among control group participants who receive the nurse intervention, 2) describe for those with a detected medical condition/problem, the number of caregivers who follow-up with physicians and the type of physician follow-up/treatment that occurs; 3) evaluate whether control group participants who receive the nurse intervention report reduced disruptive behaviors and caregiver upset at 6 weeks (pre-post comparison); and 4) for control group participants who receive the nurse intervention, compare the level of disruptive behaviors and caregiver upset 4 months from entry into this study arm with the results in the Project ACT experimental group (who received the multi-component intervention).",,,PHASE3,INTERVENTIONAL,272.0,UNKNOWN,UNKNOWN,UNKNOWN,COMPLETED,False,2001-08,2014-03,,153.16666666666666,,,UNKNOWN,,,,0,0,0,0,,UNKNOWN,0,"Project ACT: Advancing Caregiving Techniques The specific aims of this study are to:

1. Test the immediate effectiveness of the intervention to reduce caregiver upset with targeted disruptive behaviors (primary outcome). Hypothesis: Caregivers in the intervention group will report less upset with target behaviors at 4-months in comparison to caregivers in the control group.
2. Test the immediate effectiveness of the intervention to reduce caregiver burden (secondary outcome). Hypothesis: Caregivers in the intervention group will report less burden at 4-months in comparison to caregivers in the control group.
3. Test the immediate effectiveness of the intervention to reduce the frequency of occurrence of targeted disruptive behaviors in persons with dementia (secondary outcome). Hypothesis: Caregivers in the intervention group will report a decrease in the frequency of occurrence of targeted behaviors at 4-months in comparison to caregivers in the control group.
4. Test the maintenance effect of intervention at 6-months on caregiver upset and burden and targeted disruptive behaviors. Hypothesis: Compared to usual care, caregivers in intervention will maintain reduced upset and burden and report less occurrences of targeted behaviors from 4 to 6-months.
5. Assess the cost of the intervention and its cost effectiveness.

We have also received funding to conduct a supplementary study to evaluate the effect of the nurse intervention on behavior reduction and caregiver distress. The specific aims of this supplementary study arm are to: 1) describe the prevalence and type of medical conditions among control group participants who receive the nurse intervention, 2) describe for those with a detected medical condition/problem, the number of caregivers who follow-up with physicians and the type of physician follow-up/treatment that occurs; 3) evaluate whether control group participants who receive the nurse intervention report reduced disruptive behaviors and caregiver upset at 6 weeks (pre-post comparison); and 4) for control group participants who receive the nurse intervention, compare the level of disruptive behaviors and caregiver upset 4 months from entry into this study arm with the results in the Project ACT experimental group (who received the multi-component intervention).",0,0,0,0.24354044,0,medium,0
NCT00908492,Supporting Caregivers of Persons With Dementia: A Pilot Study,,"The purpose of this study is to pilot the home Environmental Skill-Building Program (ESP) and an educational control intervention with persons with dementia and their caregivers (n=40) in preparation for a larger double-blind randomized controlled trial. Caregivers of persons with dementia often deal with difficult behaviors. The ESP is an occupational therapy intervention that helps caregivers adapt to their environment and build care-giving skills. The areas addressed include changes to the home set-up, adaptive equipment, instruction in strategies of problem-solving, energy conservation, safe task performance, and fall recovery techniques. A trial is needed with methodological rigor and to determine if the intervention is feasible in the Canadian health care system. Results will contribute to understanding how caregivers and people with dementia can be supported in their home environments.",,,PHASE2 | PHASE3,INTERVENTIONAL,38.0,UNKNOWN,UNKNOWN,UNKNOWN,COMPLETED,False,2009-11,2011-08,,21.266666666666666,,,UNKNOWN,,,,0,0,0,0,,UNKNOWN,0,"Supporting Caregivers of Persons With Dementia: A Pilot Study The purpose of this study is to pilot the home Environmental Skill-Building Program (ESP) and an educational control intervention with persons with dementia and their caregivers (n=40) in preparation for a larger double-blind randomized controlled trial. Caregivers of persons with dementia often deal with difficult behaviors. The ESP is an occupational therapy intervention that helps caregivers adapt to their environment and build care-giving skills. The areas addressed include changes to the home set-up, adaptive equipment, instruction in strategies of problem-solving, energy conservation, safe task performance, and fall recovery techniques. A trial is needed with methodological rigor and to determine if the intervention is feasible in the Canadian health care system. Results will contribute to understanding how caregivers and people with dementia can be supported in their home environments.",0,0,0,0.060130723,0,high,0
NCT00905372,Effect of LY2062430 on the Progression of Alzheimer's Disease,,"Alzheimer's disease (AD) is an age-related degenerative disorder of the brain, characterized by progressive decline in cognitive function and ability to perform activities of daily living, and ultimately can lead to death due to complications of the disease. AD is thought to be caused by an excess of A-Beta amyloid, a sticky protein in the brain that forms amyloid plaques. Treatments that slow the synthesis or deposition of A-Beta amyloid, or that increase clearance, might be expected to slow the progression of AD.

LY2062430 (solanezumab) is a humanized anti-A Beta peptide immunoglobulin G-1 (IgG1) monoclonal antibody being developed for the treatment of AD. The primary hypothesis being tested is that LY2062430 will slow cognitive and functional decline in AD as compared with placebo. Each patient's participation will last approximately 19 months. Patients taking approved AD medications may participate in this study and continue taking these medications during the study.",,,PHASE3,INTERVENTIONAL,1000.0,UNKNOWN,UNKNOWN,UNKNOWN,COMPLETED,False,2009-05,2012-04,,35.53333333333333,,,UNKNOWN,,,,0,0,0,0,,UNKNOWN,0,"Effect of LY2062430 on the Progression of Alzheimer's Disease Alzheimer's disease (AD) is an age-related degenerative disorder of the brain, characterized by progressive decline in cognitive function and ability to perform activities of daily living, and ultimately can lead to death due to complications of the disease. AD is thought to be caused by an excess of A-Beta amyloid, a sticky protein in the brain that forms amyloid plaques. Treatments that slow the synthesis or deposition of A-Beta amyloid, or that increase clearance, might be expected to slow the progression of AD.

LY2062430 (solanezumab) is a humanized anti-A Beta peptide immunoglobulin G-1 (IgG1) monoclonal antibody being developed for the treatment of AD. The primary hypothesis being tested is that LY2062430 will slow cognitive and functional decline in AD as compared with placebo. Each patient's participation will last approximately 19 months. Patients taking approved AD medications may participate in this study and continue taking these medications during the study.",0,0,0,0.013366733,0,high,0
NCT05686044,A Dose-ranging Study to Investigate Efficacy of Buntanetap in Mild to Moderate AD,,"The purpose of this study is to measure efficacy and safety of three different doses of buntanetap/Posiphen compared with placebo in participants with mild to moderate Alzheimer's disease.

Study details include:

The double-blind treatment duration will include a screening period of up to 42 days followed by 12 weeks of treatment at home.

The study duration will be 4-5 months. There will be 4 in-clinic visits and 1 phone call.",,,PHASE2 | PHASE3,INTERVENTIONAL,351.0,UNKNOWN,UNKNOWN,UNKNOWN,COMPLETED,True,2023-04-01,2024-02-13,,10.6,,,UNKNOWN,,,,0,0,0,0,,UNKNOWN,0,"A Dose-ranging Study to Investigate Efficacy of Buntanetap in Mild to Moderate AD The purpose of this study is to measure efficacy and safety of three different doses of buntanetap/Posiphen compared with placebo in participants with mild to moderate Alzheimer's disease.

Study details include:

The double-blind treatment duration will include a screening period of up to 42 days followed by 12 weeks of treatment at home.

The study duration will be 4-5 months. There will be 4 in-clinic visits and 1 phone call.",0,0,0,0.9772828,1,high,1
NCT02585934,Study Evaluating Intepirdine (RVT-101) in Subjects With Mild to Moderate Alzheimer's Disease on Donepezil: MINDSET Study,,This study seeks to confirm a demonstrated treatment effect of intepirdine (RVT-101) as an adjunctive therapy to donepezil for the treatment of subjects with Alzheimer's disease.,,,PHASE3,INTERVENTIONAL,1315.0,UNKNOWN,UNKNOWN,UNKNOWN,COMPLETED,True,2015-10,2017-09,,23.366666666666667,,,UNKNOWN,,,,0,0,0,0,,UNKNOWN,0,Study Evaluating Intepirdine (RVT-101) in Subjects With Mild to Moderate Alzheimer's Disease on Donepezil: MINDSET Study This study seeks to confirm a demonstrated treatment effect of intepirdine (RVT-101) as an adjunctive therapy to donepezil for the treatment of subjects with Alzheimer's disease.,0,0,0,0.9722024,1,high,1
NCT02080364,Evaluation of the Efficacy and Safety of Azeliragon (TTP488) in Patients With Mild Alzheimer's Disease,,This is a study to evaluate the efficacy and safety of azeliragon in patients with mild Alzheimer's disease. Patients will receive either azeliragon or placebo with a patient's participation lasting approximately 18 months.,,,PHASE3,INTERVENTIONAL,880.0,UNKNOWN,UNKNOWN,UNKNOWN,TERMINATED,True,2015-04,2018-06-01,,38.56666666666667,,,UNKNOWN,,,,0,0,0,0,,UNKNOWN,0,Evaluation of the Efficacy and Safety of Azeliragon (TTP488) in Patients With Mild Alzheimer's Disease This is a study to evaluate the efficacy and safety of azeliragon in patients with mild Alzheimer's disease. Patients will receive either azeliragon or placebo with a patient's participation lasting approximately 18 months.,0,0,0,0.022415753,0,high,0
NCT06736509,"An Open-Label Study to Assess the Long-term Safety of AXS-05 in Subjects With Dementia of the Alzheimer's Type, ADVANCE-2 and ACCORD-2 Extension Study",,The primary objective of this open-label extension trial is to evaluate the long-term safety of AXS-05 for the treatment of Alzheimer's disease agitation in subjects that participated in ADVANCE-2 and ACCORD-2.,,,PHASE3,INTERVENTIONAL,139.0,UNKNOWN,UNKNOWN,UNKNOWN,TERMINATED,False,2024-11-21,2025-02-17,,2.933333333333333,,,UNKNOWN,,,,0,0,0,0,,UNKNOWN,0,"An Open-Label Study to Assess the Long-term Safety of AXS-05 in Subjects With Dementia of the Alzheimer's Type, ADVANCE-2 and ACCORD-2 Extension Study The primary objective of this open-label extension trial is to evaluate the long-term safety of AXS-05 for the treatment of Alzheimer's disease agitation in subjects that participated in ADVANCE-2 and ACCORD-2.",0,0,0,0.016729902,0,high,0
NCT02006654,Study of Idalopirdine in Patients With Mild - Moderate Alzheimer's Disease Treated With an Acetylcholinesterase Inhibitor,,To establish efficacy of idalopirdine as adjunctive therapy to acetylcholinesterase inhibitors (AChEIs) for symptomatic treatment of patients with mild-moderate Alzheimer's disease (AD).,,,PHASE3,INTERVENTIONAL,734.0,UNKNOWN,UNKNOWN,UNKNOWN,COMPLETED,True,2014-03,2017-01,,34.56666666666667,,,UNKNOWN,,,,0,0,0,0,,UNKNOWN,0,Study of Idalopirdine in Patients With Mild - Moderate Alzheimer's Disease Treated With an Acetylcholinesterase Inhibitor To establish efficacy of idalopirdine as adjunctive therapy to acetylcholinesterase inhibitors (AChEIs) for symptomatic treatment of patients with mild-moderate Alzheimer's disease (AD).,0,0,0,0.8405274,1,high,1
NCT00432081,Effect of Indomethacin on the Progression of Alzheimer's Disease,,The purpose of this study is determine whether indomethacin is able to retard disease progression in patients with mild to moderate Alzheimer's disease.,,,PHASE3,INTERVENTIONAL,160.0,UNKNOWN,UNKNOWN,UNKNOWN,COMPLETED,False,2000-05,,,37.08333333333333,,,UNKNOWN,,,,0,0,0,0,,UNKNOWN,0,Effect of Indomethacin on the Progression of Alzheimer's Disease The purpose of this study is determine whether indomethacin is able to retard disease progression in patients with mild to moderate Alzheimer's disease.,0,0,0,0.025094904,0,high,0
NCT04395339,GM1 Prophylaxis for WBRT Related Cognitive Dysfunction,,"To evaluate the efficacy and safety of GM1 for preventing cognitive impairment related to whole brain radiotherapy in breast cancer patients with brain metastases. And explore the clinical and molecular parameter for predicting severe cognitive impairment induced by WBRT and gaining benefit from GM1.

Primary Endpoint: the change of Hopkins Verbal and Learning Test-Revised Delayed Recall,HVLT-R DR,before and after WBRT Secondary ENDPOINT: the change of Alzheimer's Disease Assessment Scale-Cognitive，ADAS-Cog before and after WBRT;severe cognitive impairment percentage and onset time; Design:204 patients will be randomly assigned to exp.group,102 cases,and 102 cases of control group.",,,PHASE3,INTERVENTIONAL,51.0,UNKNOWN,UNKNOWN,UNKNOWN,TERMINATED,False,2020-05-15,2024-07-31,,51.266666666666666,,,UNKNOWN,,,,0,0,0,0,,UNKNOWN,0,"GM1 Prophylaxis for WBRT Related Cognitive Dysfunction To evaluate the efficacy and safety of GM1 for preventing cognitive impairment related to whole brain radiotherapy in breast cancer patients with brain metastases. And explore the clinical and molecular parameter for predicting severe cognitive impairment induced by WBRT and gaining benefit from GM1.

Primary Endpoint: the change of Hopkins Verbal and Learning Test-Revised Delayed Recall,HVLT-R DR,before and after WBRT Secondary ENDPOINT: the change of Alzheimer's Disease Assessment Scale-Cognitive，ADAS-Cog before and after WBRT;severe cognitive impairment percentage and onset time; Design:204 patients will be randomly assigned to exp.group,102 cases,and 102 cases of control group.",0,0,0,0.031796068,0,high,0
NCT00236431,A Study to Evaluate the Efficacy and Safety of Galantamine in Patients With Mild Cognitive Impairment,,The purpose of this study is to evaluate the efficacy and safety of galantamine treatment in patients with mild cognitive impairment.,,,PHASE3,INTERVENTIONAL,1063.0,UNKNOWN,UNKNOWN,UNKNOWN,COMPLETED,False,2001-05,,,37.08333333333333,,,UNKNOWN,,,,0,0,0,0,,UNKNOWN,0,A Study to Evaluate the Efficacy and Safety of Galantamine in Patients With Mild Cognitive Impairment The purpose of this study is to evaluate the efficacy and safety of galantamine treatment in patients with mild cognitive impairment.,0,0,0,0.0057475017,0,high,0
NCT02351882,Safety and Efficacy of Nabilone in Alzheimer's Disease,,"Alzheimer's disease (AD) is commonly associated with behavioural changes such as agitation. Severe agitation is important to treat because it not only increases progression of AD and physical health problems (increased falls and weight loss), but it also decreases quality of life and increases caregiver stress. Currently prescribed treatments (i.e., antipsychotics) for agitation in AD do not work in everybody and when they do work the effect is small and they increase the risk of harmful side effects, including death. As a result, there is an urgent need for safer medication options. The cannabinoid nabilone can now be prescribed in capsule form for appetite and pain killing effects. Nabilone's calming effects may benefit those with agitation, and help the weight loss and untreated pain frequently associated with agitation. Through a clinical trial, the investigators hope identify the benefits of nabilone in the treatment of agitation in AD.

The investigators objective is to determine whether nabilone is an efficacious and safe treatment for agitation, as well as having benefits for pain, weight and behavioural symptoms. This will be a 14 week clinical trial (participants take nabilone for 6 weeks, placebo for 6 weeks (order randomized) with 1 week between treatments). The investigators will assess and compare agitation, weight, pain, memory, behaviour and safety.

Nabilone is a new class of medication that may be a safe and effective treatment for agitation in AD, with added benefits on appetite and pain. Reducing these symptoms would increase quality-of-life and reduce caregiver stress.",,,PHASE2 | PHASE3,INTERVENTIONAL,38.0,UNKNOWN,UNKNOWN,UNKNOWN,COMPLETED,False,2015-01,2018-01,,36.53333333333333,,,UNKNOWN,,,,0,0,0,0,,UNKNOWN,0,"Safety and Efficacy of Nabilone in Alzheimer's Disease Alzheimer's disease (AD) is commonly associated with behavioural changes such as agitation. Severe agitation is important to treat because it not only increases progression of AD and physical health problems (increased falls and weight loss), but it also decreases quality of life and increases caregiver stress. Currently prescribed treatments (i.e., antipsychotics) for agitation in AD do not work in everybody and when they do work the effect is small and they increase the risk of harmful side effects, including death. As a result, there is an urgent need for safer medication options. The cannabinoid nabilone can now be prescribed in capsule form for appetite and pain killing effects. Nabilone's calming effects may benefit those with agitation, and help the weight loss and untreated pain frequently associated with agitation. Through a clinical trial, the investigators hope identify the benefits of nabilone in the treatment of agitation in AD.

The investigators objective is to determine whether nabilone is an efficacious and safe treatment for agitation, as well as having benefits for pain, weight and behavioural symptoms. This will be a 14 week clinical trial (participants take nabilone for 6 weeks, placebo for 6 weeks (order randomized) with 1 week between treatments). The investigators will assess and compare agitation, weight, pain, memory, behaviour and safety.

Nabilone is a new class of medication that may be a safe and effective treatment for agitation in AD, with added benefits on appetite and pain. Reducing these symptoms would increase quality-of-life and reduce caregiver stress.",0,0,0,0.03091133,0,high,0
NCT00667810,Study Evaluating The Efficacy And Safety Of Bapineuzumab In Alzheimer Disease Patients,,This is a study to evaluate the efficacy and safety of multiple doses of bapineuzumab in patients with mild to moderate Alzheimer Disease. Patients will receive either bapineuzumab or placebo. Each patient's participation will last approximately 1.5 years.,,,PHASE3,INTERVENTIONAL,901.0,UNKNOWN,UNKNOWN,UNKNOWN,TERMINATED,True,2008-06,2012-10,,52.766666666666666,,,UNKNOWN,,,,0,0,0,0,,UNKNOWN,0,Study Evaluating The Efficacy And Safety Of Bapineuzumab In Alzheimer Disease Patients This is a study to evaluate the efficacy and safety of multiple doses of bapineuzumab in patients with mild to moderate Alzheimer Disease. Patients will receive either bapineuzumab or placebo. Each patient's participation will last approximately 1.5 years.,0,0,0,0.024130322,0,high,0
NCT01165554,Positron Emission Tomography (PET) Imaging of Brain Amyloid Compared to Post-Mortem Levels,,To determine the level of association between quantitative regional estimates of brain uptake of \[18F\]flutemetamol and quantitative immunohistochemical regional estimates of brain levels of amyloid estimated from post-mortem analysis of corresponding brain tissue samples.,,,PHASE3,INTERVENTIONAL,203.0,UNKNOWN,UNKNOWN,UNKNOWN,COMPLETED,True,2010-05,2011-11,,18.3,,,UNKNOWN,,,,0,0,0,0,,UNKNOWN,0,Positron Emission Tomography (PET) Imaging of Brain Amyloid Compared to Post-Mortem Levels To determine the level of association between quantitative regional estimates of brain uptake of \[18F\]flutemetamol and quantitative immunohistochemical regional estimates of brain levels of amyloid estimated from post-mortem analysis of corresponding brain tissue samples.,0,0,0,0.95909506,1,high,1
NCT05575076,Open-label Extension for Phase 3 Clinical Trials of Simufilam,,The goal of this open-label extension study is to assess long-term safety and tolerability of simufilam 100 mg in subjects who have completed the RETHINK-ALZ or REFOCUS-ALZ Phase 3 clinical trials.,,,PHASE3,INTERVENTIONAL,1081.0,UNKNOWN,UNKNOWN,UNKNOWN,TERMINATED,True,2022-11-07,2025-01-31,,27.2,,,UNKNOWN,,,,0,0,0,0,,UNKNOWN,0,Open-label Extension for Phase 3 Clinical Trials of Simufilam The goal of this open-label extension study is to assess long-term safety and tolerability of simufilam 100 mg in subjects who have completed the RETHINK-ALZ or REFOCUS-ALZ Phase 3 clinical trials.,0,0,0,0.015775563,0,high,0
NCT02719327,Brain Amyloid and Vascular Effects of Eicosapentaenoic Acid,,"The number of Americans diagnosed with Alzheimer's disease (AD) is expected to triple by 2050. Compared to the general population, Veterans have a greater risk of AD, likely in part due to their increased incidence of traumatic brain injury, post-traumatic stress disorder, depression, and other vascular-related health issues. Based on available data, 423,000 new cases of AD are anticipated in Veterans by 2020. Thus, the discovery of effective therapies to prevent or delay the onset of AD in Veterans is critical. The goal of this study is to evaluate the efficacy of a purified form of the omega-3 fatty acid eicosapentaenoic acid (EPA) called icosapent ethyl (IPE), on improving brain blood flow, spinal fluid markers of AD pathology, and cognitive performance in middle-aged, cognitively-healthy Veterans with increased risk of AD. If IPE delays the onset of AD by even 5 years, the incidence of AD would be reduced by 50% in this population and could have a profound effect on Veteran quality of life and healthcare costs.",,,PHASE2 | PHASE3,INTERVENTIONAL,131.0,UNKNOWN,UNKNOWN,UNKNOWN,COMPLETED,True,2017-06-08,2023-09-29,,76.8,,,UNKNOWN,,,,0,0,0,0,,UNKNOWN,0,"Brain Amyloid and Vascular Effects of Eicosapentaenoic Acid The number of Americans diagnosed with Alzheimer's disease (AD) is expected to triple by 2050. Compared to the general population, Veterans have a greater risk of AD, likely in part due to their increased incidence of traumatic brain injury, post-traumatic stress disorder, depression, and other vascular-related health issues. Based on available data, 423,000 new cases of AD are anticipated in Veterans by 2020. Thus, the discovery of effective therapies to prevent or delay the onset of AD in Veterans is critical. The goal of this study is to evaluate the efficacy of a purified form of the omega-3 fatty acid eicosapentaenoic acid (EPA) called icosapent ethyl (IPE), on improving brain blood flow, spinal fluid markers of AD pathology, and cognitive performance in middle-aged, cognitively-healthy Veterans with increased risk of AD. If IPE delays the onset of AD by even 5 years, the incidence of AD would be reduced by 50% in this population and could have a profound effect on Veteran quality of life and healthcare costs.",0,0,0,0.97589135,1,high,1
NCT01900665,Progress of Mild Alzheimer's Disease in Participants on Solanezumab Versus Placebo,,To test the idea that solanezumab will slow the cognitive decline of Alzheimer's Disease (AD) as compared with placebo in participants with mild AD.,,,PHASE3,INTERVENTIONAL,2129.0,UNKNOWN,UNKNOWN,UNKNOWN,TERMINATED,True,2013-07,2016-10,,39.6,,,UNKNOWN,,,,0,0,0,0,,UNKNOWN,0,Progress of Mild Alzheimer's Disease in Participants on Solanezumab Versus Placebo To test the idea that solanezumab will slow the cognitive decline of Alzheimer's Disease (AD) as compared with placebo in participants with mild AD.,0,0,0,0.03727721,0,high,0
NCT00904683,Effect of LY2062430 on the Progression of Alzheimer's Disease,,"Alzheimer's disease (AD) is an age-related degenerative disorder of the brain, characterized by progressive decline in cognitive function and ability to perform activities of daily living, and ultimately can lead to death due to complications of the disease. AD is thought to be caused by an excess of A-Beta amyloid, a sticky protein in the brain that forms amyloid plaques. Treatments that slow the synthesis or deposition of A-Beta amyloid, or that increase clearance, might be expected to slow the progression of AD.

LY2062430 (solanezumab) is a humanized anti-A Beta peptide immunoglobulin G-1 (IgG1) monoclonal antibody being developed for the treatment of AD. The primary hypothesis being tested is that LY2062430 will slow cognitive and functional decline in AD as compared with placebo. Each patient's participation will last approximately 19 months. Patients taking approved AD medications may participate in this study and continue taking these medications during the study.",,,PHASE3,INTERVENTIONAL,1040.0,UNKNOWN,UNKNOWN,UNKNOWN,COMPLETED,False,2009-05,2012-06,,37.56666666666667,,,UNKNOWN,,,,0,0,0,0,,UNKNOWN,0,"Effect of LY2062430 on the Progression of Alzheimer's Disease Alzheimer's disease (AD) is an age-related degenerative disorder of the brain, characterized by progressive decline in cognitive function and ability to perform activities of daily living, and ultimately can lead to death due to complications of the disease. AD is thought to be caused by an excess of A-Beta amyloid, a sticky protein in the brain that forms amyloid plaques. Treatments that slow the synthesis or deposition of A-Beta amyloid, or that increase clearance, might be expected to slow the progression of AD.

LY2062430 (solanezumab) is a humanized anti-A Beta peptide immunoglobulin G-1 (IgG1) monoclonal antibody being developed for the treatment of AD. The primary hypothesis being tested is that LY2062430 will slow cognitive and functional decline in AD as compared with placebo. Each patient's participation will last approximately 19 months. Patients taking approved AD medications may participate in this study and continue taking these medications during the study.",0,0,0,0.014007485,0,high,0
NCT00675623,A Safety and Efficacy Study of Oral Dimebon in Patients With Mild-To-Moderate Alzheimer's Disease,,The Connection Study is a six-month confirmatory Phase 3 study to determine the safety and efficacy of Dimebon in the treatment of mild-to-moderate Alzheimer's disease (AD).,,,PHASE3,INTERVENTIONAL,598.0,UNKNOWN,UNKNOWN,UNKNOWN,COMPLETED,False,2008-05,2009-12,,19.3,,,UNKNOWN,,,,0,0,0,0,,UNKNOWN,0,A Safety and Efficacy Study of Oral Dimebon in Patients With Mild-To-Moderate Alzheimer's Disease The Connection Study is a six-month confirmatory Phase 3 study to determine the safety and efficacy of Dimebon in the treatment of mild-to-moderate Alzheimer's disease (AD).,0,0,0,0.06572695,0,high,0
NCT02760602,A Study of Solanezumab (LY2062430) in Participants With Prodromal Alzheimer's Disease,,The main purpose of this study is to investigate the safety and efficacy of the study drug solanezumab in participants with prodromal Alzheimer's disease (AD).,,,PHASE3,INTERVENTIONAL,26.0,UNKNOWN,UNKNOWN,UNKNOWN,TERMINATED,True,2016-06,2017-05,,11.133333333333333,,,UNKNOWN,,,,0,0,0,0,,UNKNOWN,0,A Study of Solanezumab (LY2062430) in Participants With Prodromal Alzheimer's Disease The main purpose of this study is to investigate the safety and efficacy of the study drug solanezumab in participants with prodromal Alzheimer's disease (AD).,0,0,0,0.014210303,0,high,0
NCT04520412,A Study of Sodium Oligomannate (GV-971) in Participants With Mild to Moderate Alzheimer's Disease,,"The purpose of this study is to evaluate the safety, tolerability and efficacy of GV-971 in mild to moderate Alzheimer's disease.",,,PHASE3,INTERVENTIONAL,2046.0,UNKNOWN,UNKNOWN,UNKNOWN,SUSPENDED,False,2020-10-27,2025-12,,62.03333333333333,,,UNKNOWN,,,,0,0,0,0,,UNKNOWN,0,"A Study of Sodium Oligomannate (GV-971) in Participants With Mild to Moderate Alzheimer's Disease The purpose of this study is to evaluate the safety, tolerability and efficacy of GV-971 in mild to moderate Alzheimer's disease.",0,0,0,0.03782173,0,high,0
NCT05026177,Simufilam 50 mg or 100 mg for Mild-to-Moderate Alzheimer's Disease,,"A 76-week safety and efficacy study of simufilam (PTI-125) given twice daily to participants with mild-to-moderate Alzheimer's disease (AD) for 76 weeks. Approximately 1083 participants will be randomized (1:1:1) to receive either placebo, 50 mg tablets of simufilam, or 100 mg tablets of simufilam, twice daily, for 76 weeks. Clinic visits will occur 4 weeks after the baseline visit, and then every 12 weeks until the end of the study. The safety of simufilam, and its efficacy in enhancing cognition and slowing cognitive and functional decline will be evaluated.",,,PHASE3,INTERVENTIONAL,1125.0,UNKNOWN,UNKNOWN,UNKNOWN,TERMINATED,True,2021-11-18,2024-12-30,,37.93333333333333,,,UNKNOWN,,,,0,0,0,0,,UNKNOWN,0,"Simufilam 50 mg or 100 mg for Mild-to-Moderate Alzheimer's Disease A 76-week safety and efficacy study of simufilam (PTI-125) given twice daily to participants with mild-to-moderate Alzheimer's disease (AD) for 76 weeks. Approximately 1083 participants will be randomized (1:1:1) to receive either placebo, 50 mg tablets of simufilam, or 100 mg tablets of simufilam, twice daily, for 76 weeks. Clinic visits will occur 4 weeks after the baseline visit, and then every 12 weeks until the end of the study. The safety of simufilam, and its efficacy in enhancing cognition and slowing cognitive and functional decline will be evaluated.",0,0,0,0.08677956,0,high,0
NCT00678431,Randomized Trial of a Nutritional Supplement in Alzheimer's Disease,,"Alzheimer's disease (AD), one of the leading causes of morbidity and mortality in the elderly is characterized by progressive cognitive decline and certain neuropathological features.

Currently, there is great interest in the well-documented mitochondrial (oxidative) lesion in AD. Disturbed oxidative metabolism is a well described abnormality in AD. Several observational studies have shown that moderate consumption of wine is associated with a lower incidence of Alzheimer's disease (Truelsen et al., 2002; Luchsinger et al., 2004). Wine is enriched in antioxidant compounds with potential neuroprotective activities. In the early 1990s the presence of Resveratrol in red wine was detected where it is suspected to afford antioxidant and neuroprotective properties (Miller and Rice-Evans, 1995).

Blass and Gordon (2004) have demonstrated positive effects in AD with an oral preparation of glucose, malate and resveratrol. Glucose is the physiological precursor of the substrates of oxidative metabolism in the brain, malate is a primer of the energy-providing Krebs-cycle. Glucose and malate therefore can provide reducing equivalents (electrons) to regenerate the reduced form of resveratrol, and do so under the normal regulation of brain cell metabolism. All three ingredients are classified by the FDA as Generally Recognized As Safe.",,,PHASE3,INTERVENTIONAL,27.0,UNKNOWN,UNKNOWN,UNKNOWN,COMPLETED,False,2008-01,2010-12,,35.5,,,UNKNOWN,,,,0,0,0,0,,UNKNOWN,0,"Randomized Trial of a Nutritional Supplement in Alzheimer's Disease Alzheimer's disease (AD), one of the leading causes of morbidity and mortality in the elderly is characterized by progressive cognitive decline and certain neuropathological features.

Currently, there is great interest in the well-documented mitochondrial (oxidative) lesion in AD. Disturbed oxidative metabolism is a well described abnormality in AD. Several observational studies have shown that moderate consumption of wine is associated with a lower incidence of Alzheimer's disease (Truelsen et al., 2002; Luchsinger et al., 2004). Wine is enriched in antioxidant compounds with potential neuroprotective activities. In the early 1990s the presence of Resveratrol in red wine was detected where it is suspected to afford antioxidant and neuroprotective properties (Miller and Rice-Evans, 1995).

Blass and Gordon (2004) have demonstrated positive effects in AD with an oral preparation of glucose, malate and resveratrol. Glucose is the physiological precursor of the substrates of oxidative metabolism in the brain, malate is a primer of the energy-providing Krebs-cycle. Glucose and malate therefore can provide reducing equivalents (electrons) to regenerate the reduced form of resveratrol, and do so under the normal regulation of brain cell metabolism. All three ingredients are classified by the FDA as Generally Recognized As Safe.",0,0,0,0.016438566,0,high,0
NCT02350127,Preventing Loss of Independence Through Exercise (PLIE) in Persons With Dementia,,"Nearly 1 in 10 older Veterans have dementia, which is a devastating condition that leads to a progressive loss of independence and functional status. Currently available dementia medications do not alter the disease course. Therefore, it is critically important to identify effective strategies for helping older Veterans living with dementia to enhance their functional status and quality of life. The investigators have developed a novel, integrative group movement program called Preventing Loss of Independence through Exercise (PLIE) that incorporates elements from Eastern and Western exercise modalities and is designed to build and maintain the capacity to perform basic functional movements while increasing mindful body awareness and enhancing social connection. Pilot study results suggested that PLIE is associated with meaningful improvements in physical function, cognitive function and quality of life as well as reduced caregiver burden. The goal of the current study is to perform a full-scale randomized, controlled trial to test the efficacy of PLIE in older Veterans with dementia.",,,PHASE2 | PHASE3,INTERVENTIONAL,88.0,UNKNOWN,UNKNOWN,UNKNOWN,COMPLETED,True,2015-05-04,2018-12-13,,43.96666666666667,,,UNKNOWN,,,,0,0,0,0,,UNKNOWN,0,"Preventing Loss of Independence Through Exercise (PLIE) in Persons With Dementia Nearly 1 in 10 older Veterans have dementia, which is a devastating condition that leads to a progressive loss of independence and functional status. Currently available dementia medications do not alter the disease course. Therefore, it is critically important to identify effective strategies for helping older Veterans living with dementia to enhance their functional status and quality of life. The investigators have developed a novel, integrative group movement program called Preventing Loss of Independence through Exercise (PLIE) that incorporates elements from Eastern and Western exercise modalities and is designed to build and maintain the capacity to perform basic functional movements while increasing mindful body awareness and enhancing social connection. Pilot study results suggested that PLIE is associated with meaningful improvements in physical function, cognitive function and quality of life as well as reduced caregiver burden. The goal of the current study is to perform a full-scale randomized, controlled trial to test the efficacy of PLIE in older Veterans with dementia.",0,0,0,0.98796296,1,high,1
NCT00380276,Open-Label Treatment With MPC-7869 for Patients With Alzheimer's Who Previously Participated in an MPC-7869 Protocol,,Open-label treatment with MPC-7869 for participants in a previous randomized study.,,,PHASE3,INTERVENTIONAL,1000.0,UNKNOWN,UNKNOWN,UNKNOWN,TERMINATED,False,2006-09,,,37.08333333333333,,,UNKNOWN,,,,0,0,0,0,,UNKNOWN,0,Open-Label Treatment With MPC-7869 for Patients With Alzheimer's Who Previously Participated in an MPC-7869 Protocol Open-label treatment with MPC-7869 for participants in a previous randomized study.,0,0,0,0.046809938,0,high,0
NCT03197740,"A Multinational, Multi-center, Randomized, Double-blind, Active Comparator, Phase III Clinical Trial to Evaluate the Efficacy and Safety of Donepezil Transdermal Patch in Patients With Alzheimer's Disease",,"The objective of this study is to evaluate the efficacy and safety of donepezil transdermal patch in patients with mild to moderate Alzheimer's disease.

The primary objective is to demonstrate the non-inferiority of the test drug, IPI-301 (donepezil transdermal patch), to the comparator, Aricept tablet, after 24 weeks of treatment in patients with mild to moderate Alzheimer's disease in terms of improvement in cognitive function as assessed by the Alzheimer's Disease Assessment Scale - Cognitive (ADAS-cog) and in terms of global assessment as assessed by Clinician's Interview Based Impression of Change plus Caregiver Input (CIBIC-plus).",,,PHASE3,INTERVENTIONAL,399.0,UNKNOWN,UNKNOWN,UNKNOWN,COMPLETED,False,2017-10-12,2020-07-03,,33.166666666666664,,,UNKNOWN,,,,0,0,0,0,,UNKNOWN,0,"A Multinational, Multi-center, Randomized, Double-blind, Active Comparator, Phase III Clinical Trial to Evaluate the Efficacy and Safety of Donepezil Transdermal Patch in Patients With Alzheimer's Disease The objective of this study is to evaluate the efficacy and safety of donepezil transdermal patch in patients with mild to moderate Alzheimer's disease.

The primary objective is to demonstrate the non-inferiority of the test drug, IPI-301 (donepezil transdermal patch), to the comparator, Aricept tablet, after 24 weeks of treatment in patients with mild to moderate Alzheimer's disease in terms of improvement in cognitive function as assessed by the Alzheimer's Disease Assessment Scale - Cognitive (ADAS-cog) and in terms of global assessment as assessed by Clinician's Interview Based Impression of Change plus Caregiver Input (CIBIC-plus).",0,0,0,0.031784505,0,high,0
NCT00253214,Placebo-Controlled Evaluation of Galantamine in the Treatment of Alzheimer's Disease: Safety and Efficacy of a Controlled-Release Formulation,,The purpose of this study is to evaluate the safety and effectiveness of a once daily controlled-release form of galantamine (a drug for treating dementia) versus placebo in the treatment of patients with Alzheimer's disease.,,,PHASE3,INTERVENTIONAL,973.0,UNKNOWN,UNKNOWN,UNKNOWN,COMPLETED,False,2001-03,,,37.08333333333333,,,UNKNOWN,,,,0,0,0,0,,UNKNOWN,0,Placebo-Controlled Evaluation of Galantamine in the Treatment of Alzheimer's Disease: Safety and Efficacy of a Controlled-Release Formulation The purpose of this study is to evaluate the safety and effectiveness of a once daily controlled-release form of galantamine (a drug for treating dementia) versus placebo in the treatment of patients with Alzheimer's disease.,0,0,0,0.007831502,0,high,0
NCT02017340,A Phase III Trial of Nilvadipine to Treat Alzheimer's Disease,,"Alzheimer's disease (AD) is an ever-increasing public health concern among the aging population and is the most common form of dementia affecting more than 15 million individuals worldwide and around 5 million Europeans. The direct and indirect costs of AD and other dementias amount to more than €440,000 million each year (www.alz.org, 2010).

Even modest therapeutic advances that delay disease onset and progression could significantly reduce the global burden of the disease and the level of care required by patients. While there are symptomatic-based drug therapies available for AD, these medications do not prevent the disease process itself. There is therefore an imperative to develop new treatments for AD that have disease modifying effects. This double-blind placebo controlled study will test the efficacy and safety of nilvadipine in 500 subjects with mild to moderate AD over a treatment period of 18 months. There is a strong scientific rationale for this study: Nilvadipine, a licensed calcium channel enhances Aß clearance from brain and restores cortical perfusion in mouse models of AD. Nilvadipine is safe and well tolerated in AD patients and clinical studies with this medication have shown stabilization of cognitive decline and reduced incidence of AD, pointing to both symptomatic and disease modifying benefits. Male and female patients with mild to moderate AD aged between 50 and 90 with a range of medical morbidities and frailty will be included in the study. If this trial is successful, nilvadipine would represent an advance in the treatment of AD patients and would have a major impact on the health and social care costs incurred in Europe by this neurodegenerative disorder. Furthermore, the creation of the NILVAD network will support future clinical trials and research innovation in AD across Europe.",,,PHASE3,INTERVENTIONAL,511.0,UNKNOWN,UNKNOWN,UNKNOWN,COMPLETED,False,2013-04-24,2016-12-16,,44.4,,,UNKNOWN,,,,0,0,0,0,,UNKNOWN,0,"A Phase III Trial of Nilvadipine to Treat Alzheimer's Disease Alzheimer's disease (AD) is an ever-increasing public health concern among the aging population and is the most common form of dementia affecting more than 15 million individuals worldwide and around 5 million Europeans. The direct and indirect costs of AD and other dementias amount to more than €440,000 million each year (www.alz.org, 2010).

Even modest therapeutic advances that delay disease onset and progression could significantly reduce the global burden of the disease and the level of care required by patients. While there are symptomatic-based drug therapies available for AD, these medications do not prevent the disease process itself. There is therefore an imperative to develop new treatments for AD that have disease modifying effects. This double-blind placebo controlled study will test the efficacy and safety of nilvadipine in 500 subjects with mild to moderate AD over a treatment period of 18 months. There is a strong scientific rationale for this study: Nilvadipine, a licensed calcium channel enhances Aß clearance from brain and restores cortical perfusion in mouse models of AD. Nilvadipine is safe and well tolerated in AD patients and clinical studies with this medication have shown stabilization of cognitive decline and reduced incidence of AD, pointing to both symptomatic and disease modifying benefits. Male and female patients with mild to moderate AD aged between 50 and 90 with a range of medical morbidities and frailty will be included in the study. If this trial is successful, nilvadipine would represent an advance in the treatment of AD patients and would have a major impact on the health and social care costs incurred in Europe by this neurodegenerative disorder. Furthermore, the creation of the NILVAD network will support future clinical trials and research innovation in AD across Europe.",0,0,0,0.0052918154,0,high,0
NCT02164643,Longitudinal Study of Brain Amyloid imaGing in MEMENTO,,A Multicenter national longitudinal cohort study including at least 800 individuals consecutively recruited from French Research Memory Centers and followed-up over 24 month and included in Memento.,,,PHASE3,INTERVENTIONAL,448.0,UNKNOWN,UNKNOWN,UNKNOWN,COMPLETED,False,2014-06-10,2019-10-09,,64.9,,,UNKNOWN,,,,0,0,0,0,,UNKNOWN,0,Longitudinal Study of Brain Amyloid imaGing in MEMENTO A Multicenter national longitudinal cohort study including at least 800 individuals consecutively recruited from French Research Memory Centers and followed-up over 24 month and included in Memento.,0,0,0,0.09571052,0,high,0
NCT01594346,Multicenter Vitamin E Trial in Aging Persons With Down Syndrome,,"The purpose of this study is to determine the safety and effectiveness of 2,000 international units of Vitamin E (alpha tocopherol)on cognitive function of aging persons with Down syndrome. It is a randomized, double-blind, placebo-controlled trial lasting 36 months. It is expected that Vitamin E will slow the deterioration in cognitive functions associated with Alzheimer disease.",,,PHASE3,INTERVENTIONAL,349.0,UNKNOWN,UNKNOWN,UNKNOWN,COMPLETED,False,2000-09,2010-04,,116.63333333333334,,,UNKNOWN,,,,0,0,0,0,,UNKNOWN,0,"Multicenter Vitamin E Trial in Aging Persons With Down Syndrome The purpose of this study is to determine the safety and effectiveness of 2,000 international units of Vitamin E (alpha tocopherol)on cognitive function of aging persons with Down syndrome. It is a randomized, double-blind, placebo-controlled trial lasting 36 months. It is expected that Vitamin E will slow the deterioration in cognitive functions associated with Alzheimer disease.",0,0,0,0.009923864,0,high,0
NCT00253227,A Study of the Safety and Effectiveness of a Flexible Dose of Galantamine Versus Placebo in the Treatment of Patients With Alzheimer's Disease,,The purpose of this study is to evaluate the safety and effectiveness of galantamine (a drug for treating dementia) versus placebo in the treatment of patients with Alzheimer's disease using a flexible dose design.,,,PHASE3,INTERVENTIONAL,387.0,UNKNOWN,UNKNOWN,UNKNOWN,COMPLETED,False,1997-07,,,37.08333333333333,,,UNKNOWN,,,,0,0,0,0,,UNKNOWN,0,A Study of the Safety and Effectiveness of a Flexible Dose of Galantamine Versus Placebo in the Treatment of Patients With Alzheimer's Disease The purpose of this study is to evaluate the safety and effectiveness of galantamine (a drug for treating dementia) versus placebo in the treatment of patients with Alzheimer's disease using a flexible dose design.,0,0,0,0.016245743,0,high,0
NCT01931566,Biomarker Qualification for Risk of Mild Cognitive Impairment (MCI) Due to Alzheimer's Disease (AD) and Safety and Efficacy Evaluation of Pioglitazone in Delaying Its Onset,,"The purpose of this study is to qualify the biomarker risk algorithm for prognosis of the risk of developing Mild Cognitive Impairment due to Alzheimer's Disease (MCI-AD), and also to evaluate the efficacy of pioglitazone compared with placebo to delay the onset of MCI-AD in cognitively-normal participants who are at high-risk for developing MCI within 5 years.",,,PHASE3,INTERVENTIONAL,3494.0,UNKNOWN,UNKNOWN,UNKNOWN,TERMINATED,True,2013-08-01,2018-07-24,,60.6,,,UNKNOWN,,,,0,0,0,0,,UNKNOWN,0,"Biomarker Qualification for Risk of Mild Cognitive Impairment (MCI) Due to Alzheimer's Disease (AD) and Safety and Efficacy Evaluation of Pioglitazone in Delaying Its Onset The purpose of this study is to qualify the biomarker risk algorithm for prognosis of the risk of developing Mild Cognitive Impairment due to Alzheimer's Disease (MCI-AD), and also to evaluate the efficacy of pioglitazone compared with placebo to delay the onset of MCI-AD in cognitively-normal participants who are at high-risk for developing MCI within 5 years.",0,0,0,0.022910845,0,high,0
NCT00165737,Donepezil Hydrochloride (E2020) in Dementia Associated With Cerebrovascular Disease,,"Twenty-four week, prospective, randomized, double-blind, placebo-controlled, parallel-group study.",,,PHASE3,INTERVENTIONAL,974.0,UNKNOWN,UNKNOWN,UNKNOWN,COMPLETED,False,2003-03,2005-08,,29.466666666666665,,,UNKNOWN,,,,0,0,0,0,,UNKNOWN,0,"Donepezil Hydrochloride (E2020) in Dementia Associated With Cerebrovascular Disease Twenty-four week, prospective, randomized, double-blind, placebo-controlled, parallel-group study.",0,0,0,0.08119844,0,high,0
NCT03075241,Z-Drugs for Sleep Disorders in Alzheimer's Disease,,The purpose of this study is to determine whether Zolpidem and Zoplicone are efective in the treatment of sleep disorders in Alzheimer's disease (AD),,,PHASE3,INTERVENTIONAL,62.0,UNKNOWN,UNKNOWN,UNKNOWN,COMPLETED,False,2016-10,2020-04,,42.6,,,UNKNOWN,,,,0,0,0,0,,UNKNOWN,0,Z-Drugs for Sleep Disorders in Alzheimer's Disease The purpose of this study is to determine whether Zolpidem and Zoplicone are efective in the treatment of sleep disorders in Alzheimer's disease (AD),0,0,0,0.067736536,0,high,0
NCT00065689,High Intensity Light Therapy in Alzheimer's Disease,,"The purpose of this study is to determine whether bright light improves the sleep, mood, and behavior of persons with Alzheimer's disease and related dementias (AD) who live in long-term care settings and, if so, to determine the best timing for the light therapy. The light levels being used in the study have been shown to improve depression in persons with seasonal affective disorder (SAD) and to relieve sleep problems in persons with jet lag and other body rhythm disturbances. Because persons with AD often will not remain still in front of a fluorescent panel, this project has involved renovations in the study units that provide for even, regulated, high-intensity light in all public areas of the study settings.",,,PHASE3,INTERVENTIONAL,107.0,UNKNOWN,UNKNOWN,UNKNOWN,COMPLETED,False,2003-03,,,37.08333333333333,,,UNKNOWN,,,,0,0,0,0,,UNKNOWN,0,"High Intensity Light Therapy in Alzheimer's Disease The purpose of this study is to determine whether bright light improves the sleep, mood, and behavior of persons with Alzheimer's disease and related dementias (AD) who live in long-term care settings and, if so, to determine the best timing for the light therapy. The light levels being used in the study have been shown to improve depression in persons with seasonal affective disorder (SAD) and to relieve sleep problems in persons with jet lag and other body rhythm disturbances. Because persons with AD often will not remain still in front of a fluorescent panel, this project has involved renovations in the study units that provide for even, regulated, high-intensity light in all public areas of the study settings.",0,0,0,0.019429702,0,high,0
NCT02168920,Aripiprazole for the Treatment of Patients With Agitation Associated With Dementia of the Alzheimer's Type,,"To evaluate the efficacy (based on mean change in Cohen-Mansfield Agitation Inventory \[CMAI\] total score from baseline as the primary efficacy variable), dose-response, and safety of aripiprazole at 2, 3, and 6 mg/day in comparison with placebo in patients with agitation associated with Alzheimer's type dementia",,,PHASE3,INTERVENTIONAL,150.0,UNKNOWN,UNKNOWN,UNKNOWN,TERMINATED,False,2014-06-11,2016-03-18,,21.533333333333335,,,UNKNOWN,,,,0,0,0,0,,UNKNOWN,0,"Aripiprazole for the Treatment of Patients With Agitation Associated With Dementia of the Alzheimer's Type To evaluate the efficacy (based on mean change in Cohen-Mansfield Agitation Inventory \[CMAI\] total score from baseline as the primary efficacy variable), dose-response, and safety of aripiprazole at 2, 3, and 6 mg/day in comparison with placebo in patients with agitation associated with Alzheimer's type dementia",0,0,0,0.059812218,0,high,0
NCT00594568,Effect of LY450139 on the Long Term Progression of Alzheimer's Disease,,"Alzheimer's disease (AD) is a fatal degenerative disease of the brain for which there is no cure. AD causes brain cells to die. AD is thought to be caused by an excess of beta-amyloid (β-amyloid), a sticky protein in the brain that forms amyloid plaques. At autopsy, AD patients are required to have these amyloid plaques in the brain in order to have a definitive diagnosis of AD. Inhibiting the enzyme gamma-secretase (γ-secretase) lowers the production of β-amyloid. Semagacestat (LY450139) is a functional γ-secretase inhibitor and was shown to lower β-amyloid in blood and spinal fluid in humans tested thus far and in blood, spinal fluid, and brain in animals tested thus far. This study used several different tests to measure the effect of semagacestat on both β-amyloid and amyloid plaques for some participants. The build-up of amyloid plaques was measured by a brain scan that takes a picture of amyloid plaques in the brain. Other tests measured the overall function of the brain and brain size in some participants. In this trial, participants who initially received placebo (inactive sugar pill) were, at a certain point in the study, switched over to active drug, semagacestat. In other words, all participants could eventually receive active drug. Participation could last approximately 2 years. Participants taking approved AD medications were permitted to participate in this study and continue taking these medications during the study. All participants who completed this study had the option to continue receiving semagacestat by participating in an open-label study.

Preliminary results from this study (H6L-MC-LFAN \[LFAN\]) and another similar study (H6L-MC-LFBC \[LFBC; NCT00762411\]) showed semagacestat did not slow disease progression and was associated with worsening of clinical measures of cognition and the ability to perform activities of daily living. Study drug was stopped in all studies. Studies LFAN, LFBC, and open-label H6L-MC-LFBF (LFBF; NCT01035138) were amended to continue collecting safety data, including cognitive scores, for at least 7 months. The Clinical Trial Registry (CTR) will reflect results of analyses from the original LFAN protocol in addition to those from the amended LFAN protocol.",,,PHASE3,INTERVENTIONAL,1537.0,UNKNOWN,UNKNOWN,UNKNOWN,COMPLETED,True,2008-03,2011-05,,38.53333333333333,,,UNKNOWN,,,,0,0,0,0,,UNKNOWN,0,"Effect of LY450139 on the Long Term Progression of Alzheimer's Disease Alzheimer's disease (AD) is a fatal degenerative disease of the brain for which there is no cure. AD causes brain cells to die. AD is thought to be caused by an excess of beta-amyloid (β-amyloid), a sticky protein in the brain that forms amyloid plaques. At autopsy, AD patients are required to have these amyloid plaques in the brain in order to have a definitive diagnosis of AD. Inhibiting the enzyme gamma-secretase (γ-secretase) lowers the production of β-amyloid. Semagacestat (LY450139) is a functional γ-secretase inhibitor and was shown to lower β-amyloid in blood and spinal fluid in humans tested thus far and in blood, spinal fluid, and brain in animals tested thus far. This study used several different tests to measure the effect of semagacestat on both β-amyloid and amyloid plaques for some participants. The build-up of amyloid plaques was measured by a brain scan that takes a picture of amyloid plaques in the brain. Other tests measured the overall function of the brain and brain size in some participants. In this trial, participants who initially received placebo (inactive sugar pill) were, at a certain point in the study, switched over to active drug, semagacestat. In other words, all participants could eventually receive active drug. Participation could last approximately 2 years. Participants taking approved AD medications were permitted to participate in this study and continue taking these medications during the study. All participants who completed this study had the option to continue receiving semagacestat by participating in an open-label study.

Preliminary results from this study (H6L-MC-LFAN \[LFAN\]) and another similar study (H6L-MC-LFBC \[LFBC; NCT00762411\]) showed semagacestat did not slow disease progression and was associated with worsening of clinical measures of cognition and the ability to perform activities of daily living. Study drug was stopped in all studies. Studies LFAN, LFBC, and open-label H6L-MC-LFBF (LFBF; NCT01035138) were amended to continue collecting safety data, including cognitive scores, for at least 7 months. The Clinical Trial Registry (CTR) will reflect results of analyses from the original LFAN protocol in addition to those from the amended LFAN protocol.",0,0,0,0.9695189,1,high,1
NCT00416078,Online Caregiver Psychoeducation and Support for Alzheimer's,,"This study is piloting an internet-based intervention to provide support for caregivers of VA patients with Alzheimer's disease or related memory difficulties (ADRD). Veterans with a clinical diagnosis of ADRD and their caregiver/relatives will be randomized to receive one of two interventions: (1) customary care (cc) and access to an intensive, interactive online education and support website intervention for 6 months, or (2) cc and monthly brief telephone calls with project staff for six month. It is hypothesized that participation in the intensive intervention will result in a reductions in patient problematic behavior and caregiver responses to it, reduced caregiver burden and depression, and improved medication adherence at the end of treatment, and more patients remaining at home through the 12 months post-randomization period..",,,PHASE2 | PHASE3,INTERVENTIONAL,53.0,UNKNOWN,UNKNOWN,UNKNOWN,COMPLETED,True,2007-08,2012-06,,58.86666666666667,,,UNKNOWN,,,,0,0,0,0,,UNKNOWN,0,"Online Caregiver Psychoeducation and Support for Alzheimer's This study is piloting an internet-based intervention to provide support for caregivers of VA patients with Alzheimer's disease or related memory difficulties (ADRD). Veterans with a clinical diagnosis of ADRD and their caregiver/relatives will be randomized to receive one of two interventions: (1) customary care (cc) and access to an intensive, interactive online education and support website intervention for 6 months, or (2) cc and monthly brief telephone calls with project staff for six month. It is hypothesized that participation in the intensive intervention will result in a reductions in patient problematic behavior and caregiver responses to it, reduced caregiver burden and depression, and improved medication adherence at the end of treatment, and more patients remaining at home through the 12 months post-randomization period..",0,0,0,0.9620335,1,high,1
NCT00838110,A Phase 3 Study To Evaluate The Safety And Tolerability Of Dimebon Patients With Mild To Moderate Alzheimer's Disease,,"This is a multi-center, randomized, double-blind placebo-controlled safety study conducted in 2 study cohorts. In Cohort 1, subjects with Alzheimer's disease (n=250) will receive Dimebon 20 mg or placebo TID for 26 weeks. In Cohort 2 AD subjects (n=500) will be treated with Dimebon 20 mg or placebo TID for 12 weeks After completion of the randomized portion of the study, subjects in both Cohorts will have the opportunity to enroll in a Dimebon open label extension study.",,,PHASE3,INTERVENTIONAL,742.0,UNKNOWN,UNKNOWN,UNKNOWN,COMPLETED,True,2009-02,2010-01,,11.133333333333333,,,UNKNOWN,,,,0,0,0,0,,UNKNOWN,0,"A Phase 3 Study To Evaluate The Safety And Tolerability Of Dimebon Patients With Mild To Moderate Alzheimer's Disease This is a multi-center, randomized, double-blind placebo-controlled safety study conducted in 2 study cohorts. In Cohort 1, subjects with Alzheimer's disease (n=250) will receive Dimebon 20 mg or placebo TID for 26 weeks. In Cohort 2 AD subjects (n=500) will be treated with Dimebon 20 mg or placebo TID for 12 weeks After completion of the randomized portion of the study, subjects in both Cohorts will have the opportunity to enroll in a Dimebon open label extension study.",0,0,0,0.97959673,1,high,1
NCT00277810,"Study Evaluating the Safety, Tolerability, and Efficacy of Lecozotan SR in Outpatients With Alzheimer's Disease",,"The purpose of the study is to determine the safety, tolerability, and efficacy of 3 doses of lecozotan in combination with a cholinesterase inhibitor in patients with mild to moderate Alzheimer's disease (AD).",,,PHASE2 | PHASE3,INTERVENTIONAL,250.0,UNKNOWN,UNKNOWN,UNKNOWN,COMPLETED,False,2006-03,2008-06,,27.433333333333334,,,UNKNOWN,,,,0,0,0,0,,UNKNOWN,0,"Study Evaluating the Safety, Tolerability, and Efficacy of Lecozotan SR in Outpatients With Alzheimer's Disease The purpose of the study is to determine the safety, tolerability, and efficacy of 3 doses of lecozotan in combination with a cholinesterase inhibitor in patients with mild to moderate Alzheimer's disease (AD).",0,0,0,0.07114369,0,high,0
NCT01736579,"Long-Term Study of IGIV, 10% in Alzheimer´s Disease",,"The purpose of this long-term study is to provide additional evidence of safety and efficacy of IGIV, 10% treatment in participants with Alzheimer´s Disease who have completed the Phase 3 Baxter precursor study 160701. All participants will receive IGIV, 10% at either 0.2 g/kg or 0.4 g/kg body weight depending on their treatment assignment in Baxter study 160701. Participants and investigators will be blinded to dose unless otherwise notified by the sponsor.",,,PHASE3,INTERVENTIONAL,6.0,UNKNOWN,UNKNOWN,UNKNOWN,TERMINATED,True,2012-11-29,2013-06-04,,6.233333333333333,,,UNKNOWN,,,,0,0,0,0,,UNKNOWN,0,"Long-Term Study of IGIV, 10% in Alzheimer´s Disease The purpose of this long-term study is to provide additional evidence of safety and efficacy of IGIV, 10% treatment in participants with Alzheimer´s Disease who have completed the Phase 3 Baxter precursor study 160701. All participants will receive IGIV, 10% at either 0.2 g/kg or 0.4 g/kg body weight depending on their treatment assignment in Baxter study 160701. Participants and investigators will be blinded to dose unless otherwise notified by the sponsor.",0,0,0,0.020790454,0,high,0
NCT00409175,Safety and Efficacy Study of Fx-1006A in Patients With Familial Amyloidosis,,"This study will examine whether Fx-1006A is effective in halting the progression of Familial Amyloid Polyneuropathy (FAP).

Deposition of TTR amyloid is associated with a variety of human diseases. Deposition of amyloid fibrils of variant TTR (primarily V30M) in peripheral nerve tissue produces the condition called FAP.

The prevention of the formation of amyloid by stabilization of the TTR native state should constitute an effective therapy for amyloid diseases. Therapeutic intervention with a TTR stabilizer drug, such as Fx-1006A, is hypothesized to stop progression of the disease in FAP patients. FAP is a uniformly fatal disease and Fx-1006A is intended to halt the relentless neurological deterioration FAP patients experience.

This Phase 2/3 study will enroll early to mid-stage FAP patients in order to interrupt and stabilize the disease at a point in time where progression of motor and autonomic dysfunction can be maximally effected. Male and female patients with FAP with documented V30M TTR mutation will receive Fx-1006A or placebo once daily for a period of eighteen (18) months.",,,PHASE2 | PHASE3,INTERVENTIONAL,128.0,UNKNOWN,UNKNOWN,UNKNOWN,COMPLETED,True,2007-01,2009-05,,28.366666666666667,,,UNKNOWN,,,,0,0,0,0,,UNKNOWN,0,"Safety and Efficacy Study of Fx-1006A in Patients With Familial Amyloidosis This study will examine whether Fx-1006A is effective in halting the progression of Familial Amyloid Polyneuropathy (FAP).

Deposition of TTR amyloid is associated with a variety of human diseases. Deposition of amyloid fibrils of variant TTR (primarily V30M) in peripheral nerve tissue produces the condition called FAP.

The prevention of the formation of amyloid by stabilization of the TTR native state should constitute an effective therapy for amyloid diseases. Therapeutic intervention with a TTR stabilizer drug, such as Fx-1006A, is hypothesized to stop progression of the disease in FAP patients. FAP is a uniformly fatal disease and Fx-1006A is intended to halt the relentless neurological deterioration FAP patients experience.

This Phase 2/3 study will enroll early to mid-stage FAP patients in order to interrupt and stabilize the disease at a point in time where progression of motor and autonomic dysfunction can be maximally effected. Male and female patients with FAP with documented V30M TTR mutation will receive Fx-1006A or placebo once daily for a period of eighteen (18) months.",0,0,0,0.96770346,1,high,1
NCT00261573,A Study of the Safety and Effectiveness of Galantamine Versus Placebo in the Treatment of Patients With Vascular Dementia or Mixed Dementia,,"The purpose of this study is to evaluate the safety and efficacy of galantamine (a drug for treating dementia) compared to placebo in the treatment of patients with dementia related to cerebrovascular disease (vascular dementia) or dementia related to Alzheimer's disease with cerebrovascular disease (""mixed"" dementia).",,,PHASE3,INTERVENTIONAL,593.0,UNKNOWN,UNKNOWN,UNKNOWN,COMPLETED,False,1998-12,,,37.08333333333333,,,UNKNOWN,,,,0,0,0,0,,UNKNOWN,0,"A Study of the Safety and Effectiveness of Galantamine Versus Placebo in the Treatment of Patients With Vascular Dementia or Mixed Dementia The purpose of this study is to evaluate the safety and efficacy of galantamine (a drug for treating dementia) compared to placebo in the treatment of patients with dementia related to cerebrovascular disease (vascular dementia) or dementia related to Alzheimer's disease with cerebrovascular disease (""mixed"" dementia).",0,0,0,0.008821934,0,high,0
NCT00216502,A Study of the Safety and Effectiveness of Galantamine in Patients With Alzheimer's Disease,,The purpose of this study is to evaluate the long-term efficacy and safety of galantamine in patients with Alzheimer's disease.,,,PHASE3,INTERVENTIONAL,254.0,UNKNOWN,UNKNOWN,UNKNOWN,COMPLETED,False,2001-08,,,37.08333333333333,,,UNKNOWN,,,,0,0,0,0,,UNKNOWN,0,A Study of the Safety and Effectiveness of Galantamine in Patients With Alzheimer's Disease The purpose of this study is to evaluate the long-term efficacy and safety of galantamine in patients with Alzheimer's disease.,0,0,0,0.0012460563,0,high,0
NCT01539031,Compare the Efficacy and Safety of Donepezil Hydrochloride 23 mg Treatment With Continuation of Donepezil Hydrochloride 10 mg Treatment in Japanese Subjects With Severe Alzheimer's Disease,,The purpose of this study is to compare 23 mg donepezil sustained release to the currently marketed formulation of 10 mg donepezil immediate release in patients with severe Alzheimer's disease.,,,PHASE3,INTERVENTIONAL,351.0,UNKNOWN,UNKNOWN,UNKNOWN,COMPLETED,False,2012-03,2015-01,,34.53333333333333,,,UNKNOWN,,,,0,0,0,0,,UNKNOWN,0,Compare the Efficacy and Safety of Donepezil Hydrochloride 23 mg Treatment With Continuation of Donepezil Hydrochloride 10 mg Treatment in Japanese Subjects With Severe Alzheimer's Disease The purpose of this study is to compare 23 mg donepezil sustained release to the currently marketed formulation of 10 mg donepezil immediate release in patients with severe Alzheimer's disease.,0,0,0,0.067412205,0,high,0
NCT00679627,A Study of Galantamine Used to Treat Patients With Mild to Moderate Alzheimer's Disease,,The purpose of this study is to compare the effectiveness and safety of 2 years of treatment with galantamine as compared with placebo of patients who have mild to moderately severe Alzheimer's disease (AD).,,,PHASE3,INTERVENTIONAL,2051.0,UNKNOWN,UNKNOWN,UNKNOWN,TERMINATED,True,2008-06,2012-04,,46.666666666666664,,,UNKNOWN,,,,0,0,0,0,,UNKNOWN,0,A Study of Galantamine Used to Treat Patients With Mild to Moderate Alzheimer's Disease The purpose of this study is to compare the effectiveness and safety of 2 years of treatment with galantamine as compared with placebo of patients who have mild to moderately severe Alzheimer's disease (AD).,0,0,0,0.26663983,0,medium,0
NCT01681602,Effect of Physical Exercise in Alzheimer Patients,,"Background: Current treatment for Alzheimer's disease (AD) is symptomatic and can only temporarily slow down progression.

Exercise has the potential to improve cognition, psychological symptoms, physical performance and quality of life, but evidence is scarce. Previous trials are short, often underpowered and involving home based light exercise programs. Most have included nursing homes residents with severe or undefined dementia. The aim of the ADEX trial is to establish whether exercise is effective in improving cognition, physical performance and quality of life as well as reducing the prevalence of psychological symptoms among AD patients.

Methods: The ADEX Trial is a multicentre, single-blind, randomized clinical trial. Based on power calculations the investigators plan to recruit 192 home-dwelling patients aged 50-90 years with mild to moderate AD. The participants will be randomly allocated into two groups: An intervention group attending 16 weeks of continuously supervised moderate aerobic exercise 1 hour three times a week and a control group only receiving usual care. The hypothesis is that aerobic exercise will improve physical function, the cognitive and daily functioning and quality of life in people with mild to moderate AS.

Blood sampling will be performed in all subjects to examine effects on biomarkers. A subgroup of the patients will also undergo MRI, PiB-PET and lumbar puncture to investigate structural changes and β-amyloid accumulation.

Further, a health-economic analysis will be performed.

Recruitment was started in January 2012. Last study visits are planned to be performed in January 2014 and results will be available in 2014. This RCT will contribute to evidence regarding the potential effects of a systematic program of physical exercise for patients with Alzheimer's disease.",,,PHASE3,INTERVENTIONAL,200.0,UNKNOWN,UNKNOWN,UNKNOWN,COMPLETED,False,2012-01,2014-01,,24.366666666666667,,,UNKNOWN,,,,0,0,0,0,,UNKNOWN,0,"Effect of Physical Exercise in Alzheimer Patients Background: Current treatment for Alzheimer's disease (AD) is symptomatic and can only temporarily slow down progression.

Exercise has the potential to improve cognition, psychological symptoms, physical performance and quality of life, but evidence is scarce. Previous trials are short, often underpowered and involving home based light exercise programs. Most have included nursing homes residents with severe or undefined dementia. The aim of the ADEX trial is to establish whether exercise is effective in improving cognition, physical performance and quality of life as well as reducing the prevalence of psychological symptoms among AD patients.

Methods: The ADEX Trial is a multicentre, single-blind, randomized clinical trial. Based on power calculations the investigators plan to recruit 192 home-dwelling patients aged 50-90 years with mild to moderate AD. The participants will be randomly allocated into two groups: An intervention group attending 16 weeks of continuously supervised moderate aerobic exercise 1 hour three times a week and a control group only receiving usual care. The hypothesis is that aerobic exercise will improve physical function, the cognitive and daily functioning and quality of life in people with mild to moderate AS.

Blood sampling will be performed in all subjects to examine effects on biomarkers. A subgroup of the patients will also undergo MRI, PiB-PET and lumbar puncture to investigate structural changes and β-amyloid accumulation.

Further, a health-economic analysis will be performed.

Recruitment was started in January 2012. Last study visits are planned to be performed in January 2014 and results will be available in 2014. This RCT will contribute to evidence regarding the potential effects of a systematic program of physical exercise for patients with Alzheimer's disease.",0,0,0,0.041518472,0,high,0
NCT03542656,Application of Amyloid PET in Cerebral Amyloid Angiopathy,,"In this project, we will try to enhance the diagnostic potentials of amyloid PET in CAA by combination of dynamic amyloid PET with MRI SWI and MR perfusion images. We will also try to investigate the roles of CAA in patients with drug-related ICH and validate the accuracy of clinical CAA diagnostic criteria. In addition, we will try to study the characteristics of long-term progression of amyloid deposition in CAA patients. This project will enroll 100 patients with ICH, 30 patients with AD, and 30 control subjects. Each patient will receive the above image studies, followed by data analysis and comparison.",,,PHASE3,INTERVENTIONAL,160.0,UNKNOWN,UNKNOWN,UNKNOWN,COMPLETED,False,2014-09-11,2016-02-17,,17.466666666666665,,,UNKNOWN,,,,0,0,0,0,,UNKNOWN,0,"Application of Amyloid PET in Cerebral Amyloid Angiopathy In this project, we will try to enhance the diagnostic potentials of amyloid PET in CAA by combination of dynamic amyloid PET with MRI SWI and MR perfusion images. We will also try to investigate the roles of CAA in patients with drug-related ICH and validate the accuracy of clinical CAA diagnostic criteria. In addition, we will try to study the characteristics of long-term progression of amyloid deposition in CAA patients. This project will enroll 100 patients with ICH, 30 patients with AD, and 30 control subjects. Each patient will receive the above image studies, followed by data analysis and comparison.",0,0,0,0.08272554,0,high,0
NCT04304261,Effects of SGLT2i on the Cognitive Function in T2DM Patient (ESCDP),,"Type 2 diabetes is associated with diabetic cognopathy, the prevalence of Alzheimer's Disease(AD) in T2DM patients is 1.5 to 2.5 times higher than the general population. Cognitive impairment seriously affects the health and quality of life of the elderly. Prevention and treatment measures for cognitive decline in persons with T2DM has not been well studied.

Sodium-glucose transporter-2 (SGLT-2) inhibitors, which lower serum glucose by inhibiting SGLT2-mediated glucose reabsorption in renal proximal tubules, could be neuroprotective. It was recently reported that the SGLT-2 inhibitor improved cognitive function and ameliorated oxidative stress via attenuating mitochondrial dysfunction, insulin resistance, inflammation, and apoptosis in mice or HFD-induced obese rats, that means SGLT-2 inhibitor may provide neuroprotection in the diabetic brain. Hence, Invokana (Canagliflozin) might act as a potent dual inhibitor of AChE and SGLT2. Since the development of diabetes is associated with AD, the design of new AChE inhibitors based on antidiabetic drug scaffolds would be particularly beneficial. Moreover, the present computational study reveals that Invokana (Canagliflozin) is expected to form the basis of a future dual therapy against diabetes associated neurological disorders.

The overall goal of this study is to explore the effects of SGLT2 inhibitor on the cognitive function in patients with type 2 diabetes mellitus and make further contribution to the improvement of cognitive function.",,,PHASE3,INTERVENTIONAL,100.0,UNKNOWN,UNKNOWN,UNKNOWN,COMPLETED,False,2021-07-01,2023-12-01,,29.433333333333334,,,UNKNOWN,,,,0,0,0,0,,UNKNOWN,0,"Effects of SGLT2i on the Cognitive Function in T2DM Patient (ESCDP) Type 2 diabetes is associated with diabetic cognopathy, the prevalence of Alzheimer's Disease(AD) in T2DM patients is 1.5 to 2.5 times higher than the general population. Cognitive impairment seriously affects the health and quality of life of the elderly. Prevention and treatment measures for cognitive decline in persons with T2DM has not been well studied.

Sodium-glucose transporter-2 (SGLT-2) inhibitors, which lower serum glucose by inhibiting SGLT2-mediated glucose reabsorption in renal proximal tubules, could be neuroprotective. It was recently reported that the SGLT-2 inhibitor improved cognitive function and ameliorated oxidative stress via attenuating mitochondrial dysfunction, insulin resistance, inflammation, and apoptosis in mice or HFD-induced obese rats, that means SGLT-2 inhibitor may provide neuroprotection in the diabetic brain. Hence, Invokana (Canagliflozin) might act as a potent dual inhibitor of AChE and SGLT2. Since the development of diabetes is associated with AD, the design of new AChE inhibitors based on antidiabetic drug scaffolds would be particularly beneficial. Moreover, the present computational study reveals that Invokana (Canagliflozin) is expected to form the basis of a future dual therapy against diabetes associated neurological disorders.

The overall goal of this study is to explore the effects of SGLT2 inhibitor on the cognitive function in patients with type 2 diabetes mellitus and make further contribution to the improvement of cognitive function.",0,0,0,0.0060123065,0,high,0
NCT00000173,Memory Impairment Study (Mild Cognitive Impairment Study),,"The National Institute on Aging (NIA) is launching a nationwide treatment study targeting individuals with mild cognitive impairment (MCI), a condition characterized by a memory deficit, but not dementia. An NIA-funded study recently confirmed that MCI is different from both dementia and normal age-related changes in memory. Accurate and early evaluation and treatment of MCI individuals might prevent further cognitive decline, including development of Alzheimer's disease (AD).

The Memory Impairment Study is the first such AD prevention clinical trial carried out by NIH, and will be conducted at 65-80 medical research institutions located in the United States and Canada. This study will test the usefulness of two drugs to slow or stop the conversion from MCI to AD. The trial will evaluate placebo, vitamin E, and donepezil, an investigational agent approved by the Food and Drug Administration for another use. Vitamin E (alpha-tocopherol) is thought to have antioxidant properties, and was shown in a 1997 study to delay important dementia milestones, such as patients' institutionalization or progression to severe dementia, by about seven months.",,,PHASE3,INTERVENTIONAL,330.0,UNKNOWN,UNKNOWN,UNKNOWN,COMPLETED,False,1999-03,2004-01,,58.9,,,UNKNOWN,,,,0,0,0,0,,UNKNOWN,0,"Memory Impairment Study (Mild Cognitive Impairment Study) The National Institute on Aging (NIA) is launching a nationwide treatment study targeting individuals with mild cognitive impairment (MCI), a condition characterized by a memory deficit, but not dementia. An NIA-funded study recently confirmed that MCI is different from both dementia and normal age-related changes in memory. Accurate and early evaluation and treatment of MCI individuals might prevent further cognitive decline, including development of Alzheimer's disease (AD).

The Memory Impairment Study is the first such AD prevention clinical trial carried out by NIH, and will be conducted at 65-80 medical research institutions located in the United States and Canada. This study will test the usefulness of two drugs to slow or stop the conversion from MCI to AD. The trial will evaluate placebo, vitamin E, and donepezil, an investigational agent approved by the Food and Drug Administration for another use. Vitamin E (alpha-tocopherol) is thought to have antioxidant properties, and was shown in a 1997 study to delay important dementia milestones, such as patients' institutionalization or progression to severe dementia, by about seven months.",0,0,0,0.023365617,0,high,0
NCT06424236,Dominantly Inherited Alzheimer Network Trial: An Opportunity to Prevent Dementia: A Study of Potential Disease Modifying Treatments in Individuals at Risk for or With a Type of Early Onset Alzheimer's Disease Caused by a Genetic Mutation,,"The purpose of this study is to assess the safety, tolerability, biomarker, cognitive and clinical efficacy of investigational products in participants with an Alzheimer's disease-causing mutation by determining if treatment with the study drug slows the rate of progression of cognitive/clinical impairment or improves disease-related biomarkers.",,,PHASE2 | PHASE3,INTERVENTIONAL,73.0,UNKNOWN,UNKNOWN,UNKNOWN,TERMINATED,True,2020-06-03,2023-10-06,,40.666666666666664,,,UNKNOWN,,,,0,0,0,0,,UNKNOWN,0,"Dominantly Inherited Alzheimer Network Trial: An Opportunity to Prevent Dementia: A Study of Potential Disease Modifying Treatments in Individuals at Risk for or With a Type of Early Onset Alzheimer's Disease Caused by a Genetic Mutation The purpose of this study is to assess the safety, tolerability, biomarker, cognitive and clinical efficacy of investigational products in participants with an Alzheimer's disease-causing mutation by determining if treatment with the study drug slows the rate of progression of cognitive/clinical impairment or improves disease-related biomarkers.",0,0,0,0.024746805,0,high,0
NCT01123993,"The Effect of Thai Traditional Music on Cognitive Function, Psychological Health and Quality of Sleep Among Thai Older Individuals With Dementia",,"To determine the effect of Thai traditional music on cognitive function, psychological health and quality of sleep among Thai older individuals with dementia.",,,PHASE3,INTERVENTIONAL,60.0,UNKNOWN,UNKNOWN,UNKNOWN,COMPLETED,False,2010-02,2010-08,,6.033333333333333,,,UNKNOWN,,,,0,0,0,0,,UNKNOWN,0,"The Effect of Thai Traditional Music on Cognitive Function, Psychological Health and Quality of Sleep Among Thai Older Individuals With Dementia To determine the effect of Thai traditional music on cognitive function, psychological health and quality of sleep among Thai older individuals with dementia.",0,0,0,0.008281622,0,high,0
NCT01265394,Positron Emission Tomography (PET) Amyloid Imaging of the Brain in Healthy Young Adult Subjects,,Amyloid is an abnormal chemical found in the brain of patients with Alzheimer's Disease (AD). The study drug helps produce pictures of amyloid in the brain. The purpose of this study is to determine how well the study drug performs in young healthy subjects.,,,PHASE3,INTERVENTIONAL,218.0,UNKNOWN,UNKNOWN,UNKNOWN,COMPLETED,True,2010-12,2011-03,,3.0,,,UNKNOWN,,,,0,0,0,0,,UNKNOWN,0,Positron Emission Tomography (PET) Amyloid Imaging of the Brain in Healthy Young Adult Subjects Amyloid is an abnormal chemical found in the brain of patients with Alzheimer's Disease (AD). The study drug helps produce pictures of amyloid in the brain. The purpose of this study is to determine how well the study drug performs in young healthy subjects.,0,0,0,0.9925114,1,high,1
NCT00646269,Efficacy Assessment of Three Non Pharmacological Therapies in Alzheimer's Disease,,"ETNA3 is a multicentric randomised clinical trial conducted in France to evaluate the impact of cognitive training, reminiscence therapy and a ""made-to-measure"" program on the progression rate of dementia.",,,PHASE3,INTERVENTIONAL,640.0,UNKNOWN,UNKNOWN,UNKNOWN,COMPLETED,False,2008-03,2010-12,,33.5,,,UNKNOWN,,,,0,0,0,0,,UNKNOWN,0,"Efficacy Assessment of Three Non Pharmacological Therapies in Alzheimer's Disease ETNA3 is a multicentric randomised clinical trial conducted in France to evaluate the impact of cognitive training, reminiscence therapy and a ""made-to-measure"" program on the progression rate of dementia.",0,0,0,0.08306024,0,high,0
NCT02875301,Investigating Gains in Neurocognition in an Intervention Trial of Exercise,,This randomized control trial will examine whether a 12 month monitored exercise intervention improves brain health in cognitively normal older adults. This trial will also address several important unanswered questions: (1) Are the recommended public health guidelines of 150 minutes/week of exercise sufficient for improving cognitive performance? (2) Does exercise influence brain structure and/or function? (3) Is there a dose-response effect of exercise on the above variables such that greater amounts of exercise brings about greater benefits in cognitive and brain health? (4) What are the mechanisms by which exercise influences brain health? and (5) What factors attenuate or magnify the effects of exercise on brain and cognitive health and contribute to the individual variability in intervention outcomes?,,,PHASE3,INTERVENTIONAL,648.0,UNKNOWN,UNKNOWN,UNKNOWN,COMPLETED,False,2017-09-06,2023-04-11,,68.1,,,UNKNOWN,,,,0,0,0,0,,UNKNOWN,0,Investigating Gains in Neurocognition in an Intervention Trial of Exercise This randomized control trial will examine whether a 12 month monitored exercise intervention improves brain health in cognitively normal older adults. This trial will also address several important unanswered questions: (1) Are the recommended public health guidelines of 150 minutes/week of exercise sufficient for improving cognitive performance? (2) Does exercise influence brain structure and/or function? (3) Is there a dose-response effect of exercise on the above variables such that greater amounts of exercise brings about greater benefits in cognitive and brain health? (4) What are the mechanisms by which exercise influences brain health? and (5) What factors attenuate or magnify the effects of exercise on brain and cognitive health and contribute to the individual variability in intervention outcomes?,0,0,0,0.037254315,0,high,0
NCT00095719,Intramuscular Aripiprazole in Acutely Agitated Patients Diagnosed With Dementia,,The purpose of this trial is to test the safety \& tolerability of intramuscular aripiprazole in acutely agitated patients diagnosed with Dementia.,,,PHASE3,INTERVENTIONAL,125.0,UNKNOWN,UNKNOWN,UNKNOWN,COMPLETED,False,2003-12,2005-03,,15.2,,,UNKNOWN,,,,0,0,0,0,,UNKNOWN,0,Intramuscular Aripiprazole in Acutely Agitated Patients Diagnosed With Dementia The purpose of this trial is to test the safety \& tolerability of intramuscular aripiprazole in acutely agitated patients diagnosed with Dementia.,0,0,0,0.05543496,0,high,0
NCT00314314,The Effect of Intranasal Insulin on Neurocognitive Function in Euthymic Patients With Bipolar Disorder,,"It is hypothesized that the intranasal administration of insulin will enhance hippocampal-dependent neurocognitive performance in euthymic patients with bipolar I or II disorder. This novel initiative represents a proof-of-concept study that insulin is salient to neurocognitive functioning and deficits in bipolar disorder and represents a novel and safe therapeutic avenue. The available literature suggests that the acute administration of intranasal insulin enhances cognition in memory impaired older adults with either Alzheimer's disease or minimal cognitive impairment. Prior research demonstrates a cognitive enhancing effect of insulin within one hour of the first intranasal insulin dose. Other studies suggest that the long-term administration of intranasal insulin (i.e. over eight weeks) in enhances memory performance in human volunteers. We aim to evaluate the acute and long-term effects of intranasal insulin administration in persons with bipolar disorder. As such we will be conducting the neuropsychological testing at three time points, the week before receiving insulin, within one hour of the first dose and after 8 weeks of insulin administration.",,,PHASE3,INTERVENTIONAL,60.0,UNKNOWN,UNKNOWN,UNKNOWN,COMPLETED,False,2006-05,2009-03,,34.5,,,UNKNOWN,,,,0,0,0,0,,UNKNOWN,0,"The Effect of Intranasal Insulin on Neurocognitive Function in Euthymic Patients With Bipolar Disorder It is hypothesized that the intranasal administration of insulin will enhance hippocampal-dependent neurocognitive performance in euthymic patients with bipolar I or II disorder. This novel initiative represents a proof-of-concept study that insulin is salient to neurocognitive functioning and deficits in bipolar disorder and represents a novel and safe therapeutic avenue. The available literature suggests that the acute administration of intranasal insulin enhances cognition in memory impaired older adults with either Alzheimer's disease or minimal cognitive impairment. Prior research demonstrates a cognitive enhancing effect of insulin within one hour of the first intranasal insulin dose. Other studies suggest that the long-term administration of intranasal insulin (i.e. over eight weeks) in enhances memory performance in human volunteers. We aim to evaluate the acute and long-term effects of intranasal insulin administration in persons with bipolar disorder. As such we will be conducting the neuropsychological testing at three time points, the week before receiving insulin, within one hour of the first dose and after 8 weeks of insulin administration.",0,0,0,0.016363466,0,high,0
NCT01662882,"A Phase II Trial of Florbetapir (18F) Positron Emission Tomography (PET) Imaging in Japan of Healthy Volunteers, Patients With Mild Cognitive Impairment (MCI) and Patients With Alzheimer's Disease (AD)",,"Evaluate florbetapir (18F) positron emission tomography (PET) imaging for distinguishing Japanese healthy control subjects, from Japanese subjects with Alzheimer's disease (AD) or Mild cognitive impairment (MCI).",,,PHASE2 | PHASE3,INTERVENTIONAL,48.0,UNKNOWN,UNKNOWN,UNKNOWN,COMPLETED,True,2012-10,2013-02,,4.1,,,UNKNOWN,,,,0,0,0,0,,UNKNOWN,0,"A Phase II Trial of Florbetapir (18F) Positron Emission Tomography (PET) Imaging in Japan of Healthy Volunteers, Patients With Mild Cognitive Impairment (MCI) and Patients With Alzheimer's Disease (AD) Evaluate florbetapir (18F) positron emission tomography (PET) imaging for distinguishing Japanese healthy control subjects, from Japanese subjects with Alzheimer's disease (AD) or Mild cognitive impairment (MCI).",0,0,0,0.9786274,1,high,1
NCT00104013,Study of Xaliproden (SR57746A) in Patients With Mild-to-Moderate Dementia of the Alzheimer's Type,,The purpose of this study is to assess xaliproden's potential capacity of slowing the deterioration of cognitive and global functions in patients with mild to moderate Alzheimer's disease. The patients participating in this study will take orally once daily xaliproden or placebo (inactive substance pill).,,,PHASE3,INTERVENTIONAL,1455.0,UNKNOWN,UNKNOWN,UNKNOWN,COMPLETED,False,2003-11,2007-11,,48.7,,,UNKNOWN,,,,0,0,0,0,,UNKNOWN,0,Study of Xaliproden (SR57746A) in Patients With Mild-to-Moderate Dementia of the Alzheimer's Type The purpose of this study is to assess xaliproden's potential capacity of slowing the deterioration of cognitive and global functions in patients with mild to moderate Alzheimer's disease. The patients participating in this study will take orally once daily xaliproden or placebo (inactive substance pill).,0,0,0,0.04491535,0,high,0
NCT05124561,Study to Evaluate the inHaled Recombinant COVID-19 Vaccine (Adenovirus Type 5 Vector) On the Protective-Efficacy in Adults (SeiHOPE),,"This phase III clinical trial is an endpoint-driven randomized, double-blind, parallel-controlled, multicenter clinical trial, and around 13,000 subjects aged 18 years and above who have previously received 1 dose of intramuscular Ad5-nCoV will be recruited. Volunteers should have been vaccinated with intramuscular Ad5-nCoV \> 56 days prior to enrollment. All subjects will receive 1 dose of investigational vaccine or placebo through nebulized inhalation. The ratio of subjects in the vaccine group and placebo group is 1:1 and the efficacy and safety of the investigational vaccine will be followed up for 52 weeks after vaccination.",,,PHASE3,INTERVENTIONAL,0.0,UNKNOWN,UNKNOWN,UNKNOWN,WITHDRAWN,False,2021-12-15,2022-04-15,,4.033333333333333,,,UNKNOWN,,,,0,0,0,0,,UNKNOWN,0,"Study to Evaluate the inHaled Recombinant COVID-19 Vaccine (Adenovirus Type 5 Vector) On the Protective-Efficacy in Adults (SeiHOPE) This phase III clinical trial is an endpoint-driven randomized, double-blind, parallel-controlled, multicenter clinical trial, and around 13,000 subjects aged 18 years and above who have previously received 1 dose of intramuscular Ad5-nCoV will be recruited. Volunteers should have been vaccinated with intramuscular Ad5-nCoV \> 56 days prior to enrollment. All subjects will receive 1 dose of investigational vaccine or placebo through nebulized inhalation. The ratio of subjects in the vaccine group and placebo group is 1:1 and the efficacy and safety of the investigational vaccine will be followed up for 52 weeks after vaccination.",0,0,0,0.0101989405,0,high,0
NCT01438060,Aripiprazole in the Treatment of Patients With Psychosis Associated With Dementia of Alzheimer's Type,,The primary objective of the study is to compare the efficacy of aripiprazole with placebo in patients with psychosis associated with Alzheimer's dementia.,,,PHASE3,INTERVENTIONAL,232.0,UNKNOWN,UNKNOWN,UNKNOWN,COMPLETED,True,2000-08,2010-07,,120.7,,,UNKNOWN,,,,0,0,0,0,,UNKNOWN,0,Aripiprazole in the Treatment of Patients With Psychosis Associated With Dementia of Alzheimer's Type The primary objective of the study is to compare the efficacy of aripiprazole with placebo in patients with psychosis associated with Alzheimer's dementia.,0,0,0,0.9707873,1,high,1
NCT01862640,"A Phase 3, 12-week, Multicenter, Randomized, Double-blind, Placebo-controlled Trial to Evaluate the Efficacy, Safety, and Tolerability of 2 Fixed Doses of Brexpiprazole in the Treatment of Alzheimer's Agitation",,To compare the efficacy of 2 fixed doses of brexpiprazole with placebo in participants with agitation associated with dementia of the Alzheimer's type.,,,PHASE3,INTERVENTIONAL,433.0,UNKNOWN,UNKNOWN,UNKNOWN,COMPLETED,True,2013-07-11,2017-03-15,,44.766666666666666,,,UNKNOWN,,,,0,0,0,0,,UNKNOWN,0,"A Phase 3, 12-week, Multicenter, Randomized, Double-blind, Placebo-controlled Trial to Evaluate the Efficacy, Safety, and Tolerability of 2 Fixed Doses of Brexpiprazole in the Treatment of Alzheimer's Agitation To compare the efficacy of 2 fixed doses of brexpiprazole with placebo in participants with agitation associated with dementia of the Alzheimer's type.",0,0,0,0.9649276,1,high,1
NCT05239663,GM1 Prophylaxis for Post-chemotherapy Cognitive Impairment in Patients With Early Operable Breast Cancer,,The purpose of this study is to evaluate the prophylactic effects of Ganglioside-Monosialic Acid in post-chemotherapy cognitive impairment in patients with early operable breast cancer.,,,PHASE3,INTERVENTIONAL,76.0,UNKNOWN,UNKNOWN,UNKNOWN,TERMINATED,False,2022-02-08,2024-07-31,,30.133333333333333,,,UNKNOWN,,,,0,0,0,0,,UNKNOWN,0,GM1 Prophylaxis for Post-chemotherapy Cognitive Impairment in Patients With Early Operable Breast Cancer The purpose of this study is to evaluate the prophylactic effects of Ganglioside-Monosialic Acid in post-chemotherapy cognitive impairment in patients with early operable breast cancer.,0,0,0,0.005480452,0,high,0
NCT04886063,Open Label Study of ATH-1017 for Treatment of Mild to Moderate Alzheimer's Disease,,The objective of this study is to determine the safety and tolerability of fosgonimeton (ATH-1017) in subjects with mild to moderate Alzheimer's disease who completed the 26-week randomized treatment in Study ATH-1017-AD-0201 or Study ATH-1017-AD-0202.,,,PHASE2 | PHASE3,INTERVENTIONAL,423.0,UNKNOWN,UNKNOWN,UNKNOWN,TERMINATED,True,2021-06-30,2024-10-23,,40.36666666666667,,,UNKNOWN,,,,0,0,0,0,,UNKNOWN,0,Open Label Study of ATH-1017 for Treatment of Mild to Moderate Alzheimer's Disease The objective of this study is to determine the safety and tolerability of fosgonimeton (ATH-1017) in subjects with mild to moderate Alzheimer's disease who completed the 26-week randomized treatment in Study ATH-1017-AD-0201 or Study ATH-1017-AD-0202.,0,0,0,0.70095146,1,medium,0
NCT00287742,A Study of the Effectiveness and Safety of Risperidone Versus Placebo in the Treatment of Patients With Hallucinations and Delusions Associated With Alzheimer's Disease,,The purpose of this study is to assess the effectiveness and safety of risperidone (an antipsychotic medication) versus placebo for the treatment of patients with hallucinations and delusions associated with Alzheimer's disease.,,,PHASE3,INTERVENTIONAL,33.0,UNKNOWN,UNKNOWN,UNKNOWN,TERMINATED,False,2002-03,,,37.08333333333333,,,UNKNOWN,,,,0,0,0,0,,UNKNOWN,0,A Study of the Effectiveness and Safety of Risperidone Versus Placebo in the Treatment of Patients With Hallucinations and Delusions Associated With Alzheimer's Disease The purpose of this study is to assess the effectiveness and safety of risperidone (an antipsychotic medication) versus placebo for the treatment of patients with hallucinations and delusions associated with Alzheimer's disease.,0,0,0,0.001328133,0,high,0
NCT03789760,The Clinical Trial of Chinese Herbal Medicine (SaiLuoTong) Capsule,,"As a traditional Chinese medicine compound, SaiLuoTong capsule is proven to have beneficial effects on learning and memory ability in animal models of vascular dementia (VaD). According to the result of the phase II study, the efficacy of SaiLuoTong capsule in the treatment of patients with VaD was better than that of placebo group and no difference in safety. So the study hypothesis is also that SaiLuoTong capsule will be effective in the treatment of patients with VaD and will be well tolerated. The purpose of the study is to confirm the efficacy and safety of SaiLuoTong capsule on patients with mild to moderate VaD. The outcome measures include general cognitive function, executive function, daily living skills, and mental behavior changes of symptoms in VaD patients.",,,PHASE3,INTERVENTIONAL,493.0,UNKNOWN,UNKNOWN,UNKNOWN,COMPLETED,False,2019-04-10,2024-03-12,,59.93333333333333,,,UNKNOWN,,,,0,0,0,0,,UNKNOWN,0,"The Clinical Trial of Chinese Herbal Medicine (SaiLuoTong) Capsule As a traditional Chinese medicine compound, SaiLuoTong capsule is proven to have beneficial effects on learning and memory ability in animal models of vascular dementia (VaD). According to the result of the phase II study, the efficacy of SaiLuoTong capsule in the treatment of patients with VaD was better than that of placebo group and no difference in safety. So the study hypothesis is also that SaiLuoTong capsule will be effective in the treatment of patients with VaD and will be well tolerated. The purpose of the study is to confirm the efficacy and safety of SaiLuoTong capsule on patients with mild to moderate VaD. The outcome measures include general cognitive function, executive function, daily living skills, and mental behavior changes of symptoms in VaD patients.",0,0,0,0.007245968,0,high,0
NCT01092546,Positron Emission Tomography Imaging of Brain Amyloid in Normal Pressure Hydrocephalus,,To determine the level of association between the quantitative estimates of brain uptake of \[18F\]flutemetamol and the quantitative immunohistochemical and histochemistry estimates of amyloid levels in frontal lobe biopsy samples obtained from subjects during shunt placement for NPH.,,,PHASE3,INTERVENTIONAL,12.0,UNKNOWN,UNKNOWN,UNKNOWN,TERMINATED,True,2010-03,2011-04,,13.2,,,UNKNOWN,,,,0,0,0,0,,UNKNOWN,0,Positron Emission Tomography Imaging of Brain Amyloid in Normal Pressure Hydrocephalus To determine the level of association between the quantitative estimates of brain uptake of \[18F\]flutemetamol and the quantitative immunohistochemical and histochemistry estimates of amyloid levels in frontal lobe biopsy samples obtained from subjects during shunt placement for NPH.,0,0,0,0.028362984,0,high,0
NCT01127633,Continued Safety Monitoring of Solanezumab (LY2062430) in Alzheimer's Disease,,This study is an open-label extension study in Alzheimer's patients who have completed participation in either solanezumab Clinical Trial H8A-MC-LZAM (NCT00905372) or H8A-MC-LZAN (NCT00904683).,,,PHASE3,INTERVENTIONAL,1457.0,UNKNOWN,UNKNOWN,UNKNOWN,TERMINATED,True,2010-12,2014-07,,43.6,,,UNKNOWN,,,,0,0,0,0,,UNKNOWN,0,Continued Safety Monitoring of Solanezumab (LY2062430) in Alzheimer's Disease This study is an open-label extension study in Alzheimer's patients who have completed participation in either solanezumab Clinical Trial H8A-MC-LZAM (NCT00905372) or H8A-MC-LZAN (NCT00904683).,0,0,0,0.009647393,0,high,0
NCT01020838,Phase III Study of Florbetaben (BAY94-9172) PET Imaging for Detection/Exclusion of Cerebral β-amyloid Compared to Histopathology,,To determine the sensitivity and specificity of the visual assessment of tracer uptake in the Florbetaben PET images compared to histological verification of the presence or absence of cerebral β-amyloid in the respective histopathologic post mortem specimens as the standard of truth,,,PHASE3,INTERVENTIONAL,218.0,UNKNOWN,UNKNOWN,UNKNOWN,COMPLETED,True,2009-11,2011-09,,22.3,,,UNKNOWN,,,,0,0,0,0,,UNKNOWN,0,Phase III Study of Florbetaben (BAY94-9172) PET Imaging for Detection/Exclusion of Cerebral β-amyloid Compared to Histopathology To determine the sensitivity and specificity of the visual assessment of tracer uptake in the Florbetaben PET images compared to histological verification of the presence or absence of cerebral β-amyloid in the respective histopathologic post mortem specimens as the standard of truth,0,0,0,0.22088225,0,medium,1
NCT01183806,Effects of Exercise and Rivastigmine on Quality of Life of Alzheimer's Disease Patients,,"The purpose of this study is to determine whether a exercise program when combined with rivastigmine (Exelon patch) drug treatment compared with rivastigmine drug treatment alone would improve quality of life, ability to perform activities of daily living (ADL) and cognition in patients with Alzheimer's disease.

Hypothesis:

Ho: Rivastigmine drug treatment combined with exercise is not superior to rivastigmine drug treatment to improve quality of life of Alzheimer's disease patients.

H1: Rivastigmine drug treatment combined with exercise is superior to rivastigmine drug treatment to improve quality of life of Alzheimer's disease patients, with an expectative of 15% of improvement in the quality of life scale measurement",,,PHASE3,INTERVENTIONAL,40.0,UNKNOWN,UNKNOWN,UNKNOWN,COMPLETED,False,2010-07,2012-01,,18.3,,,UNKNOWN,,,,0,0,0,0,,UNKNOWN,0,"Effects of Exercise and Rivastigmine on Quality of Life of Alzheimer's Disease Patients The purpose of this study is to determine whether a exercise program when combined with rivastigmine (Exelon patch) drug treatment compared with rivastigmine drug treatment alone would improve quality of life, ability to perform activities of daily living (ADL) and cognition in patients with Alzheimer's disease.

Hypothesis:

Ho: Rivastigmine drug treatment combined with exercise is not superior to rivastigmine drug treatment to improve quality of life of Alzheimer's disease patients.

H1: Rivastigmine drug treatment combined with exercise is superior to rivastigmine drug treatment to improve quality of life of Alzheimer's disease patients, with an expectative of 15% of improvement in the quality of life scale measurement",0,0,0,0.018348008,0,high,0
NCT00071721,Valproate in Dementia (VALID),,"The purpose of this trial is to demonstrate whether valproate therapy delays the emergence of agitation and/or psychosis in outpatients with probable Alzheimer's disease (AD) who have not experienced agitation and psychosis in their illness. A secondary aim is to determine whether valproate therapy delays the progression of cognitive and functional measures of the illness. This trial will also assess the tolerability and safety of low-dose, long-term valproate therapy. Valproate, an anticonvulsant drug, was selected because of its possible symptomatic efficacy for agitation in AD, known safety profile in numerous clinical populations, and in view of recent data supporting its neuroprotective potential in AD.",,,PHASE3,INTERVENTIONAL,313.0,UNKNOWN,UNKNOWN,UNKNOWN,COMPLETED,True,2003-10,2009-02,,65.0,,,UNKNOWN,,,,0,0,0,0,,UNKNOWN,0,"Valproate in Dementia (VALID) The purpose of this trial is to demonstrate whether valproate therapy delays the emergence of agitation and/or psychosis in outpatients with probable Alzheimer's disease (AD) who have not experienced agitation and psychosis in their illness. A secondary aim is to determine whether valproate therapy delays the progression of cognitive and functional measures of the illness. This trial will also assess the tolerability and safety of low-dose, long-term valproate therapy. Valproate, an anticonvulsant drug, was selected because of its possible symptomatic efficacy for agitation in AD, known safety profile in numerous clinical populations, and in view of recent data supporting its neuroprotective potential in AD.",0,0,0,0.97862977,1,high,1
NCT00315900,Depakote Extended Release (ER) Versus Seroquel for Agitated Behaviors in Nursing Home Care Unit Patients With Dementia,,The primary objective of the study is to assess the relative efficacy of Depakote ER and Seroquel for agitated behaviors among veterans with a dementia diagnosis residing in a Department of Veterans Affairs (VA) nursing home care unit (NHCU). The secondary objective of the study is to assess the relative tolerability of Depakote ER and Seroquel in this population. The primary hypothesis is that agitated dementia patients will demonstrate a significantly greater reduction in Cohen-Mansfield Agitation Inventory (CMAI) scores while treated with Depakote ER compared to treatment with Seroquel.,,,PHASE3,INTERVENTIONAL,20.0,UNKNOWN,UNKNOWN,UNKNOWN,TERMINATED,False,2006-05-01,2007-12-01,,19.3,,,UNKNOWN,,,,0,0,0,0,,UNKNOWN,0,Depakote Extended Release (ER) Versus Seroquel for Agitated Behaviors in Nursing Home Care Unit Patients With Dementia The primary objective of the study is to assess the relative efficacy of Depakote ER and Seroquel for agitated behaviors among veterans with a dementia diagnosis residing in a Department of Veterans Affairs (VA) nursing home care unit (NHCU). The secondary objective of the study is to assess the relative tolerability of Depakote ER and Seroquel in this population. The primary hypothesis is that agitated dementia patients will demonstrate a significantly greater reduction in Cohen-Mansfield Agitation Inventory (CMAI) scores while treated with Depakote ER compared to treatment with Seroquel.,0,0,0,0.025981473,0,high,0
NCT01561053,A Study to Evaluate Albumin and Immunoglobulin in Alzheimer's Disease,,"The purpose of this study is to evaluate the changes in the cognitive, functional, behavioral and global domains based on the different applicable psychometric batteries and scales.",,,PHASE2 | PHASE3,INTERVENTIONAL,347.0,UNKNOWN,UNKNOWN,UNKNOWN,COMPLETED,True,2012-04-19,2018-03-06,,71.56666666666666,,,UNKNOWN,,,,0,0,0,0,,UNKNOWN,0,"A Study to Evaluate Albumin and Immunoglobulin in Alzheimer's Disease The purpose of this study is to evaluate the changes in the cognitive, functional, behavioral and global domains based on the different applicable psychometric batteries and scales.",0,0,0,0.9578771,1,high,1
NCT00623103,Long-term Safety of Rivastigmine Capsule and Patch in Patients With Mild to Moderately-severe Dementia Associated With Parkinson's Disease (PDD),,"The purpose of this study is to provide long-term safety data for rivastigmine capsule and transdermal patch treatments, in particular the effect of rivastigmine on worsening of the underlying motor symptoms of Parkinson's Disease (PD), in patients with mild to moderately severe dementia associated with PD.",,,PHASE3,INTERVENTIONAL,583.0,UNKNOWN,UNKNOWN,UNKNOWN,COMPLETED,True,2008-01,2010-11,,34.5,,,UNKNOWN,,,,0,0,0,0,,UNKNOWN,0,"Long-term Safety of Rivastigmine Capsule and Patch in Patients With Mild to Moderately-severe Dementia Associated With Parkinson's Disease (PDD) The purpose of this study is to provide long-term safety data for rivastigmine capsule and transdermal patch treatments, in particular the effect of rivastigmine on worsening of the underlying motor symptoms of Parkinson's Disease (PD), in patients with mild to moderately severe dementia associated with PD.",0,0,0,0.9489234,1,high,1
NCT00301574,An Efficacy and Safety Study of Galantamine for the Treatment of Patients With Alzheimer's Disease.,,"The purpose of this study is to evaluate the efficacy and safety of two fixed doses (16mg/day and 24mg/day) of galantamine (a drug for treating dementia) versus placebo for the treatment of patients with Alzheimer's disease, and to investigate the dose-response.",,,PHASE3,INTERVENTIONAL,398.0,UNKNOWN,UNKNOWN,UNKNOWN,COMPLETED,False,2001-04,,,37.08333333333333,,,UNKNOWN,,,,0,0,0,0,,UNKNOWN,0,"An Efficacy and Safety Study of Galantamine for the Treatment of Patients With Alzheimer's Disease. The purpose of this study is to evaluate the efficacy and safety of two fixed doses (16mg/day and 24mg/day) of galantamine (a drug for treating dementia) versus placebo for the treatment of patients with Alzheimer's disease, and to investigate the dose-response.",0,0,0,0.045915827,0,high,0
NCT02446132,"Long Term, Extension Study of the Safety and Efficacy of AVP-786 for the Treatment of Agitation in Patients With Dementia of the Alzheimer's Type",,"This was an extension study of the Phase 3 Studies 15-AVP-786-301, 15-AVP-786-302, and 17-AVP-786-305.",,,PHASE3,INTERVENTIONAL,1197.0,UNKNOWN,UNKNOWN,UNKNOWN,TERMINATED,True,2015-11-13,2024-09-06,,107.33333333333333,,,UNKNOWN,,,,0,0,0,0,,UNKNOWN,0,"Long Term, Extension Study of the Safety and Efficacy of AVP-786 for the Treatment of Agitation in Patients With Dementia of the Alzheimer's Type This was an extension study of the Phase 3 Studies 15-AVP-786-301, 15-AVP-786-302, and 17-AVP-786-305.",0,0,0,0.013302022,0,high,0
NCT00645190,"A Randomized, Double-blind, Flexible Dose, Multicenter Study to Evaluate the Effectiveness and Safety of Galantamine IR in Mild to Moderate Alzheimer's Disease",,"The purpose of this randomized, double-blind, active-controlled, flexible dosage, multicenter study is to evaluate the effectiveness and safety of galantamine tablet (16-24mg/day) for 16 weeks in the treatment of mild to moderate Alzheimer's Disease (AD) comparing with Donepezil.",,,PHASE3,INTERVENTIONAL,215.0,UNKNOWN,UNKNOWN,UNKNOWN,COMPLETED,False,2004-03,,,37.08333333333333,,,UNKNOWN,,,,0,0,0,0,,UNKNOWN,0,"A Randomized, Double-blind, Flexible Dose, Multicenter Study to Evaluate the Effectiveness and Safety of Galantamine IR in Mild to Moderate Alzheimer's Disease The purpose of this randomized, double-blind, active-controlled, flexible dosage, multicenter study is to evaluate the effectiveness and safety of galantamine tablet (16-24mg/day) for 16 weeks in the treatment of mild to moderate Alzheimer's Disease (AD) comparing with Donepezil.",0,0,0,0.06498336,0,high,0
NCT00550420,Study Of Rosiglitazone XR In Subjects With Mild-to-Moderate Alzheimers,,"This is a Phase III, multicenter, open-label extension, single-group study in male and female outpatients with mild-to-moderate Alzheimer's disease (AD) who have completed AVA105640. All subjects will receive rosiglitazone extended-release (RSG XR) 4mg once daily for the first 4 weeks of the study followed by 8mg RSG XR. Subject participation will last until one of 5 conditions applies. After a 52-week open-label treatment phase, subjects will attend a final Follow-Up Visit 6 weeks after the end of treatment. The primary objective of this study is to evaluate the long-term safety and tolerability of RSG XR in subjects with mild-to-moderate AD who have completed AVA105640. The secondary objective of this study is to explore further the long-term efficacy of RSG XR in terms of cognitive function and overall clinical response as a function of apolipoprotein E (APOE) e4 allele status",,,PHASE3,INTERVENTIONAL,331.0,UNKNOWN,UNKNOWN,UNKNOWN,TERMINATED,True,2007-10-01,2009-02-12,,16.666666666666668,,,UNKNOWN,,,,0,0,0,0,,UNKNOWN,0,"Study Of Rosiglitazone XR In Subjects With Mild-to-Moderate Alzheimers This is a Phase III, multicenter, open-label extension, single-group study in male and female outpatients with mild-to-moderate Alzheimer's disease (AD) who have completed AVA105640. All subjects will receive rosiglitazone extended-release (RSG XR) 4mg once daily for the first 4 weeks of the study followed by 8mg RSG XR. Subject participation will last until one of 5 conditions applies. After a 52-week open-label treatment phase, subjects will attend a final Follow-Up Visit 6 weeks after the end of treatment. The primary objective of this study is to evaluate the long-term safety and tolerability of RSG XR in subjects with mild-to-moderate AD who have completed AVA105640. The secondary objective of this study is to explore further the long-term efficacy of RSG XR in terms of cognitive function and overall clinical response as a function of apolipoprotein E (APOE) e4 allele status",0,0,0,0.07472672,0,high,0
NCT00000176,Alzheimer's Disease Prevention Trial,,This is a three-year study to determine if estrogens can prevent memory loss and Alzheimer's disease in women with a family history of Alzheimer's disease.,,,PHASE3,INTERVENTIONAL,330.0,UNKNOWN,UNKNOWN,UNKNOWN,COMPLETED,False,,2007-09,,37.08333333333333,,,UNKNOWN,,,,0,0,0,0,,UNKNOWN,0,Alzheimer's Disease Prevention Trial This is a three-year study to determine if estrogens can prevent memory loss and Alzheimer's disease in women with a family history of Alzheimer's disease.,0,0,0,0.014973416,0,high,0
NCT00857415,Phase III Study of the Correlation Between Florbetapir F18 PET Imaging and Amyloid Pathology in the Brain,,The study is designed to test the relationship between measurements of brain amyloid using florbetapir F 18 PET imaging and true levels of amyloid by dissection of the brain at autopsy. Amyloid in the brain is a key feature of Alzheimer's Disease (AD).,,,PHASE3,INTERVENTIONAL,226.0,UNKNOWN,UNKNOWN,UNKNOWN,COMPLETED,True,2008-12,2010-03,,15.166666666666666,,,UNKNOWN,,,,0,0,0,0,,UNKNOWN,0,Phase III Study of the Correlation Between Florbetapir F18 PET Imaging and Amyloid Pathology in the Brain The study is designed to test the relationship between measurements of brain amyloid using florbetapir F 18 PET imaging and true levels of amyloid by dissection of the brain at autopsy. Amyloid in the brain is a key feature of Alzheimer's Disease (AD).,0,0,0,0.9953472,1,high,1
NCT00423085,Efficacy and Safety of Rivastigmine Transdermal Patch in Patients With Mild to Moderate Alzheimer's Disease,,The purpose of this study was to investigate the 5cm\^2 and 10cm\^2 doses of rivastigmine transdermal patch in terms of efficacy and safety in patients with probable Alzheimer's Disease (MMSE \[Mini Mental State Examination\] 10-20). A 52-week extension phase evaluated the safety and tolerability of long-term treatment by rivastigmine transdermal patch in patients with probable Alzheimer's Disease (AD).,,,PHASE3,INTERVENTIONAL,859.0,UNKNOWN,UNKNOWN,UNKNOWN,COMPLETED,True,2007-01,2009-03,,26.333333333333332,,,UNKNOWN,,,,0,0,0,0,,UNKNOWN,0,Efficacy and Safety of Rivastigmine Transdermal Patch in Patients With Mild to Moderate Alzheimer's Disease The purpose of this study was to investigate the 5cm\^2 and 10cm\^2 doses of rivastigmine transdermal patch in terms of efficacy and safety in patients with probable Alzheimer's Disease (MMSE \[Mini Mental State Examination\] 10-20). A 52-week extension phase evaluated the safety and tolerability of long-term treatment by rivastigmine transdermal patch in patients with probable Alzheimer's Disease (AD).,0,0,0,0.98520505,1,high,1
NCT01066546,An Extension To The B1451006 Protocol To Evaluate The Safety and Efficacy of Dimebon In Subjects With Moderate-to-Severe Alzheimer's Disease,,The purpose of this study is to evaluate the long-term safety and tolerability of dimebon in subjects with moderate-to-severe Alzheimer's Disease.,,,PHASE3,INTERVENTIONAL,5.0,UNKNOWN,UNKNOWN,UNKNOWN,TERMINATED,True,2010-04,2010-07,,3.033333333333333,,,UNKNOWN,,,,0,0,0,0,,UNKNOWN,0,An Extension To The B1451006 Protocol To Evaluate The Safety and Efficacy of Dimebon In Subjects With Moderate-to-Severe Alzheimer's Disease The purpose of this study is to evaluate the long-term safety and tolerability of dimebon in subjects with moderate-to-severe Alzheimer's Disease.,0,0,0,0.0059999092,0,high,0
NCT02586909,12-Month Open-Label Extension Study of Intepirdine (RVT-101) in Subjects With Alzheimer's Disease: MINDSET Extension,,"This 12-month open-label study will provide further information regarding the long-term safety and tolerability of intepirdine (RVT-101) for subjects with Alzheimer's disease who have completed the double-blind, placebo-controlled, lead-in study RVT-101-3001 (double-blind study).",,,PHASE3,INTERVENTIONAL,1099.0,UNKNOWN,UNKNOWN,UNKNOWN,TERMINATED,True,2016-04-26,2018-03-12,,22.833333333333332,,,UNKNOWN,,,,0,0,0,0,,UNKNOWN,0,"12-Month Open-Label Extension Study of Intepirdine (RVT-101) in Subjects With Alzheimer's Disease: MINDSET Extension This 12-month open-label study will provide further information regarding the long-term safety and tolerability of intepirdine (RVT-101) for subjects with Alzheimer's disease who have completed the double-blind, placebo-controlled, lead-in study RVT-101-3001 (double-blind study).",0,0,0,0.033818994,0,high,0
NCT02353949,Investigating the Clinical Consequences of Flutemetamol-PET-scanning,,The study examines subjects where there might be an indication for Amyloid-PET according to the Criteria defined by the Amyloid Imaging Task Force. In these subjects the impact of a Flutemetamol (Vizamyl)-Positron-Emission-Tomography -Scan (PET) on clinical management and disease course will be studied over 6 months.,,,PHASE3,INTERVENTIONAL,11.0,UNKNOWN,UNKNOWN,UNKNOWN,TERMINATED,False,2015-05,2019-12-10,,56.13333333333333,,,UNKNOWN,,,,0,0,0,0,,UNKNOWN,0,Investigating the Clinical Consequences of Flutemetamol-PET-scanning The study examines subjects where there might be an indication for Amyloid-PET according to the Criteria defined by the Amyloid Imaging Task Force. In these subjects the impact of a Flutemetamol (Vizamyl)-Positron-Emission-Tomography -Scan (PET) on clinical management and disease course will be studied over 6 months.,0,0,0,0.04972982,0,high,0
NCT00624026,Memantine - Communication Study,,The study objective is to evaluate the effects of memantine treatment on communication abilities and other cognitive abilities in moderate to severe DAT patients.,,,PHASE3,INTERVENTIONAL,107.0,UNKNOWN,UNKNOWN,UNKNOWN,COMPLETED,False,2007-11,2008-12,,13.2,,,UNKNOWN,,,,0,0,0,0,,UNKNOWN,0,Memantine - Communication Study The study objective is to evaluate the effects of memantine treatment on communication abilities and other cognitive abilities in moderate to severe DAT patients.,0,0,0,0.06828776,0,high,0
NCT02550665,Optimal Dose Escalation Strategy to Successful Achievement of High Dose Donepezil 23mg,,"This study evaluates the side effects of dose escalation in the treatment of donepezil 23mg for patients with Alzheimer's disease. Investigators randomly divide participants into three groups according to the dose escalation method; no titration, 15mg of donepezil for a month before escalation to 23mg, and alternating of 10mg and 23mg for a month before escalation to 23mg.",,,PHASE3,INTERVENTIONAL,176.0,UNKNOWN,UNKNOWN,UNKNOWN,COMPLETED,False,2014-12,2016-08,,20.3,,,UNKNOWN,,,,0,0,0,0,,UNKNOWN,0,"Optimal Dose Escalation Strategy to Successful Achievement of High Dose Donepezil 23mg This study evaluates the side effects of dose escalation in the treatment of donepezil 23mg for patients with Alzheimer's disease. Investigators randomly divide participants into three groups according to the dose escalation method; no titration, 15mg of donepezil for a month before escalation to 23mg, and alternating of 10mg and 23mg for a month before escalation to 23mg.",0,0,0,0.01160203,0,high,0
NCT00804271,Memantine and Validation of a New Alzheimer's Disease Scale,,"To validate a new Alzheimer's Disease scale against other rating tools in subjects with dementia of Alzheimer's type, treated with memantine.",,,PHASE3,INTERVENTIONAL,487.0,UNKNOWN,UNKNOWN,UNKNOWN,COMPLETED,False,2008-12,2009-11,,11.166666666666666,,,UNKNOWN,,,,0,0,0,0,,UNKNOWN,0,"Memantine and Validation of a New Alzheimer's Disease Scale To validate a new Alzheimer's Disease scale against other rating tools in subjects with dementia of Alzheimer's type, treated with memantine.",0,0,0,0.046336453,0,high,0
NCT04303416,Plasma Exchange With Albumin in AMN Patients,,"Adrenoleukodystrophy (X-ALD) is the most common genetic disorder of the brain white matter with an incidence of 1:14,700 births. It is caused by mutations in the ABCD1 gene, which encodes a transporter of very long-chain fatty acids (VCLFA) into the peroxisome for degradation. As a consequence VLCFA accumulate in tissues and plasma being the pathognomonic biomarker for diagnosis. The excess of VLCFA produces mitochondrial ROS and oxidative damage, a major factor driving X-ALD pathogenesis. Other key dysregulated pathways are energy production, mitochondrial biogenesis and respiration, proteostasis, and ER stress. Current therapeutic options are unsatisfactory, restricted to bone marrow transplant and gene therapy, for which most patients do not qualify. The encouraging results of plasma exchange (PE) with albumin replacement for Alzheimer's Disease prompted us to start this study. Our rationale is the following: In plasma, VLCFA are transported by lipoproteins and albumin. Albumin is the major transporter of fatty acids (FA) to the brain. ABCD1 deficiency induces inflammation and increases blood-brain barrier leakage, which could facilitate increased permeability to albumin. We posit that replacement of albumin would lower VLCFA levels in plasma through peripheral sink mechanisms, diminishing the quantity of VLCFA reaching the brain, and would prevent lipid peroxidation. A pilot proof-of-concept study in 5 X-ALD patients will be carried out to replace endogenous albumin through PE applied, once a week the first month and monthly for 5 months. A 6 months follow-up after the end of the treatment will be carried out.",,,PHASE2 | PHASE3,INTERVENTIONAL,5.0,UNKNOWN,UNKNOWN,UNKNOWN,COMPLETED,False,2020-03-09,2021-02-24,,11.733333333333333,,,UNKNOWN,,,,0,0,0,0,,UNKNOWN,0,"Plasma Exchange With Albumin in AMN Patients Adrenoleukodystrophy (X-ALD) is the most common genetic disorder of the brain white matter with an incidence of 1:14,700 births. It is caused by mutations in the ABCD1 gene, which encodes a transporter of very long-chain fatty acids (VCLFA) into the peroxisome for degradation. As a consequence VLCFA accumulate in tissues and plasma being the pathognomonic biomarker for diagnosis. The excess of VLCFA produces mitochondrial ROS and oxidative damage, a major factor driving X-ALD pathogenesis. Other key dysregulated pathways are energy production, mitochondrial biogenesis and respiration, proteostasis, and ER stress. Current therapeutic options are unsatisfactory, restricted to bone marrow transplant and gene therapy, for which most patients do not qualify. The encouraging results of plasma exchange (PE) with albumin replacement for Alzheimer's Disease prompted us to start this study. Our rationale is the following: In plasma, VLCFA are transported by lipoproteins and albumin. Albumin is the major transporter of fatty acids (FA) to the brain. ABCD1 deficiency induces inflammation and increases blood-brain barrier leakage, which could facilitate increased permeability to albumin. We posit that replacement of albumin would lower VLCFA levels in plasma through peripheral sink mechanisms, diminishing the quantity of VLCFA reaching the brain, and would prevent lipid peroxidation. A pilot proof-of-concept study in 5 X-ALD patients will be carried out to replace endogenous albumin through PE applied, once a week the first month and monthly for 5 months. A 6 months follow-up after the end of the treatment will be carried out.",0,0,0,0.038720805,0,high,0
NCT02791230,Long-term Safety of Tafamidis in Subjects With Transthyretin Cardiomyopathy,,Open label study to evaluate tafamidis for the treatment of transthyretin cardiomyopathy,,,PHASE3,INTERVENTIONAL,1733.0,UNKNOWN,UNKNOWN,UNKNOWN,COMPLETED,True,2016-06-13,2023-10-26,,89.7,,,UNKNOWN,,,,0,0,0,0,,UNKNOWN,0,Long-term Safety of Tafamidis in Subjects With Transthyretin Cardiomyopathy Open label study to evaluate tafamidis for the treatment of transthyretin cardiomyopathy,0,0,0,0.93911636,1,high,1
NCT00000177,Estrogen Hormone Protocol,,"Estrogen is a hormone that is dominant in the female reproductive system. In women, most estrogen is produced by the ovaries. Men produce estrogen by converting testosterone into estrogen. Because this hormone also has many beneficial effects on brain cells, it currently is being studied as a treatment for Alzheimer's disease. The enzyme that forms the neurotransmitter acetylcholine is promoted in the presence of estrogen. Several very small clinical studies have demonstrated improvement in cognitive function and mood measures in women with Alzheimer's disease who take estrogen.",,,PHASE3,INTERVENTIONAL,120.0,UNKNOWN,UNKNOWN,UNKNOWN,COMPLETED,False,1995-10,1999-01,,39.6,,,UNKNOWN,,,,0,0,0,0,,UNKNOWN,0,"Estrogen Hormone Protocol Estrogen is a hormone that is dominant in the female reproductive system. In women, most estrogen is produced by the ovaries. Men produce estrogen by converting testosterone into estrogen. Because this hormone also has many beneficial effects on brain cells, it currently is being studied as a treatment for Alzheimer's disease. The enzyme that forms the neurotransmitter acetylcholine is promoted in the presence of estrogen. Several very small clinical studies have demonstrated improvement in cognitive function and mood measures in women with Alzheimer's disease who take estrogen.",0,0,0,0.0039156736,0,high,0
NCT00506415,"Comparative Efficacy, Safety, and Tolerability of Rivastigmine 10 and 15 cm^2 Patch in Patients With Alzheimer's Disease (AD) Showing Cognitive Decline",,The purpose of this study was to support the optimal use of rivastigmine patch in long-term treatment of Alzheimer's Disease in patients demonstrating functional and cognitive decline at the target maintenance dose of rivastigmine patch 10 cm\^2.,,,PHASE3,INTERVENTIONAL,1584.0,UNKNOWN,UNKNOWN,UNKNOWN,COMPLETED,True,2007-06,2011-05,,47.666666666666664,,,UNKNOWN,,,,0,0,0,0,,UNKNOWN,0,"Comparative Efficacy, Safety, and Tolerability of Rivastigmine 10 and 15 cm^2 Patch in Patients With Alzheimer's Disease (AD) Showing Cognitive Decline The purpose of this study was to support the optimal use of rivastigmine patch in long-term treatment of Alzheimer's Disease in patients demonstrating functional and cognitive decline at the target maintenance dose of rivastigmine patch 10 cm\^2.",0,0,0,0.99009,1,high,1
NCT05360147,Liraglutide Improve Cognitive Function in Patients With Type 2 Diabetes Mellitus,,"Patients with diabetes are susceptible to dementia, but regular therapy fails to reduce the risk of dementia. In previous observational study, the investigators found that liraglutide can improve cognitive function in patients with T2DM through a metabolism-independent pathway. Here the investigators aim to further verify such effects through a randomized, controlled study.",,,PHASE3,INTERVENTIONAL,30.0,UNKNOWN,UNKNOWN,UNKNOWN,COMPLETED,False,2021-01-20,2021-04-20,,3.0,,,UNKNOWN,,,,0,0,0,0,,UNKNOWN,0,"Liraglutide Improve Cognitive Function in Patients With Type 2 Diabetes Mellitus Patients with diabetes are susceptible to dementia, but regular therapy fails to reduce the risk of dementia. In previous observational study, the investigators found that liraglutide can improve cognitive function in patients with T2DM through a metabolism-independent pathway. Here the investigators aim to further verify such effects through a randomized, controlled study.",0,0,0,0.009693964,0,high,0
NCT00235716,"A Randomized, Clinical Trial of Vitamin E and Memantine in Alzheimer's Disease",,"The purpose of this study is to determine whether alpha-tocopherol, memantine (Namenda), or the combination will significantly delay clinical progression in mild to moderately demented patients with Alzheimer's disease compared to placebo.",,,PHASE3,INTERVENTIONAL,613.0,UNKNOWN,UNKNOWN,UNKNOWN,COMPLETED,True,2007-08,2012-09,,61.93333333333333,,,UNKNOWN,,,,0,0,0,0,,UNKNOWN,0,"A Randomized, Clinical Trial of Vitamin E and Memantine in Alzheimer's Disease The purpose of this study is to determine whether alpha-tocopherol, memantine (Namenda), or the combination will significantly delay clinical progression in mild to moderately demented patients with Alzheimer's disease compared to placebo.",0,0,0,0.9689798,1,high,1
NCT02245568,Open-Label Study of Leuco-methylthioninium Bis(Hydromethanesulfonate) (LMTM) in Subjects With Alzheimer's Disease or Behavioral Variant Frontotemporal Dementia (bvFTD),,The purpose of this study is to provide subjects who have completed participation in a Phase 2 or Phase 3 trial of LMTM continued access to therapy and to evaluate the long-term safety of LMTM.,,,PHASE3,INTERVENTIONAL,913.0,UNKNOWN,UNKNOWN,UNKNOWN,TERMINATED,True,2014-08,2017-05,,33.46666666666667,,,UNKNOWN,,,,0,0,0,0,,UNKNOWN,0,Open-Label Study of Leuco-methylthioninium Bis(Hydromethanesulfonate) (LMTM) in Subjects With Alzheimer's Disease or Behavioral Variant Frontotemporal Dementia (bvFTD) The purpose of this study is to provide subjects who have completed participation in a Phase 2 or Phase 3 trial of LMTM continued access to therapy and to evaluate the long-term safety of LMTM.,0,0,0,0.02040454,0,high,0
NCT03114657,A Study of Crenezumab Versus Placebo to Evaluate the Efficacy and Safety in Participants With Prodromal to Mild Alzheimer's Disease (AD),,"This randomized, double-blind, placebo-controlled, parallel-group study will evaluate the efficacy and safety of crenezumab versus placebo in participants with prodromal to mild AD. Participants will be randomized 1:1 to receive either intravenous (IV) infusion of crenezumab or placebo every 4 weeks (Q4W) for 100 weeks. The primary efficacy assessment will be performed at 105 weeks. The participants who do not enter open-label extension will enter for a long term follow-up period for up to 52 weeks after the last crenezumab dose (Week 153).",,,PHASE3,INTERVENTIONAL,806.0,UNKNOWN,UNKNOWN,UNKNOWN,TERMINATED,True,2017-03-29,2019-06-11,,26.8,,,UNKNOWN,,,,0,0,0,0,,UNKNOWN,0,"A Study of Crenezumab Versus Placebo to Evaluate the Efficacy and Safety in Participants With Prodromal to Mild Alzheimer's Disease (AD) This randomized, double-blind, placebo-controlled, parallel-group study will evaluate the efficacy and safety of crenezumab versus placebo in participants with prodromal to mild AD. Participants will be randomized 1:1 to receive either intravenous (IV) infusion of crenezumab or placebo every 4 weeks (Q4W) for 100 weeks. The primary efficacy assessment will be performed at 105 weeks. The participants who do not enter open-label extension will enter for a long term follow-up period for up to 52 weeks after the last crenezumab dose (Week 153).",0,0,0,0.020968234,0,high,0
NCT00255866,Improving Mood and Behavior in Assisted Living Residents Through Skills Training for Their Caregivers,,This study will develop a treatment program to reduce mood and behavior problems in assisted living residents who have dementia.,,,PHASE2 | PHASE3,INTERVENTIONAL,90.0,UNKNOWN,UNKNOWN,UNKNOWN,COMPLETED,False,2004-01,2006-12,,35.5,,,UNKNOWN,,,,0,0,0,0,,UNKNOWN,0,Improving Mood and Behavior in Assisted Living Residents Through Skills Training for Their Caregivers This study will develop a treatment program to reduce mood and behavior problems in assisted living residents who have dementia.,0,0,0,0.10244989,0,high,0
NCT00594737,Open Label Pilot Study of the Effects of Memantine on FDG-PET in Frontotemporal Dementia,,"Memantine has been approved for use in Alzheimer's disease. Its mechanism of action raises questions of whether it can also be effective for non-Alzheimer's dementias such as frontotemporal dementia (FTD), which currently has no disease-modifying treatment.

This is an open-label study to probe the effects of memantine in 15 outpatients diagnosed with FTD, as shown objectively by comparing PET scans performed before and after use of the medication. The specific type of PET scan, FDG-PET, allows the investigators to gauge the effects of memantine on cortical activity levels. The investigators hypothesize that subjects on memantine will show normalization of cortical metabolic activity.",,,PHASE3,INTERVENTIONAL,17.0,UNKNOWN,UNKNOWN,UNKNOWN,COMPLETED,False,2007-10,2012-06,,56.833333333333336,,,UNKNOWN,,,,0,0,0,0,,UNKNOWN,0,"Open Label Pilot Study of the Effects of Memantine on FDG-PET in Frontotemporal Dementia Memantine has been approved for use in Alzheimer's disease. Its mechanism of action raises questions of whether it can also be effective for non-Alzheimer's dementias such as frontotemporal dementia (FTD), which currently has no disease-modifying treatment.

This is an open-label study to probe the effects of memantine in 15 outpatients diagnosed with FTD, as shown objectively by comparing PET scans performed before and after use of the medication. The specific type of PET scan, FDG-PET, allows the investigators to gauge the effects of memantine on cortical activity levels. The investigators hypothesize that subjects on memantine will show normalization of cortical metabolic activity.",0,0,0,0.01097662,0,high,0
NCT00743743,Pilot Study of the Effects of Resveratrol Supplement in Mild-to-moderate Alzheimer's Disease,,"Objective: To determine the effects of resveratrol extract given in a 215 mg dose in a daily supplement currently available over the counter, on cognitive and global functioning in patients with mild to moderate AD on standard therapy.",,,PHASE3,INTERVENTIONAL,0.0,UNKNOWN,UNKNOWN,UNKNOWN,WITHDRAWN,False,2008-09,2010-06,,21.266666666666666,,,UNKNOWN,,,,0,0,0,0,,UNKNOWN,0,"Pilot Study of the Effects of Resveratrol Supplement in Mild-to-moderate Alzheimer's Disease Objective: To determine the effects of resveratrol extract given in a 215 mg dose in a daily supplement currently available over the counter, on cognitive and global functioning in patients with mild to moderate AD on standard therapy.",0,0,0,0.021523802,0,high,0
NCT03986424,Local Study of Akatinol Memantine in VaD in Russia,,The study evaluates the clinical efficacy and safety of Akatinol Memantine 20 mg (single-doses) vs. Akatinol Memantine 10 mg (double-doses) in patients suffering from moderate and moderately severe vascular dementia.,,,PHASE3,INTERVENTIONAL,130.0,UNKNOWN,UNKNOWN,UNKNOWN,COMPLETED,False,2018-01-23,2022-06-01,,53.0,,,UNKNOWN,,,,0,0,0,0,,UNKNOWN,0,Local Study of Akatinol Memantine in VaD in Russia The study evaluates the clinical efficacy and safety of Akatinol Memantine 20 mg (single-doses) vs. Akatinol Memantine 10 mg (double-doses) in patients suffering from moderate and moderately severe vascular dementia.,0,0,0,0.052071977,0,high,0
NCT01249196,A Confirmatory Trial of SK-PC-B70M in Mild to Moderate Alzheimer's Disease,,The purpose of this study is to evaluate the efficacy and safety of SK-PC-B70M in patients with mild to moderate Alzheimer's disease.,,,PHASE3,INTERVENTIONAL,256.0,UNKNOWN,UNKNOWN,UNKNOWN,COMPLETED,False,2010-05,2013-08,,39.6,,,UNKNOWN,,,,0,0,0,0,,UNKNOWN,0,A Confirmatory Trial of SK-PC-B70M in Mild to Moderate Alzheimer's Disease The purpose of this study is to evaluate the efficacy and safety of SK-PC-B70M in patients with mild to moderate Alzheimer's disease.,0,0,0,0.005803275,0,high,0
NCT00000172,Evaluation of Galantamine in the Treatment of Alzheimer's Disease,,Galantamine is an experimental drug being evaluated in the United States for the treatment of Alzheimer's disease. Results from previous clinical trials suggest that galantamine may improve cognitive performance in individuals with Alzheimer's disease. It is not a cure for Alzheimer's disease. Nerve cells in the brain responsible for memory and cognitive function communicate using a chemical called acetylcholine. Research has shown that deterioration of cells that produce acetylcholine in the brain affects thought processes. Galantamine is thought to work in two ways to increase the amount of acetylcholine available in the brain. It inhibits an enzyme that breaks down acetylcholine and it also stimulates the nicotinic receptors in the brain to release more acetylcholine.,,,PHASE3,INTERVENTIONAL,330.0,UNKNOWN,UNKNOWN,UNKNOWN,COMPLETED,False,,,,37.08333333333333,,,UNKNOWN,,,,0,0,0,0,,UNKNOWN,0,Evaluation of Galantamine in the Treatment of Alzheimer's Disease Galantamine is an experimental drug being evaluated in the United States for the treatment of Alzheimer's disease. Results from previous clinical trials suggest that galantamine may improve cognitive performance in individuals with Alzheimer's disease. It is not a cure for Alzheimer's disease. Nerve cells in the brain responsible for memory and cognitive function communicate using a chemical called acetylcholine. Research has shown that deterioration of cells that produce acetylcholine in the brain affects thought processes. Galantamine is thought to work in two ways to increase the amount of acetylcholine available in the brain. It inhibits an enzyme that breaks down acetylcholine and it also stimulates the nicotinic receptors in the brain to release more acetylcholine.,0,0,0,0.006791746,0,high,0
NCT00062972,Improving Memory in Patients With Multiple Sclerosis,,People with multiple sclerosis (MS) suffer from cognitive and other brain problems. This study will examine the effectiveness of the drug donepezil and of sugar water for enhancing memory in individuals with MS. Donepezil (also known as Aricept) has been FDA approved for improving memory and learning in individuals with Alzheimer's disease.,,,PHASE3,INTERVENTIONAL,0.0,UNKNOWN,UNKNOWN,UNKNOWN,WITHDRAWN,False,1999-09,,,37.08333333333333,,,UNKNOWN,,,,0,0,0,0,,UNKNOWN,0,Improving Memory in Patients With Multiple Sclerosis People with multiple sclerosis (MS) suffer from cognitive and other brain problems. This study will examine the effectiveness of the drug donepezil and of sugar water for enhancing memory in individuals with MS. Donepezil (also known as Aricept) has been FDA approved for improving memory and learning in individuals with Alzheimer's disease.,0,0,0,0.0032825586,0,high,0
NCT00439166,Effects of Doxycycline and Rifampicin on Biomarkers of Alzheimer's Disease in the Cerebrospinal Fluid,,"This study will determine if biomarkers found in the cerebrospinal fluid of people with Alzheimer's disease, are affected by treatment with two common antibiotics, doxycycline and rifampicin, suggesting a disease-modifying effect of those treatments.",,,PHASE3,INTERVENTIONAL,100.0,UNKNOWN,UNKNOWN,UNKNOWN,COMPLETED,False,2007-02,2010-04,,38.5,,,UNKNOWN,,,,0,0,0,0,,UNKNOWN,0,"Effects of Doxycycline and Rifampicin on Biomarkers of Alzheimer's Disease in the Cerebrospinal Fluid This study will determine if biomarkers found in the cerebrospinal fluid of people with Alzheimer's disease, are affected by treatment with two common antibiotics, doxycycline and rifampicin, suggesting a disease-modifying effect of those treatments.",0,0,0,0.002343206,0,high,0
NCT02004392,Study of the Safety and Clinical Effects of 2 Doses of EVP-6124 in Subjects With Alzheimer's Disease Who Complete Study EVP-6124-024 or EVP-6124-025,,"This is a 26-week, randomized extension of the Phase 3 double-blind placebo-controlled studies, EVP-6124-024 and EVP-6124-025. In this extension study, subjects who complete study EVP-6124-024 or EVP-6124-025 and fulfill all entry criteria will be randomized to receive EVP-6124 for an additional 26 weeks.",,,PHASE3,INTERVENTIONAL,348.0,UNKNOWN,UNKNOWN,UNKNOWN,TERMINATED,False,2014-06,2017-08,,38.56666666666667,,,UNKNOWN,,,,0,0,0,0,,UNKNOWN,0,"Study of the Safety and Clinical Effects of 2 Doses of EVP-6124 in Subjects With Alzheimer's Disease Who Complete Study EVP-6124-024 or EVP-6124-025 This is a 26-week, randomized extension of the Phase 3 double-blind placebo-controlled studies, EVP-6124-024 and EVP-6124-025. In this extension study, subjects who complete study EVP-6124-024 or EVP-6124-025 and fulfill all entry criteria will be randomized to receive EVP-6124 for an additional 26 weeks.",0,0,0,0.0043510306,0,high,0
NCT03707171,Effects of Liraglutide on the Cognitive Function in Patients With Type 2 Diabetes Mellitus,,"Type 2 diabetes mellitus (T2DM) can impaire cognitive function,the prevalence of Alzheimer's Disease(AD) in T2DM patients is 1.5 to 2.5 times higher than the general population.Cognitive impairment seriously affects the health and quality of life of the elderly. Prevention and treatment measures for cognitive decline in persons with T2DM has not been well studied.

Glucagon-like peptide-1 (GLP-1) is a member of an endogenous class of incretin hormones synthesized in intestinal epithelial L-cells.GLP-1 enhances glucose-dependent secretion of insulin,inhibits glucagon secretion, slows gastric emptying and reduces food intake. Liraglutide is a glucagon-like peptide type 1 (GLP-1) analogue. It has been proved that Liraglutide can improve insulin resistance and cognitive function in AD animals. Therefore, it is speculated that Liraglutide may interfere with the occurrence and development of cognitive dysfunction in patients with T2DM. In order to confirm the effects, the investigators conduct an open, prospective, positive controlled study in patients with T2DM. The effect on BMI,waist circumference, hip circumference, waist-to-hip ratio,fasting plasma glucose，glycosylated hemoglobin,blood lipids and cognitive function were measured to explore the effects of liraglutide in patients with T2DM.

The overall goal of this study is to explore the effects of liraglutide on the cognitive function in patients with type 2 diabetes mellitus and make further contribution to the improvement of cognitive function.",,,PHASE3,INTERVENTIONAL,30.0,UNKNOWN,UNKNOWN,UNKNOWN,COMPLETED,False,2018-10-01,2019-02-01,,4.1,,,UNKNOWN,,,,0,0,0,0,,UNKNOWN,0,"Effects of Liraglutide on the Cognitive Function in Patients With Type 2 Diabetes Mellitus Type 2 diabetes mellitus (T2DM) can impaire cognitive function,the prevalence of Alzheimer's Disease(AD) in T2DM patients is 1.5 to 2.5 times higher than the general population.Cognitive impairment seriously affects the health and quality of life of the elderly. Prevention and treatment measures for cognitive decline in persons with T2DM has not been well studied.

Glucagon-like peptide-1 (GLP-1) is a member of an endogenous class of incretin hormones synthesized in intestinal epithelial L-cells.GLP-1 enhances glucose-dependent secretion of insulin,inhibits glucagon secretion, slows gastric emptying and reduces food intake. Liraglutide is a glucagon-like peptide type 1 (GLP-1) analogue. It has been proved that Liraglutide can improve insulin resistance and cognitive function in AD animals. Therefore, it is speculated that Liraglutide may interfere with the occurrence and development of cognitive dysfunction in patients with T2DM. In order to confirm the effects, the investigators conduct an open, prospective, positive controlled study in patients with T2DM. The effect on BMI,waist circumference, hip circumference, waist-to-hip ratio,fasting plasma glucose，glycosylated hemoglobin,blood lipids and cognitive function were measured to explore the effects of liraglutide in patients with T2DM.

The overall goal of this study is to explore the effects of liraglutide on the cognitive function in patients with type 2 diabetes mellitus and make further contribution to the improvement of cognitive function.",0,0,0,0.016163394,0,high,0
NCT00255086,The Effect of Memantine on Brain Structure and Chemistry in Alzheimer's Disease Patients,,"The aim of the proposed study is to determine if the NMDA receptor antagonist memantine has a neuroprotective effect on magnetic resonance spectroscopic imaging (MRS) measures of brain NAA and magnetic resonance imaging (MRI) volumetric measures of hippocampal volume. In secondary analyses, we will determine if measures of clinical stabilization produced by memantine in the treatment of Alzheimer's disease (AD) parallels stabilization of MRS measures of brain NAA and MRI volumetric measures of hippocampal volume.",,,PHASE3,INTERVENTIONAL,17.0,UNKNOWN,UNKNOWN,UNKNOWN,COMPLETED,True,2005-05,2009-06,,49.733333333333334,,,UNKNOWN,,,,0,0,0,0,,UNKNOWN,0,"The Effect of Memantine on Brain Structure and Chemistry in Alzheimer's Disease Patients The aim of the proposed study is to determine if the NMDA receptor antagonist memantine has a neuroprotective effect on magnetic resonance spectroscopic imaging (MRS) measures of brain NAA and magnetic resonance imaging (MRI) volumetric measures of hippocampal volume. In secondary analyses, we will determine if measures of clinical stabilization produced by memantine in the treatment of Alzheimer's disease (AD) parallels stabilization of MRS measures of brain NAA and MRI volumetric measures of hippocampal volume.",0,0,0,0.1254729,0,high,1
NCT04623242,Dominantly Inherited Alzheimer Network Trial: An Opportunity to Prevent Dementia. A Study of Potential Disease Modifying Treatments in Individuals at Risk for or With a Type of Early Onset Alzheimer's Disease Caused by a Genetic Mutation.,,"The purpose of this study is to assess the safety, tolerability, biomarker and cognitive efficacy of investigational products in subjects who are known to have an Alzheimer's disease-causing mutation by determining if treatment with the study drug slows the rate of progression of cognitive impairment and improves disease-related biomarkers.

This is an analysis study for an MPRP: DIAN-TU-001 Master NCT01760005",,,PHASE2 | PHASE3,INTERVENTIONAL,194.0,UNKNOWN,UNKNOWN,UNKNOWN,COMPLETED,True,2012-12,2019-11-22,,84.9,,,UNKNOWN,,,,0,0,0,0,,UNKNOWN,0,"Dominantly Inherited Alzheimer Network Trial: An Opportunity to Prevent Dementia. A Study of Potential Disease Modifying Treatments in Individuals at Risk for or With a Type of Early Onset Alzheimer's Disease Caused by a Genetic Mutation. The purpose of this study is to assess the safety, tolerability, biomarker and cognitive efficacy of investigational products in subjects who are known to have an Alzheimer's disease-causing mutation by determining if treatment with the study drug slows the rate of progression of cognitive impairment and improves disease-related biomarkers.

This is an analysis study for an MPRP: DIAN-TU-001 Master NCT01760005",0,0,0,0.31865725,0,medium,1
NCT03594123,A 12-week Extension Trial to Evaluate the Safety and Tolerability of Brexpiprazole in the Treatment of Subjects With Agitation Associated With Dementia of the Alzheimer's Type,,"Active treatment extension study of the 331-14-213 trial, to assess the long-term safety and tolerability of oral brexpiprazole as treatment in adult participants with agitation associated with dementia of the Alzheimer's type (AAD).",,,PHASE3,INTERVENTIONAL,259.0,UNKNOWN,UNKNOWN,UNKNOWN,COMPLETED,True,2018-10-11,2022-09-19,,47.96666666666667,,,UNKNOWN,,,,0,0,0,0,,UNKNOWN,0,"A 12-week Extension Trial to Evaluate the Safety and Tolerability of Brexpiprazole in the Treatment of Subjects With Agitation Associated With Dementia of the Alzheimer's Type Active treatment extension study of the 331-14-213 trial, to assess the long-term safety and tolerability of oral brexpiprazole as treatment in adult participants with agitation associated with dementia of the Alzheimer's type (AAD).",0,0,0,0.20721233,0,medium,1
NCT01994889,Safety and Efficacy of Tafamidis in Patients With Transthyretin Cardiomyopathy,,"This Phase 3 study will investigate the efficacy, safety and tolerability of an oral daily dose of 20 mg or 80 mg tafamidis meglumine capsules compared to placebo in subjects with either transthyretin genetic variants or wild-type transthyretin resulting in amyloid cardiomyopathy.",,,PHASE3,INTERVENTIONAL,441.0,UNKNOWN,UNKNOWN,UNKNOWN,COMPLETED,True,2013-12-09,2018-02-07,,50.7,,,UNKNOWN,,,,0,0,0,0,,UNKNOWN,0,"Safety and Efficacy of Tafamidis in Patients With Transthyretin Cardiomyopathy This Phase 3 study will investigate the efficacy, safety and tolerability of an oral daily dose of 20 mg or 80 mg tafamidis meglumine capsules compared to placebo in subjects with either transthyretin genetic variants or wild-type transthyretin resulting in amyloid cardiomyopathy.",0,0,0,0.39447552,0,low,1
NCT00034762,Efficacy and Safety of Risperidone Compared With Placebo in the Treatment of Psychotic Symptoms in Patients With Alzheimer's Disease,,The purpose of this study is to evaluate the efficacy and safety of risperidone compared with placebo in the treatment of psychotic symptoms in patients with Alzheimer's disease,,,PHASE3,INTERVENTIONAL,473.0,UNKNOWN,UNKNOWN,UNKNOWN,COMPLETED,False,2000-12,,,37.08333333333333,,,UNKNOWN,,,,0,0,0,0,,UNKNOWN,0,Efficacy and Safety of Risperidone Compared With Placebo in the Treatment of Psychotic Symptoms in Patients With Alzheimer's Disease The purpose of this study is to evaluate the efficacy and safety of risperidone compared with placebo in the treatment of psychotic symptoms in patients with Alzheimer's disease,0,0,0,0.009438158,0,high,0
NCT02830854,Molecular Hydrogen for Cognitive Function and Performance in Elderly,,"A variety of non-pharmacological interventions have been used in the management of Alzheimer's disease (AD) and similar cognitive disorders in elderly, yet no therapeutic modality has demonstrated conclusive positive results in terms of effectiveness. Although it is still unknown what triggers AD, recent studies have shown that AD is associated with brain energy depletion, oxidative stress, and mitochondrial dysfunction. Since supplemental molecular hydrogen (H2) supports cell energy production and acts as a highly bioavailable mitochondria-related antioxidant, it may provide an ideal agent to facilitate treatment and perhaps prevention of AD and similar cognitive disorders in elderly. The overall hypothesis to be evaluated in this project is that administration of H2 will positively affect patient-reported outcomes and clinical biomarkers in men and women suffering from AD.",,,PHASE3,INTERVENTIONAL,13.0,UNKNOWN,UNKNOWN,UNKNOWN,COMPLETED,False,2016-07,2016-09,,2.066666666666667,,,UNKNOWN,,,,0,0,0,0,,UNKNOWN,0,"Molecular Hydrogen for Cognitive Function and Performance in Elderly A variety of non-pharmacological interventions have been used in the management of Alzheimer's disease (AD) and similar cognitive disorders in elderly, yet no therapeutic modality has demonstrated conclusive positive results in terms of effectiveness. Although it is still unknown what triggers AD, recent studies have shown that AD is associated with brain energy depletion, oxidative stress, and mitochondrial dysfunction. Since supplemental molecular hydrogen (H2) supports cell energy production and acts as a highly bioavailable mitochondria-related antioxidant, it may provide an ideal agent to facilitate treatment and perhaps prevention of AD and similar cognitive disorders in elderly. The overall hypothesis to be evaluated in this project is that administration of H2 will positively affect patient-reported outcomes and clinical biomarkers in men and women suffering from AD.",0,0,0,0.0053481874,0,high,0
NCT02477800,221AD301 Phase 3 Study of Aducanumab (BIIB037) in Early Alzheimer's Disease,,"The primary objective of the study is to evaluate the efficacy of monthly doses of aducanumab in slowing cognitive and functional impairment as measured by changes in the Clinical Dementia Rating-Sum of Boxes (CDR-SB) score as compared with placebo in participants with early AD. Secondary objectives are to assess the effect of monthly doses of aducanumab as compared with placebo on clinical progression as measured by Mini-Mental State Examination (MMSE), AD Assessment Scale-Cognitive Subscale (13 items) \[ADAS-Cog 13\], and AD Cooperative Study-Activities of Daily Living Inventory (Mild Cognitive Impairment version) \[ADCS-ADL-MCI\].",,,PHASE3,INTERVENTIONAL,1653.0,UNKNOWN,UNKNOWN,UNKNOWN,TERMINATED,True,2015-08-13,2019-08-08,,48.53333333333333,,,UNKNOWN,,,,0,0,0,0,,UNKNOWN,0,"221AD301 Phase 3 Study of Aducanumab (BIIB037) in Early Alzheimer's Disease The primary objective of the study is to evaluate the efficacy of monthly doses of aducanumab in slowing cognitive and functional impairment as measured by changes in the Clinical Dementia Rating-Sum of Boxes (CDR-SB) score as compared with placebo in participants with early AD. Secondary objectives are to assess the effect of monthly doses of aducanumab as compared with placebo on clinical progression as measured by Mini-Mental State Examination (MMSE), AD Assessment Scale-Cognitive Subscale (13 items) \[ADAS-Cog 13\], and AD Cooperative Study-Activities of Daily Living Inventory (Mild Cognitive Impairment version) \[ADCS-ADL-MCI\].",0,0,0,0.056801263,0,high,0
NCT01172145,Treatment of Apathy in Alzheimer's Disease With Modafinil,,"This study examined the effects of modafinil on apathetic symptomatology, performance of activities of daily living (ADLs) and caregiver burden in individuals with Alzheimer's disease (AD).",,,PHASE3,INTERVENTIONAL,22.0,UNKNOWN,UNKNOWN,UNKNOWN,COMPLETED,True,2005-07,,,37.08333333333333,,,UNKNOWN,,,,0,0,0,0,,UNKNOWN,0,"Treatment of Apathy in Alzheimer's Disease With Modafinil This study examined the effects of modafinil on apathetic symptomatology, performance of activities of daily living (ADLs) and caregiver burden in individuals with Alzheimer's disease (AD).",0,0,0,0.93605244,1,high,1
NCT00004845,A Multicenter Trial of Rofecoxib and Naproxen in Alzheimer's Disease (NSAID Study),,The primary specific aim of this clinical trial is to determine whether treatment with rofecoxib or naproxen for one year will slow the rate of decline of cognitive function in patients with Alzheimer's disease (AD) as measured by ADAScog.,,,PHASE2 | PHASE3,INTERVENTIONAL,330.0,UNKNOWN,UNKNOWN,UNKNOWN,COMPLETED,False,,2001-12,,37.08333333333333,,,UNKNOWN,,,,0,0,0,0,,UNKNOWN,0,A Multicenter Trial of Rofecoxib and Naproxen in Alzheimer's Disease (NSAID Study) The primary specific aim of this clinical trial is to determine whether treatment with rofecoxib or naproxen for one year will slow the rate of decline of cognitive function in patients with Alzheimer's disease (AD) as measured by ADAScog.,0,0,0,0.035741866,0,high,0
NCT00056628,COGNIShunt® System for Alzheimer's Disease,,This is a study of the effect on the progression of Alzheimer's Disease of a surgically implanted shunt (tube) to increase the flow of cerebrospinal fluid and improve the clearance of potential neurotoxins from the fluid bathing the brain.,,,PHASE3,INTERVENTIONAL,250.0,UNKNOWN,UNKNOWN,UNKNOWN,COMPLETED,False,2001-01,,,37.08333333333333,,,UNKNOWN,,,,0,0,0,0,,UNKNOWN,0,COGNIShunt® System for Alzheimer's Disease This is a study of the effect on the progression of Alzheimer's Disease of a surgically implanted shunt (tube) to increase the flow of cerebrospinal fluid and improve the clearance of potential neurotoxins from the fluid bathing the brain.,0,0,0,0.017326485,0,high,0
NCT00082602,Safety and Tolerability Study of Extended Release (ER) Galantamine in Alzheimer's Disease,,The purpose of this study is to evaluate the safety and tolerability of an extended release formulation of the drug galantamine using a rapid dose escalation regimen.,,,PHASE3,INTERVENTIONAL,83.0,UNKNOWN,UNKNOWN,UNKNOWN,COMPLETED,False,2004-05,,,37.08333333333333,,,UNKNOWN,,,,0,0,0,0,,UNKNOWN,0,Safety and Tolerability Study of Extended Release (ER) Galantamine in Alzheimer's Disease The purpose of this study is to evaluate the safety and tolerability of an extended release formulation of the drug galantamine using a rapid dose escalation regimen.,0,0,0,0.0065631396,0,high,0
NCT03691519,Prevention of Cognitive Decline in Older Adults With Low Dha/Epa Index in Red Blood Cells,,"LO MAPT is an 18-month, phase III, multicenter, randomized, placebo-controlled, 2 parallel groups trial, followed by a 18-month open-label extension phase, to evaluate the efficacy of omega-3 supplementation on cognitive decline in older adults with low DHA/EPA status and subjective memory complaints or family history of Alzheimer disease.",,,PHASE3,INTERVENTIONAL,774.0,UNKNOWN,UNKNOWN,UNKNOWN,COMPLETED,False,2018-04-17,2020-03-31,,23.8,,,UNKNOWN,,,,0,0,0,0,,UNKNOWN,0,"Prevention of Cognitive Decline in Older Adults With Low Dha/Epa Index in Red Blood Cells LO MAPT is an 18-month, phase III, multicenter, randomized, placebo-controlled, 2 parallel groups trial, followed by a 18-month open-label extension phase, to evaluate the efficacy of omega-3 supplementation on cognitive decline in older adults with low DHA/EPA status and subjective memory complaints or family history of Alzheimer disease.",0,0,0,0.02036335,0,high,0
NCT02284906,AD-4833/TOMM40_303 Extension Study of the Safety and Efficacy of Pioglitazone to Slow Cognitive Decline in Participants With Mild Cognitive Impairment Due to Alzheimer Disease,,The purpose of this study is to evaluate the effect of pioglitazone at 24 months compared with placebo on cognitive decline in high-risk participants who have completed the AD-4833/TOMM40\_301 study \[NCT01931566\] with an adjudicated diagnosis of mild cognitive impairment (MCI) due to Alzheimer's Disease (AD).,,,PHASE3,INTERVENTIONAL,40.0,UNKNOWN,UNKNOWN,UNKNOWN,TERMINATED,True,2015-02-12,2018-01-31,,36.13333333333333,,,UNKNOWN,,,,0,0,0,0,,UNKNOWN,0,AD-4833/TOMM40_303 Extension Study of the Safety and Efficacy of Pioglitazone to Slow Cognitive Decline in Participants With Mild Cognitive Impairment Due to Alzheimer Disease The purpose of this study is to evaluate the effect of pioglitazone at 24 months compared with placebo on cognitive decline in high-risk participants who have completed the AD-4833/TOMM40\_301 study \[NCT01931566\] with an adjudicated diagnosis of mild cognitive impairment (MCI) due to Alzheimer's Disease (AD).,0,0,0,0.0052680513,0,high,0
NCT03031184,Study of Mirtazapine for Agitation in Dementia,,"This clinical trial evaluates whether Mirtazapine is more effective than placebo in treating agitation in people with dementia. The trial will assess the safety, clinical and cost effectiveness of the treatment. Participants will be randomised to receive either Mirtazapine or placebo for 12 weeks and will be followed up for up to one year, in this blinded trial.",,,PHASE3,INTERVENTIONAL,207.0,UNKNOWN,UNKNOWN,UNKNOWN,COMPLETED,False,2017-01,2020-06,,41.56666666666667,,,UNKNOWN,,,,0,0,0,0,,UNKNOWN,0,"Study of Mirtazapine for Agitation in Dementia This clinical trial evaluates whether Mirtazapine is more effective than placebo in treating agitation in people with dementia. The trial will assess the safety, clinical and cost effectiveness of the treatment. Participants will be randomised to receive either Mirtazapine or placebo for 12 weeks and will be followed up for up to one year, in this blinded trial.",0,0,0,0.0048066312,0,high,0
NCT00000171,Study of Melatonin: Sleep Problems in Alzheimer's Disease,,"This protocol is a multicenter clinical trial of melatonin for sleep disturbances associated with Alzheimer's disease (AD). Frequent nocturnal awakening is a common behavioral symptom of AD. Nighttime wandering and agitated behavior may result in injuries and sleep disruption for caregivers. Alternatives are sorely needed to the currently available sleep medications that have marginal efficacy and serious side effects. Melatonin is a naturally occurring hormone secreted by the pineal gland. It has soporific effects with oral administration and is well tolerated. It enhances sleep in normal older people. Melatonin also may help sleep disturbances associated with AD; however, this remains to be proven.",,,PHASE3,INTERVENTIONAL,330.0,UNKNOWN,UNKNOWN,UNKNOWN,COMPLETED,False,,,,37.08333333333333,,,UNKNOWN,,,,0,0,0,0,,UNKNOWN,0,"Study of Melatonin: Sleep Problems in Alzheimer's Disease This protocol is a multicenter clinical trial of melatonin for sleep disturbances associated with Alzheimer's disease (AD). Frequent nocturnal awakening is a common behavioral symptom of AD. Nighttime wandering and agitated behavior may result in injuries and sleep disruption for caregivers. Alternatives are sorely needed to the currently available sleep medications that have marginal efficacy and serious side effects. Melatonin is a naturally occurring hormone secreted by the pineal gland. It has soporific effects with oral administration and is well tolerated. It enhances sleep in normal older people. Melatonin also may help sleep disturbances associated with AD; however, this remains to be proven.",0,0,0,0.031634584,0,high,0
NCT00036114,Study of Aripiprazole in the Treatment of Patients With Psychosis Associated With Dementia of the Alzheimer's Type,,The purpose of this study is to learn if aripiprazole is safe and effective in the treatment of psychosis associated with dementia of the Alzheimer's type.,,,PHASE3,INTERVENTIONAL,330.0,UNKNOWN,UNKNOWN,UNKNOWN,COMPLETED,False,2000-03,2003-08,,41.6,,,UNKNOWN,,,,0,0,0,0,,UNKNOWN,0,Study of Aripiprazole in the Treatment of Patients With Psychosis Associated With Dementia of the Alzheimer's Type The purpose of this study is to learn if aripiprazole is safe and effective in the treatment of psychosis associated with dementia of the Alzheimer's type.,0,0,0,0.043186843,0,high,0
NCT05557409,A Study to Assess the Efficacy and Safety of AXS-05 in Subjects with Alzheimer's Disease Agitation,,"This trial is a multi-center, double-blind, placebo-controlled, randomized study to evaluate the efficacy and safety of AXS-05 compared to placebo for the treatment of agitation associated with Alzheimer's disease.",,,PHASE3,INTERVENTIONAL,408.0,UNKNOWN,UNKNOWN,UNKNOWN,COMPLETED,False,2022-09-06,2024-11-21,,26.9,,,UNKNOWN,,,,0,0,0,0,,UNKNOWN,0,"A Study to Assess the Efficacy and Safety of AXS-05 in Subjects with Alzheimer's Disease Agitation This trial is a multi-center, double-blind, placebo-controlled, randomized study to evaluate the efficacy and safety of AXS-05 compared to placebo for the treatment of agitation associated with Alzheimer's disease.",0,0,0,0.028519463,0,high,0
NCT02956486,A 24-Month Study to Evaluate the Efficacy and Safety of Elenbecestat (E2609) in Participants With Early Alzheimer's Disease,,"The name of this trial is MissionAD1. This phase 3 study consists of a Core and Open Label Extension (OLE) Phase in participants with Early Alzheimer's Disease (EAD), and will be conducted to evaluate the efficacy and safety of E2609. The Core is a 24-month treatment, multicenter, double blind, placebo controlled parallel group study. The OLE is a 24-month treatment, one group study. The data for the studies E2609-G000-301 (NCT02956486, MissionAD1) and E2609-G000-302 (NCT03036280, MissionAD2) will be pooled.",,,PHASE3,INTERVENTIONAL,2212.0,UNKNOWN,UNKNOWN,UNKNOWN,TERMINATED,True,2016-10-20,2020-01-15,,39.4,,,UNKNOWN,,,,0,0,0,0,,UNKNOWN,0,"A 24-Month Study to Evaluate the Efficacy and Safety of Elenbecestat (E2609) in Participants With Early Alzheimer's Disease The name of this trial is MissionAD1. This phase 3 study consists of a Core and Open Label Extension (OLE) Phase in participants with Early Alzheimer's Disease (EAD), and will be conducted to evaluate the efficacy and safety of E2609. The Core is a 24-month treatment, multicenter, double blind, placebo controlled parallel group study. The OLE is a 24-month treatment, one group study. The data for the studies E2609-G000-301 (NCT02956486, MissionAD1) and E2609-G000-302 (NCT03036280, MissionAD2) will be pooled.",0,0,0,0.014877026,0,high,0
NCT00440050,"DHA (Docosahexaenoic Acid), an Omega 3 Fatty Acid, in Slowing the Progression of Alzheimer's Disease",,The purpose of this study is to determine whether chronic DHA (Docosahexaenoic Acid) supplementation slows the progression of cognitive and functional decline in mild to moderate Alzheimer's disease (AD).,,,PHASE3,INTERVENTIONAL,402.0,UNKNOWN,UNKNOWN,UNKNOWN,COMPLETED,True,2007-02,2009-05,,27.333333333333332,,,UNKNOWN,,,,0,0,0,0,,UNKNOWN,0,"DHA (Docosahexaenoic Acid), an Omega 3 Fatty Acid, in Slowing the Progression of Alzheimer's Disease The purpose of this study is to determine whether chronic DHA (Docosahexaenoic Acid) supplementation slows the progression of cognitive and functional decline in mild to moderate Alzheimer's disease (AD).",0,0,0,0.97977257,1,high,1
NCT04770220,An Efficacy and Safety Study of ALZ-801 in APOE4/4 Early AD Subjects,,"This study is being conducted to evaluate the safety and efficacy of ALZ-801 in Early Alzheimer's disease (AD) subjects with the APOE4/4 genotype. This is a double-blind, randomized trial with one dose of ALZ-801 compared to placebo.",,,PHASE3,INTERVENTIONAL,325.0,UNKNOWN,UNKNOWN,UNKNOWN,COMPLETED,True,2021-05-19,2024-05-29,,36.86666666666667,,,UNKNOWN,,,,0,0,0,0,,UNKNOWN,0,"An Efficacy and Safety Study of ALZ-801 in APOE4/4 Early AD Subjects This study is being conducted to evaluate the safety and efficacy of ALZ-801 in Early Alzheimer's disease (AD) subjects with the APOE4/4 genotype. This is a double-blind, randomized trial with one dose of ALZ-801 compared to placebo.",0,0,0,0.11390238,0,high,1
NCT03790709,ANAVEX2-73 for Treatment of Early Alzheimer's Disease,,"Phase 2b/3 48-week study to evaluate the effects of ANAVEX2-73 on cognition and function after 48 weeks of daily treatment. Additional outcome measures include refined measures of sleep, behavioral and psychological symptoms typically observed in AD, changes in daily functioning of participants and changes in caregiver burden, as well as changes in quality of life measures of both, patients and caregivers during treatment with ANAVEX2-73.",,,PHASE2 | PHASE3,INTERVENTIONAL,509.0,UNKNOWN,UNKNOWN,UNKNOWN,COMPLETED,False,2018-07-03,2022-06-30,,48.6,,,UNKNOWN,,,,0,0,0,0,,UNKNOWN,0,"ANAVEX2-73 for Treatment of Early Alzheimer's Disease Phase 2b/3 48-week study to evaluate the effects of ANAVEX2-73 on cognition and function after 48 weeks of daily treatment. Additional outcome measures include refined measures of sleep, behavioral and psychological symptoms typically observed in AD, changes in daily functioning of participants and changes in caregiver burden, as well as changes in quality of life measures of both, patients and caregivers during treatment with ANAVEX2-73.",0,0,0,0.048811667,0,high,0
NCT01325714,Preventing Aggression in Veterans With Dementia,,"This study tests whether education about memory and pain might help to prevent aggression in persons with dementia who have pain. The overall goal of this intervention is to reduce the risk of aggressive behavior by improving several areas of patient life that are known causes of aggression: pain, depression, lack of pleasurable activities, caregiver stress and difficulty in caregiver-patient communication.",,,PHASE3,INTERVENTIONAL,203.0,UNKNOWN,UNKNOWN,UNKNOWN,COMPLETED,True,2011-05,2015-02,,45.733333333333334,,,UNKNOWN,,,,0,0,0,0,,UNKNOWN,0,"Preventing Aggression in Veterans With Dementia This study tests whether education about memory and pain might help to prevent aggression in persons with dementia who have pain. The overall goal of this intervention is to reduce the risk of aggressive behavior by improving several areas of patient life that are known causes of aggression: pain, depression, lack of pleasurable activities, caregiver stress and difficulty in caregiver-patient communication.",0,0,0,0.96131754,1,high,1
NCT00428090,Rosiglitazone (Extended Release Tablets) As Monotherapy In Subjects With Mild To Moderate Alzheimer's Disease,,"Rosiglitazone (RSG) has been tested and is approved as a treatment for type II diabetes mellitus, a disease that occurs when the body ineffectively uses glucose. RSG XR, the investigational drug, is an extended-release form of RSG. This study tests whether RSG XR safely provides benefit to people with mild to moderate Alzheimer's disease (AD). RSG XR is a new approach to AD therapy and this study tests whether one's genes alter the effectiveness of RSG XR. Glucose is used by cells to make energy that they need to live. Changes in the ability of cells to use of glucose can lead to diseases like diabetes. Glucose levels may be lower in the brains of AD patients, and their brain cells may also use glucose less well than in unaffected people. The proper function of brain cells may be critical to memory and thought. If brain cells use glucose poorly, this might impact AD. Drugs that help brain cells properly use glucose may help a person maintain normal memory and thinking. Data suggesting that RSG may help AD patients was first seen in a small study at the Univ. of Washington and then from a larger international GSK study. In the first study, those receiving RSG once daily for 6 months scored better on 3 tests of memory and thought than those who did not receive RSG. In the GSK study, those that benefited most from therapy with RSG XR had a specific genetic pattern. They lacked the gene that caused them to produce apolipoprotein E e4 (APOE e4). Subjects who have the APOE e4 gene may have two copies, one from each parent, or they may have only one APOE e4 gene meaning that they inherited either the APOE e2 or APOE e3 version of the gene from one parent. Subjects with one copy of the APOE e4 gene remained fairly stable while those with two copies of APOE e4 continued to worsen during the 6-month treatment. This study will directly test the effect of RSG XR on people who either have or lack the APOE e4 gene.",,,PHASE3,INTERVENTIONAL,862.0,UNKNOWN,UNKNOWN,UNKNOWN,COMPLETED,True,2007-02-27,2008-09-01,,18.4,,,UNKNOWN,,,,0,0,0,0,,UNKNOWN,0,"Rosiglitazone (Extended Release Tablets) As Monotherapy In Subjects With Mild To Moderate Alzheimer's Disease Rosiglitazone (RSG) has been tested and is approved as a treatment for type II diabetes mellitus, a disease that occurs when the body ineffectively uses glucose. RSG XR, the investigational drug, is an extended-release form of RSG. This study tests whether RSG XR safely provides benefit to people with mild to moderate Alzheimer's disease (AD). RSG XR is a new approach to AD therapy and this study tests whether one's genes alter the effectiveness of RSG XR. Glucose is used by cells to make energy that they need to live. Changes in the ability of cells to use of glucose can lead to diseases like diabetes. Glucose levels may be lower in the brains of AD patients, and their brain cells may also use glucose less well than in unaffected people. The proper function of brain cells may be critical to memory and thought. If brain cells use glucose poorly, this might impact AD. Drugs that help brain cells properly use glucose may help a person maintain normal memory and thinking. Data suggesting that RSG may help AD patients was first seen in a small study at the Univ. of Washington and then from a larger international GSK study. In the first study, those receiving RSG once daily for 6 months scored better on 3 tests of memory and thought than those who did not receive RSG. In the GSK study, those that benefited most from therapy with RSG XR had a specific genetic pattern. They lacked the gene that caused them to produce apolipoprotein E e4 (APOE e4). Subjects who have the APOE e4 gene may have two copies, one from each parent, or they may have only one APOE e4 gene meaning that they inherited either the APOE e2 or APOE e3 version of the gene from one parent. Subjects with one copy of the APOE e4 gene remained fairly stable while those with two copies of APOE e4 continued to worsen during the 6-month treatment. This study will directly test the effect of RSG XR on people who either have or lack the APOE e4 gene.",0,0,0,0.9677969,1,high,1
NCT00211952,Adjuvant Celecoxib in Completely Resected pN1-2 NSCLC Patients,,"The aim of the study is to assess the influence of celecoxib on relapse-free survival in completely resected patients with poor prognosis indicated by metastatic involvement of intrapulmonary/hilar (pN1) or ipsilateral mediastinal (pN2) lymph nodes. Celecoxib, a selective oral COX-2 inhibitor, was found to exert significant anti-proliferative activity against a variety of tumor cell lines in vitro, including NSCLC. COX-2 is frequently up-regulated in NSCLC cell lines and archival tumor samples. Its high expression was also correlated with poor prognosis of the patients. A clinical trial addressing the role of celecoxib as adjuvant treatment in radically operated patients with high risk of relapse is warranted.",,,PHASE3,INTERVENTIONAL,542.0,UNKNOWN,UNKNOWN,UNKNOWN,SUSPENDED,False,2004-03,,,37.08333333333333,,,UNKNOWN,,,,0,0,0,0,,UNKNOWN,0,"Adjuvant Celecoxib in Completely Resected pN1-2 NSCLC Patients The aim of the study is to assess the influence of celecoxib on relapse-free survival in completely resected patients with poor prognosis indicated by metastatic involvement of intrapulmonary/hilar (pN1) or ipsilateral mediastinal (pN2) lymph nodes. Celecoxib, a selective oral COX-2 inhibitor, was found to exert significant anti-proliferative activity against a variety of tumor cell lines in vitro, including NSCLC. COX-2 is frequently up-regulated in NSCLC cell lines and archival tumor samples. Its high expression was also correlated with poor prognosis of the patients. A clinical trial addressing the role of celecoxib as adjuvant treatment in radically operated patients with high risk of relapse is warranted.",0,0,0,0.009288707,0,high,0
NCT00097916,An Evaluation of the Safety and Efficacy of Memantine in Agitated Patients With Moderate to Severe Alzheimer's Disease,,"About 65% of patients with severe Alzheimer's Disease (AD) will have symptoms of agitation. There are drawbacks associated with the currently available therapeutic interventions for agitation associated with Alzheimer's Disease. In a recent trial, in the group of patients with moderate to severe AD treated with memantine, there were fewer incidences of agitation. It is hypothesized that memantine will be effective in reducing the symptoms of agitation associated with moderate to severe Alzheimer's Disease.",,,PHASE3,INTERVENTIONAL,34.0,UNKNOWN,UNKNOWN,UNKNOWN,COMPLETED,False,2004-09,2006-04,,19.233333333333334,,,UNKNOWN,,,,0,0,0,0,,UNKNOWN,0,"An Evaluation of the Safety and Efficacy of Memantine in Agitated Patients With Moderate to Severe Alzheimer's Disease About 65% of patients with severe Alzheimer's Disease (AD) will have symptoms of agitation. There are drawbacks associated with the currently available therapeutic interventions for agitation associated with Alzheimer's Disease. In a recent trial, in the group of patients with moderate to severe AD treated with memantine, there were fewer incidences of agitation. It is hypothesized that memantine will be effective in reducing the symptoms of agitation associated with moderate to severe Alzheimer's Disease.",0,0,0,0.019878957,0,high,0
NCT01142258,Trazodone for Sleep Disorders in Alzheimer's Disease,,The purpose of this study is to determine whether trazodone is effective in the treatment of sleep disorders in Alzheimer's disease (AD).,,,PHASE3,INTERVENTIONAL,40.0,UNKNOWN,UNKNOWN,UNKNOWN,COMPLETED,False,2010-03,2012-04,,25.4,,,UNKNOWN,,,,0,0,0,0,,UNKNOWN,0,Trazodone for Sleep Disorders in Alzheimer's Disease The purpose of this study is to determine whether trazodone is effective in the treatment of sleep disorders in Alzheimer's disease (AD).,0,0,0,0.024843855,0,high,0
NCT06860373,LIFE-DSR-Biomarker Sub-study of Biomarkers in Down Syndrome Related Alzheimer's Disease (DS-AD),,"This is an optional sub-study that will enroll participants from the LIFE-DSR parent protocol. Participants will undergo assessments at two timepoints, including: additional blood samples for PBMC and RNA extraction, as well as a lumbar puncture for collection of CSF, and/or MRI and tau PET imaging. Sub-study visits will be scheduled around a similar calendar-day as the parent protocol study visits (e.g., Month (M) 0 (M0) and M16, or M16 and M32).",,,PHASE3,INTERVENTIONAL,5.0,UNKNOWN,UNKNOWN,UNKNOWN,TERMINATED,False,2023-06-27,2024-04-17,,9.833333333333334,,,UNKNOWN,,,,0,0,0,0,,UNKNOWN,0,"LIFE-DSR-Biomarker Sub-study of Biomarkers in Down Syndrome Related Alzheimer's Disease (DS-AD) This is an optional sub-study that will enroll participants from the LIFE-DSR parent protocol. Participants will undergo assessments at two timepoints, including: additional blood samples for PBMC and RNA extraction, as well as a lumbar puncture for collection of CSF, and/or MRI and tau PET imaging. Sub-study visits will be scheduled around a similar calendar-day as the parent protocol study visits (e.g., Month (M) 0 (M0) and M16, or M16 and M32).",0,0,0,0.07189674,0,high,0
NCT02346201,Apathy in Dementia Methylphenidate Trial 2,,"Apathy in Dementia Methylphenidate Trial 2 (ADMET 2) is a Phase III, placebo-controlled, masked, 6 month, multi-center randomized clinical trial sponsored by National Institutes of Aging involving 200 participants with Alzheimer's disease (AD). ADMET 2 is designed to examine the efficacy and safety of methylphenidate as treatment for clinically significant apathy in AD participants. ADMET 2 will enroll participants from real world settings such as outpatient, nursing home, and assisted living facilities and will examine the effects of methylphenidate on apathy and cognition. ADMET 2 will also conduct careful safety monitoring.",,,PHASE3,INTERVENTIONAL,200.0,UNKNOWN,UNKNOWN,UNKNOWN,COMPLETED,True,2016-01,2020-07-15,,55.233333333333334,,,UNKNOWN,,,,0,0,0,0,,UNKNOWN,0,"Apathy in Dementia Methylphenidate Trial 2 Apathy in Dementia Methylphenidate Trial 2 (ADMET 2) is a Phase III, placebo-controlled, masked, 6 month, multi-center randomized clinical trial sponsored by National Institutes of Aging involving 200 participants with Alzheimer's disease (AD). ADMET 2 is designed to examine the efficacy and safety of methylphenidate as treatment for clinically significant apathy in AD participants. ADMET 2 will enroll participants from real world settings such as outpatient, nursing home, and assisted living facilities and will examine the effects of methylphenidate on apathy and cognition. ADMET 2 will also conduct careful safety monitoring.",0,0,0,0.96087074,1,high,1
NCT00191009,Adding Atomoxetine To Standard Medication Treatment In Patients With Alzheimer's Disease,,This study will compare atomoxetine to placebo when taken with current standard Alzheimer's Disease medications. The treatment will take approximately 6 months and it is hypothesized atomoxetine will significantly improve cognitive performance as compared to placebo.,,,PHASE2 | PHASE3,INTERVENTIONAL,124.0,UNKNOWN,UNKNOWN,UNKNOWN,COMPLETED,False,2003-10,,,37.08333333333333,,,UNKNOWN,,,,0,0,0,0,,UNKNOWN,0,Adding Atomoxetine To Standard Medication Treatment In Patients With Alzheimer's Disease This study will compare atomoxetine to placebo when taken with current standard Alzheimer's Disease medications. The treatment will take approximately 6 months and it is hypothesized atomoxetine will significantly improve cognitive performance as compared to placebo.,0,0,0,0.17410648,0,high,0
NCT01219244,Effects of Dietary Interventions on the Brain in Mild Cognitive Impairment (MCI),,The study will investigate whether dietary modification could provide positive effects on brain functions in elderly people with mild cognitive impairment.,,,PHASE2 | PHASE3,INTERVENTIONAL,330.0,UNKNOWN,UNKNOWN,UNKNOWN,COMPLETED,False,2010-08,2016-07,,72.03333333333333,,,UNKNOWN,,,,0,0,0,0,,UNKNOWN,0,Effects of Dietary Interventions on the Brain in Mild Cognitive Impairment (MCI) The study will investigate whether dietary modification could provide positive effects on brain functions in elderly people with mild cognitive impairment.,0,0,0,0.06930834,0,high,0
NCT00829374,Safety and Efficacy Study Evaluating Dimebon in Patients With Mild to Moderate Alzheimer's Disease on Donepezil,,The purpose of this study is to determine if Dimebon is safe and effective in patients with mild to moderate Alzheimer's disease on Donepezil.,,,PHASE3,INTERVENTIONAL,1003.0,UNKNOWN,UNKNOWN,UNKNOWN,COMPLETED,False,2009-03,2011-12,,33.5,,,UNKNOWN,,,,0,0,0,0,,UNKNOWN,0,Safety and Efficacy Study Evaluating Dimebon in Patients With Mild to Moderate Alzheimer's Disease on Donepezil The purpose of this study is to determine if Dimebon is safe and effective in patients with mild to moderate Alzheimer's disease on Donepezil.,0,0,0,0.008607781,0,high,0
NCT03901105,Evaluation of Flortaucipir PET Signal and Cognitive Change in Early Alzheimer's Disease,,"This study will evaluate whether visual interpretation of flortaucipir-PET (positron emission tomography) scans, examining patterns of tracer uptake at baseline, can predict the rate of clinically-meaningful cognitive decline due to AD after 18 months. All scans are acquired from cohorts of a previously completed study, I8D-MC-AZES (NCT02245737, lanabecestat, Eli Lilly and Company sponsor).",,,PHASE3,INTERVENTIONAL,205.0,UNKNOWN,UNKNOWN,UNKNOWN,COMPLETED,True,2019-03-28,2019-04-28,,1.0333333333333334,,,UNKNOWN,,,,0,0,0,0,,UNKNOWN,0,"Evaluation of Flortaucipir PET Signal and Cognitive Change in Early Alzheimer's Disease This study will evaluate whether visual interpretation of flortaucipir-PET (positron emission tomography) scans, examining patterns of tracer uptake at baseline, can predict the rate of clinically-meaningful cognitive decline due to AD after 18 months. All scans are acquired from cohorts of a previously completed study, I8D-MC-AZES (NCT02245737, lanabecestat, Eli Lilly and Company sponsor).",0,0,0,0.98598295,1,high,1
NCT00253123,A Study of the Effectiveness and Safety of Risperidone Versus Placebo in the Treatment of Behavioral Disturbances in Patients With Dementia,,The purpose of the study is to evaluate the safety and efficacy of risperidone (an antipsychotic medication) versus placebo in the treatment of behavioral disturbances associated with dementia.,,,PHASE3,INTERVENTIONAL,626.0,UNKNOWN,UNKNOWN,UNKNOWN,COMPLETED,False,,,,37.08333333333333,,,UNKNOWN,,,,0,0,0,0,,UNKNOWN,0,A Study of the Effectiveness and Safety of Risperidone Versus Placebo in the Treatment of Behavioral Disturbances in Patients With Dementia The purpose of the study is to evaluate the safety and efficacy of risperidone (an antipsychotic medication) versus placebo in the treatment of behavioral disturbances associated with dementia.,0,0,0,0.027293935,0,high,0
NCT04994483,Simufilam 100 mg for Mild-to-Moderate Alzheimer's Disease,,"A 52-week safety and efficacy study of simufilam (PTI-125) given twice daily to participants with mild-to-moderate Alzheimer's disease (AD) for 52 weeks. Approximately 750 participants will be randomized (1:1) to receive either placebo or 100 mg tablets of simufilam, twice daily, for 52 weeks. Clinic visits will occur 4 weeks after the baseline visit, and then every 12 weeks until the end of the study. The safety of simufilam, and its efficacy in enhancing cognition and slowing cognitive and functional decline will be evaluated.",,,PHASE3,INTERVENTIONAL,804.0,UNKNOWN,UNKNOWN,UNKNOWN,COMPLETED,True,2021-11-03,2024-10-02,,35.46666666666667,,,UNKNOWN,,,,0,0,0,0,,UNKNOWN,0,"Simufilam 100 mg for Mild-to-Moderate Alzheimer's Disease A 52-week safety and efficacy study of simufilam (PTI-125) given twice daily to participants with mild-to-moderate Alzheimer's disease (AD) for 52 weeks. Approximately 750 participants will be randomized (1:1) to receive either placebo or 100 mg tablets of simufilam, twice daily, for 52 weeks. Clinic visits will occur 4 weeks after the baseline visit, and then every 12 weeks until the end of the study. The safety of simufilam, and its efficacy in enhancing cognition and slowing cognitive and functional decline will be evaluated.",0,0,0,0.96712774,1,high,1
NCT00259454,Project COPE:Managing Dementia at Home,,"This study tests the effectiveness of an in-home intervention to reduce upset and burden among family caregivers, and decrease nursing home placement. The main hypothesis that will be tested is that compared to control group, subjects, experimental group participants will have enhanced well-being and fewer nursing home placements.",,,PHASE3,INTERVENTIONAL,278.0,UNKNOWN,UNKNOWN,UNKNOWN,COMPLETED,False,2005-06,2009-04,,46.666666666666664,,,UNKNOWN,,,,0,0,0,0,,UNKNOWN,0,"Project COPE:Managing Dementia at Home This study tests the effectiveness of an in-home intervention to reduce upset and burden among family caregivers, and decrease nursing home placement. The main hypothesis that will be tested is that compared to control group, subjects, experimental group participants will have enhanced well-being and fewer nursing home placements.",0,0,0,0.040421583,0,high,0
NCT00000179,Agitation in Alzheimer's Disease,,"Agitation affects 70 to 90 percent of patients with AD. Signs of agitation include verbal and physical aggressiveness, irritability, wandering, and restlessness. These behaviors often make caring for patients at home very difficult. Trazodone and haldol are two of the most commonly prescribed drugs for agitation in AD patients. Behavior management, a non drug approach, has been effective in reducing signs of agitation. Researchers have yet to compare the effectiveness of drug versus non drug therapy to treat agitation in AD patients and determine which is the best treatment. The Alzheimer's Disease Cooperative Study, with funding from the National Institute on Aging, is conducting an agitation treatment program at 21 sites in 16 States. This study will assess which of the above treatments is most effective.",,,PHASE3,INTERVENTIONAL,330.0,UNKNOWN,UNKNOWN,UNKNOWN,COMPLETED,False,,,,37.08333333333333,,,UNKNOWN,,,,0,0,0,0,,UNKNOWN,0,"Agitation in Alzheimer's Disease Agitation affects 70 to 90 percent of patients with AD. Signs of agitation include verbal and physical aggressiveness, irritability, wandering, and restlessness. These behaviors often make caring for patients at home very difficult. Trazodone and haldol are two of the most commonly prescribed drugs for agitation in AD patients. Behavior management, a non drug approach, has been effective in reducing signs of agitation. Researchers have yet to compare the effectiveness of drug versus non drug therapy to treat agitation in AD patients and determine which is the best treatment. The Alzheimer's Disease Cooperative Study, with funding from the National Institute on Aging, is conducting an agitation treatment program at 21 sites in 16 States. This study will assess which of the above treatments is most effective.",0,0,0,0.015005892,0,high,0
NCT01672827,Effectiveness of an Electronic Training Program for Orienting and Interpreting [18F]Flutemetamol Positron Emission Tomography (PET) Images,,To Evaluate the Effectiveness of an Electronic Training Program for Orienting and Interpreting \[18F\]flutemetamol Positron Emission Tomography (PET) Images.,,,PHASE3,INTERVENTIONAL,276.0,UNKNOWN,UNKNOWN,UNKNOWN,COMPLETED,True,2012-07,2012-08,,1.0333333333333334,,,UNKNOWN,,,,0,0,0,0,,UNKNOWN,0,Effectiveness of an Electronic Training Program for Orienting and Interpreting [18F]Flutemetamol Positron Emission Tomography (PET) Images To Evaluate the Effectiveness of an Electronic Training Program for Orienting and Interpreting \[18F\]flutemetamol Positron Emission Tomography (PET) Images.,0,0,0,0.7760992,1,medium,1
NCT04526990,Phase III Trial of A COVID-19 Vaccine of Adenovirus Vector in Adults 18 Years Old and Above,,"This study is a global multicenter, randomized, double-blind, placebo -controlled, adaptive designed phase Ⅲ clinical trial, in order to evaluate the efficacy, safety and immunogenicity of Recombinant Novel Coronavirus Vaccine (Adenovirus Type 5 Vector) in adults 18 years old and above.",,,PHASE3,INTERVENTIONAL,44247.0,UNKNOWN,UNKNOWN,UNKNOWN,COMPLETED,False,2020-09-15,2021-08-07,,10.866666666666667,,,UNKNOWN,,,,0,0,0,0,,UNKNOWN,0,"Phase III Trial of A COVID-19 Vaccine of Adenovirus Vector in Adults 18 Years Old and Above This study is a global multicenter, randomized, double-blind, placebo -controlled, adaptive designed phase Ⅲ clinical trial, in order to evaluate the efficacy, safety and immunogenicity of Recombinant Novel Coronavirus Vaccine (Adenovirus Type 5 Vector) in adults 18 years old and above.",0,0,0,0.29957438,0,medium,0
NCT00105547,Efficacy Study of MPC-7869 to Treat Patients With Alzheimer's,,The purpose of the study is to evaluate the change in cognitive ability and activities of daily living in patients with Alzheimer's disease (AD) as measured by specific evaluations during 18 months of dosing.,,,PHASE3,INTERVENTIONAL,1600.0,UNKNOWN,UNKNOWN,UNKNOWN,COMPLETED,False,2005-02,,,37.08333333333333,,,UNKNOWN,,,,0,0,0,0,,UNKNOWN,0,Efficacy Study of MPC-7869 to Treat Patients With Alzheimer's The purpose of the study is to evaluate the change in cognitive ability and activities of daily living in patients with Alzheimer's disease (AD) as measured by specific evaluations during 18 months of dosing.,0,0,0,0.032430284,0,high,0
NCT02016560,"Analysis of 18F-AV-1451 PET Imaging in Cognitively Healthy, MCI, and AD Subjects",,A Phase 2/3 cross-sectional and longitudinal observational study evaluating imaging characteristics of flortaucipir in control subjects and patients with clinically defined MCI and AD dementia (AD).,,,PHASE2 | PHASE3,INTERVENTIONAL,383.0,UNKNOWN,UNKNOWN,UNKNOWN,COMPLETED,True,2013-12,2017-07-28,,44.5,,,UNKNOWN,,,,0,0,0,0,,UNKNOWN,0,"Analysis of 18F-AV-1451 PET Imaging in Cognitively Healthy, MCI, and AD Subjects A Phase 2/3 cross-sectional and longitudinal observational study evaluating imaging characteristics of flortaucipir in control subjects and patients with clinically defined MCI and AD dementia (AD).",0,0,0,0.9679487,1,high,1
NCT01614886,"Randomized, Double-blind Study to Evaluate the Tolerability of 2 Different Titration Methods of Rivastigmine Patch in AD Patients (MMSE 10-20)",,"To evaluate the tolerability, safety and efficacy of 3-step titration versus 1-step titration of Rivastigmine patch in the Japanese population.",,,PHASE3,INTERVENTIONAL,216.0,UNKNOWN,UNKNOWN,UNKNOWN,COMPLETED,True,2012-07,2014-05,,22.3,,,UNKNOWN,,,,0,0,0,0,,UNKNOWN,0,"Randomized, Double-blind Study to Evaluate the Tolerability of 2 Different Titration Methods of Rivastigmine Patch in AD Patients (MMSE 10-20) To evaluate the tolerability, safety and efficacy of 3-step titration versus 1-step titration of Rivastigmine patch in the Japanese population.",0,0,0,0.9742265,1,high,1
NCT01689246,Safety and Efficacy Study Evaluating TRx0237 in Subjects With Mild to Moderate Alzheimer's Disease,,The purpose of this study is to determine the safety and efficacy of TRx0237 in the treatment of subjects with mild to moderate Alzheimer's Disease.,,,PHASE3,INTERVENTIONAL,891.0,UNKNOWN,UNKNOWN,UNKNOWN,COMPLETED,False,2013-01,2015-11,,34.46666666666667,,,UNKNOWN,,,,0,0,0,0,,UNKNOWN,0,Safety and Efficacy Study Evaluating TRx0237 in Subjects With Mild to Moderate Alzheimer's Disease The purpose of this study is to determine the safety and efficacy of TRx0237 in the treatment of subjects with mild to moderate Alzheimer's Disease.,0,0,0,0.005591184,0,high,0
NCT00490568,Open-Label Extension Study Of Rosiglitazone XR As Adjunctive Therapy In Subjects With Mild-to-Moderate Alzheimers,,"This is a Phase III, multicenter, open-label extension, single-group study in male and female outpatients with mild-to-moderate Alzheimer's disease (AD) who have completed either AVA102670 or AVA102672. All subjects will receive rosiglitazone extended-release (RSG XR) 4mg once daily for the first 4 weeks of the study followed by 8mg RSG XR as adjunctive therapy to their existing dose of acetylcholinesterase inhibitor. Subject participation will last until one of 5 conditions applies. After a 52-week open-label treatment phase, subjects will attend a final Follow-Up Visit 6 weeks after the end of treatment. The primary objective of this study is to evaluate the long-term safety and tolerability of RSG XR in subjects with mild-to-moderate AD who have completed either AVA102670 or AVA102672. The secondary objective of this study is to explore further the long-term efficacy of RSG XR in terms of cognitive function and overall clinical response as a function of apolipoprotein E (APOE) e4 allele status.",,,PHASE3,INTERVENTIONAL,1461.0,UNKNOWN,UNKNOWN,UNKNOWN,TERMINATED,True,2007-08-08,2009-06-01,,22.1,,,UNKNOWN,,,,0,0,0,0,,UNKNOWN,0,"Open-Label Extension Study Of Rosiglitazone XR As Adjunctive Therapy In Subjects With Mild-to-Moderate Alzheimers This is a Phase III, multicenter, open-label extension, single-group study in male and female outpatients with mild-to-moderate Alzheimer's disease (AD) who have completed either AVA102670 or AVA102672. All subjects will receive rosiglitazone extended-release (RSG XR) 4mg once daily for the first 4 weeks of the study followed by 8mg RSG XR as adjunctive therapy to their existing dose of acetylcholinesterase inhibitor. Subject participation will last until one of 5 conditions applies. After a 52-week open-label treatment phase, subjects will attend a final Follow-Up Visit 6 weeks after the end of treatment. The primary objective of this study is to evaluate the long-term safety and tolerability of RSG XR in subjects with mild-to-moderate AD who have completed either AVA102670 or AVA102672. The secondary objective of this study is to explore further the long-term efficacy of RSG XR in terms of cognitive function and overall clinical response as a function of apolipoprotein E (APOE) e4 allele status.",0,0,0,0.04391746,0,high,0
NCT01577394,Oculomotor Testing in the Differential Diagnosis of Dementia,,"The aim of this study is to determine whether saccadic eye movement recording may help in the discrimination between Lewy body dementia and Alzheimer disease, in the early stages of the disease.

Study type: Interventional Study design: Intervention Model: Single group assignment Primary purpose: Diagnostic",,,PHASE3,INTERVENTIONAL,65.0,UNKNOWN,UNKNOWN,UNKNOWN,COMPLETED,False,2011-06,2016-02,,56.86666666666667,,,UNKNOWN,,,,0,0,0,0,,UNKNOWN,0,"Oculomotor Testing in the Differential Diagnosis of Dementia The aim of this study is to determine whether saccadic eye movement recording may help in the discrimination between Lewy body dementia and Alzheimer disease, in the early stages of the disease.

Study type: Interventional Study design: Intervention Model: Single group assignment Primary purpose: Diagnostic",0,0,0,0.004789479,0,high,0
NCT00090116,The Safety and Efficacy of Neramexane in Patients With Moderate to Severe Alzheimer's Disease,,"Memory loss and difficulties with thinking associated with Alzheimer's disease may be due to chronic release of a brain chemical called glutamate. Glutamate helps transmit messages between nerve cells through interaction with a certain type of receptor (N-methyl-D-aspartate, NMDA) on the cell. Neramexane is a new drug that blocks the effects of excessive glutamate at the receptor (NMDA receptor antagonist).",,,PHASE3,INTERVENTIONAL,400.0,UNKNOWN,UNKNOWN,UNKNOWN,COMPLETED,False,2003-03,2005-03,,24.366666666666667,,,UNKNOWN,,,,0,0,0,0,,UNKNOWN,0,"The Safety and Efficacy of Neramexane in Patients With Moderate to Severe Alzheimer's Disease Memory loss and difficulties with thinking associated with Alzheimer's disease may be due to chronic release of a brain chemical called glutamate. Glutamate helps transmit messages between nerve cells through interaction with a certain type of receptor (N-methyl-D-aspartate, NMDA) on the cell. Neramexane is a new drug that blocks the effects of excessive glutamate at the receptor (NMDA receptor antagonist).",0,0,0,0.03265805,0,high,0
NCT00767091,Study of Rivastigmine to Treat Parkinsonian Apathy Without Dementia,,"Apathy usually refers to a set of behavioural, emotional and cognitive features as a reduced interest and participation in main activities of daily life, a lack of initiative, a trend toward an early withdrawal from started activities, an indifference and a flattening of affect. We have validated a new specific scale (Lille Apathy Rating Scale, LARS) in order to detect and quantify apathy in Parkinson's disease (PD). Apathy was shown to be frequent in PD with a prevalence of 32%. It has suggested that the medial frontal and limbic cholinergic deficits may underlie apathy in neurodegenerative disorders like Alzheimer's disease (AD). Such a hypothesis is supported by recent evidence indicating the beneficial effects of cholinesterase inhibitors on neuropsychiatric symptoms, mainly apathy, in AD patients. As the efficacy of rivastigmine on cognition has also been shown in PD, we aimed to assess with a randomized, double-blind, placebo-controlled, parallel-group, multicenter trial, the efficacy and acceptability of a 6 months treatment with rivastigmine on apathy in 60 patients with PD without dementia. The primary end point will be the LARS score and the secondary end points will be the cognitive, behavioural and motor symptoms of PD. Two add-on studies will be proposed: first the measure of choline and glutamate peaks on Magnetic Resonance Spectrometry focused on the structures implicated in apathy in order to give insights in the physiopathological mechanisms of the treatment. Secondly, the recording of the REM sleep behavior disorders in relation with the cholinergic part of the pedunculopontine nucleus. Regarding that apathy could be one of the first steps toward PD dementia, treating very early could have substantial implications on the patients and their caregiver.",,,PHASE3,INTERVENTIONAL,40.0,UNKNOWN,UNKNOWN,UNKNOWN,COMPLETED,False,2009-03,2011-12,,33.5,,,UNKNOWN,,,,0,0,0,0,,UNKNOWN,0,"Study of Rivastigmine to Treat Parkinsonian Apathy Without Dementia Apathy usually refers to a set of behavioural, emotional and cognitive features as a reduced interest and participation in main activities of daily life, a lack of initiative, a trend toward an early withdrawal from started activities, an indifference and a flattening of affect. We have validated a new specific scale (Lille Apathy Rating Scale, LARS) in order to detect and quantify apathy in Parkinson's disease (PD). Apathy was shown to be frequent in PD with a prevalence of 32%. It has suggested that the medial frontal and limbic cholinergic deficits may underlie apathy in neurodegenerative disorders like Alzheimer's disease (AD). Such a hypothesis is supported by recent evidence indicating the beneficial effects of cholinesterase inhibitors on neuropsychiatric symptoms, mainly apathy, in AD patients. As the efficacy of rivastigmine on cognition has also been shown in PD, we aimed to assess with a randomized, double-blind, placebo-controlled, parallel-group, multicenter trial, the efficacy and acceptability of a 6 months treatment with rivastigmine on apathy in 60 patients with PD without dementia. The primary end point will be the LARS score and the secondary end points will be the cognitive, behavioural and motor symptoms of PD. Two add-on studies will be proposed: first the measure of choline and glutamate peaks on Magnetic Resonance Spectrometry focused on the structures implicated in apathy in order to give insights in the physiopathological mechanisms of the treatment. Secondly, the recording of the REM sleep behavior disorders in relation with the cholinergic part of the pedunculopontine nucleus. Regarding that apathy could be one of the first steps toward PD dementia, treating very early could have substantial implications on the patients and their caregiver.",0,0,0,0.008052387,0,high,0
NCT04669028,A Phase 3 Study of NE3107 in Probable Alzheimer's Disease,,"U.S. multicenter, parallel group study designed to evaluate the safety and efficacy of oral 20 mg twice daily (BID) NE3107 vs placebo in 400 adult subjects with mild to moderate probable AD. Dual co-primary endpoints (Clinical Dementia Rating Scale Sum of Boxes, CDR-SB and ADAS-Cog12) will be evaluated as the change from Baseline to Week 30. Secondary endpoints include measures of cognition, neuropsychological deficits, functional performance, and glycemic control. A subset of patients may volunteer for exploratory magnetic resonance imaging (volumetric changes) and positron emission tomography (cortical glucose metabolic rate) scans at baseline and week 30.",,,PHASE3,INTERVENTIONAL,439.0,UNKNOWN,UNKNOWN,UNKNOWN,COMPLETED,False,2021-08-05,2023-09-30,,26.2,,,UNKNOWN,,,,0,0,0,0,,UNKNOWN,0,"A Phase 3 Study of NE3107 in Probable Alzheimer's Disease U.S. multicenter, parallel group study designed to evaluate the safety and efficacy of oral 20 mg twice daily (BID) NE3107 vs placebo in 400 adult subjects with mild to moderate probable AD. Dual co-primary endpoints (Clinical Dementia Rating Scale Sum of Boxes, CDR-SB and ADAS-Cog12) will be evaluated as the change from Baseline to Week 30. Secondary endpoints include measures of cognition, neuropsychological deficits, functional performance, and glycemic control. A subset of patients may volunteer for exploratory magnetic resonance imaging (volumetric changes) and positron emission tomography (cortical glucose metabolic rate) scans at baseline and week 30.",0,0,0,0.015069521,0,high,0
NCT01245530,An Efficacy and Safety Study of INM-176 for the Treatment of Patients With Alzheimer Type Dementia,,"The purpose of this study is to evaluate the efficacy and safety of two fixed dose (1200mg/day, 1600mg/day) of INM-176 (a drug of treating dementia) comparing with donepezil for treatment for patients with Alzheimer type dementia.",,,PHASE3,INTERVENTIONAL,280.0,UNKNOWN,UNKNOWN,UNKNOWN,COMPLETED,False,2008-06,2011-02,,32.5,,,UNKNOWN,,,,0,0,0,0,,UNKNOWN,0,"An Efficacy and Safety Study of INM-176 for the Treatment of Patients With Alzheimer Type Dementia The purpose of this study is to evaluate the efficacy and safety of two fixed dose (1200mg/day, 1600mg/day) of INM-176 (a drug of treating dementia) comparing with donepezil for treatment for patients with Alzheimer type dementia.",0,0,0,0.028447056,0,high,0
NCT04464564,"Study to Assess the Efficacy, Safety, and Tolerability of AVP-786 for the Treatment of Agitation in Patients With Dementia of the Alzheimer's Type",,"This study was conducted to evaluate the efficacy, safety, and tolerability of AVP-786 (deudextromethorphan hydrobromide \[d6-DM\]/quinidine sulfate \[Q\]) compared to placebo for the treatment of agitation in participants with dementia of the Alzheimer's type.",,,PHASE3,INTERVENTIONAL,241.0,UNKNOWN,UNKNOWN,UNKNOWN,TERMINATED,True,2020-09-11,2024-06-28,,46.2,,,UNKNOWN,,,,0,0,0,0,,UNKNOWN,0,"Study to Assess the Efficacy, Safety, and Tolerability of AVP-786 for the Treatment of Agitation in Patients With Dementia of the Alzheimer's Type This study was conducted to evaluate the efficacy, safety, and tolerability of AVP-786 (deudextromethorphan hydrobromide \[d6-DM\]/quinidine sulfate \[Q\]) compared to placebo for the treatment of agitation in participants with dementia of the Alzheimer's type.",0,0,0,0.028816355,0,high,0
NCT00128479,A United States Study of the Safety and Tolerability of Corlux for Psychotic Symptoms in Psychotic Major Depression,,"Corlux (mifepristone) is a new medication that modulates the body's use of a hormone called cortisol. Under normal conditions, cortisol and other hormones are created by the body in response to physical and emotional stress, triggering a healthy stress response. People who suffer from psychotic major depression may have unusually high levels of cortisol circulating within them or abnormal patterns of cortisol levels, overloading the stress response mechanism and causing symptoms of psychosis such as delusional thoughts or hallucinations. If Corlux can keep the body's cortisol receptors from being overloaded, the stress response system may return to normal function, which may result in improvement of symptoms. The purpose of this 56 day study is to learn the safety and effectiveness of Corlux in patients who have been diagnosed with psychotic major depression (PMD).",,,PHASE3,INTERVENTIONAL,443.0,UNKNOWN,UNKNOWN,UNKNOWN,COMPLETED,False,2004-09,2007-01,,28.4,,,UNKNOWN,,,,0,0,0,0,,UNKNOWN,0,"A United States Study of the Safety and Tolerability of Corlux for Psychotic Symptoms in Psychotic Major Depression Corlux (mifepristone) is a new medication that modulates the body's use of a hormone called cortisol. Under normal conditions, cortisol and other hormones are created by the body in response to physical and emotional stress, triggering a healthy stress response. People who suffer from psychotic major depression may have unusually high levels of cortisol circulating within them or abnormal patterns of cortisol levels, overloading the stress response mechanism and causing symptoms of psychosis such as delusional thoughts or hallucinations. If Corlux can keep the body's cortisol receptors from being overloaded, the stress response system may return to normal function, which may result in improvement of symptoms. The purpose of this 56 day study is to learn the safety and effectiveness of Corlux in patients who have been diagnosed with psychotic major depression (PMD).",0,0,0,0.010235478,0,high,0
NCT01741194,AC-1204 26-Week Long Term Efficacy Response Trial With Optional Open-label Ext,,"This study will evaluate the effects of daily dosing of AC-1204 on cognition, activities of daily living, resource utilization, quality of life, pharmacokinetic measures and safety among participants with mild to moderate Alzheimer's Disease.",,,PHASE2 | PHASE3,INTERVENTIONAL,418.0,UNKNOWN,UNKNOWN,UNKNOWN,COMPLETED,False,2013-03,2016-10-24,,44.43333333333333,,,UNKNOWN,,,,0,0,0,0,,UNKNOWN,0,"AC-1204 26-Week Long Term Efficacy Response Trial With Optional Open-label Ext This study will evaluate the effects of daily dosing of AC-1204 on cognition, activities of daily living, resource utilization, quality of life, pharmacokinetic measures and safety among participants with mild to moderate Alzheimer's Disease.",0,0,0,0.034504805,0,high,0
NCT00630851,A Study of the Efficacy and Safety of Aricept in Patients With Severe Alzheimer's Disease Who Are Living in Skilled Nursing Homes,,The purpose of the study is to evaluate the efficacy and safety of Aricept in nursing home patients with severe Alzheimer's disease.,,,PHASE3,INTERVENTIONAL,249.0,UNKNOWN,UNKNOWN,UNKNOWN,COMPLETED,False,2002-10,,,37.08333333333333,,,UNKNOWN,,,,0,0,0,0,,UNKNOWN,0,A Study of the Efficacy and Safety of Aricept in Patients With Severe Alzheimer's Disease Who Are Living in Skilled Nursing Homes The purpose of the study is to evaluate the efficacy and safety of Aricept in nursing home patients with severe Alzheimer's disease.,0,0,0,0.00045140745,0,high,0
NCT05256134,A Study to Evaluate the Efficacy and Safety of Gantenerumab in Participants at Risk for or at the Earliest Stages of Alzheimer's Disease (AD),,"A study to evaluate the efficacy and safety of gantenerumab in amyloid-positive, cognitively unimpaired participants at risk for or at the earliest stages of AD. The planned number of participants for this study is approximately 1200 participants randomized in a 1:1 ratio to receive either gantenerumab or placebo (600 participants randomized to gantenerumab and 600 participants randomized to placebo).",,,PHASE3,INTERVENTIONAL,25.0,UNKNOWN,UNKNOWN,UNKNOWN,TERMINATED,True,2022-04-19,2023-03-13,,10.933333333333334,,,UNKNOWN,,,,0,0,0,0,,UNKNOWN,0,"A Study to Evaluate the Efficacy and Safety of Gantenerumab in Participants at Risk for or at the Earliest Stages of Alzheimer's Disease (AD) A study to evaluate the efficacy and safety of gantenerumab in amyloid-positive, cognitively unimpaired participants at risk for or at the earliest stages of AD. The planned number of participants for this study is approximately 1200 participants randomized in a 1:1 ratio to receive either gantenerumab or placebo (600 participants randomized to gantenerumab and 600 participants randomized to placebo).",0,0,0,0.029957794,0,high,0
NCT03393520,"Assessment of the Efficacy, Safety, and Tolerability of AVP-786 (Deudextromethorphan Hydrobromide [d6-DM]/Quinidine Sulfate [Q]) for the Treatment of Agitation in Patients With Dementia of the Alzheimer's Type",,"This study will be conducted to evaluate the efficacy, safety, and tolerability of AVP-786 compared to placebo, for the treatment of agitation in participants with dementia of the Alzheimer's type.",,,PHASE3,INTERVENTIONAL,601.0,UNKNOWN,UNKNOWN,UNKNOWN,COMPLETED,False,2017-10-13,2023-11-17,,74.2,,,UNKNOWN,,,,0,0,0,0,,UNKNOWN,0,"Assessment of the Efficacy, Safety, and Tolerability of AVP-786 (Deudextromethorphan Hydrobromide [d6-DM]/Quinidine Sulfate [Q]) for the Treatment of Agitation in Patients With Dementia of the Alzheimer's Type This study will be conducted to evaluate the efficacy, safety, and tolerability of AVP-786 compared to placebo, for the treatment of agitation in participants with dementia of the Alzheimer's type.",0,0,0,0.06888332,0,high,0
NCT00791492,An Extension of Study Fx-005 Evaluating Long-Term Safety And Clinical Outcomes Of Fx-1006A In Patients With Transthyretin Amyloid Polyneuropathy,,"This study is designed to determine the long-term safety and tolerability of Fx-1006A as well as the effects of Fx-1006A on clinical outcomes in patients with ATTR-PN.

All patients who enroll in this extension study will receive once-daily oral 20 mg Fx-1006A for 12 months; therefore, patients randomized to placebo in Study Fx-005 will cross over to active drug (Fx-1006A 20 mg) during this study. However, patients and their families as well as clinical Investigators and their clinical site staff will remain blinded to the original Fx-005 treatment assignment. It is intended that there will be no interruption in study medication administration between the two studies. The majority of safety and clinical outcomes assessments will be identical to those evaluated in Study Fx-005. Additional assessments for this open-label extension study include 24-hour Holter monitoring and skin biopsy for IENF; patients will be required to provide written informed consent to participate in this open-label extension study prior to having these additional procedures performed.

The values obtained from procedures and evaluations conducted during the Month 18 visit of Study Fx-005 will be used as the Baseline values for this open-label extension study. The Baseline assessments of IENF and Holter monitoring may be conducted at either day of the Month 18 visit days of Study Fx-005, but prior to the first Fx-1006A dose in this open-label extension study. Clinic Visits will be conducted at Week 6 (± 2 days), and Month 3 (± 1 week), Month 6 (± 2 weeks), and Month 12 (± 2 weeks). Monthly telephone contacts (± 1 week of the scheduled date) will be made during months in which no investigative site visits are scheduled (Months 2, 4, 5, 7, 8, 9, 10, and 11) for assessment of adverse events and concomitant medications.

Neurological evaluation by NIS-LL will be performed at Months 6 and 12. The NIS-LL will be assessed by utilizing the average of two successive NIS-LL clinical assessment scores obtained at least 24 hours apart within a one week period for each study visit. A dedicated neurologist will be required to perform NIS-LL scoring across all time-points for each individual patient enrolled in the study.

Quality of life utilizing the Norfolk QOL-DN will be assessed at Months 6 and 12 (based on the total score as well as the five individual domains of the questionnaire).

QST (utilizing CASE IV), NCS, HRDB, mBMI, and echocardiography will be conducted at Months 6 and 12. Holter monitoring will be conducted at Baseline and Months 6 and 12. Biopsies for IENF will be obtained at Baseline only. Assessments of troponin I and NT-pro-BNP levels will be made at each study visit.

Blood samples for pharmacokinetic assessments (Fx-1006A concentrations as well as calculated steady-state parameters) and pharmacodynamic assessments (TTR stabilization) will be collected at Week 6 and Months 6 and 12.

Safety and tolerability will be assessed throughout the study. Vital signs, 12-lead ECG, blood and urine samples for clinical laboratory tests (serum chemistry, hematology, coagulation panel, urinalysis, and urine pregnancy testing), adverse events, and concomitant medications will be assessed at each study visit. Eye examinations (including fundal photography) will be conducted at Months 6 and 12. Abbreviated physical examinations will be conducted at Week 6, and Months 3 and 6, and a complete physical examination will be conducted at Month 12.

All patients will be contacted by telephone 30 days (± 1 week) after the last dose of study medication for assessment of adverse events and concomitant medications.

Patients who complete the Month 12 visit of this open-label study may be allowed to continue receiving Fx-1006A under a compassionate use program.

Patients who discontinue from the study at any time after enrollment (i.e., early termination) will have final safety assessments performed at the time of discontinuation. Any patient discontinuing after the Month 6 visit will have all safety and clinical outcomes assessments scheduled for the Month 12 visit performed.",,,PHASE2 | PHASE3,INTERVENTIONAL,86.0,UNKNOWN,UNKNOWN,UNKNOWN,COMPLETED,True,2008-07,2008-08,,1.0333333333333334,,,UNKNOWN,,,,0,0,0,0,,UNKNOWN,0,"An Extension of Study Fx-005 Evaluating Long-Term Safety And Clinical Outcomes Of Fx-1006A In Patients With Transthyretin Amyloid Polyneuropathy This study is designed to determine the long-term safety and tolerability of Fx-1006A as well as the effects of Fx-1006A on clinical outcomes in patients with ATTR-PN.

All patients who enroll in this extension study will receive once-daily oral 20 mg Fx-1006A for 12 months; therefore, patients randomized to placebo in Study Fx-005 will cross over to active drug (Fx-1006A 20 mg) during this study. However, patients and their families as well as clinical Investigators and their clinical site staff will remain blinded to the original Fx-005 treatment assignment. It is intended that there will be no interruption in study medication administration between the two studies. The majority of safety and clinical outcomes assessments will be identical to those evaluated in Study Fx-005. Additional assessments for this open-label extension study include 24-hour Holter monitoring and skin biopsy for IENF; patients will be required to provide written informed consent to participate in this open-label extension study prior to having these additional procedures performed.

The values obtained from procedures and evaluations conducted during the Month 18 visit of Study Fx-005 will be used as the Baseline values for this open-label extension study. The Baseline assessments of IENF and Holter monitoring may be conducted at either day of the Month 18 visit days of Study Fx-005, but prior to the first Fx-1006A dose in this open-label extension study. Clinic Visits will be conducted at Week 6 (± 2 days), and Month 3 (± 1 week), Month 6 (± 2 weeks), and Month 12 (± 2 weeks). Monthly telephone contacts (± 1 week of the scheduled date) will be made during months in which no investigative site visits are scheduled (Months 2, 4, 5, 7, 8, 9, 10, and 11) for assessment of adverse events and concomitant medications.

Neurological evaluation by NIS-LL will be performed at Months 6 and 12. The NIS-LL will be assessed by utilizing the average of two successive NIS-LL clinical assessment scores obtained at least 24 hours apart within a one week period for each study visit. A dedicated neurologist will be required to perform NIS-LL scoring across all time-points for each individual patient enrolled in the study.

Quality of life utilizing the Norfolk QOL-DN will be assessed at Months 6 and 12 (based on the total score as well as the five individual domains of the questionnaire).

QST (utilizing CASE IV), NCS, HRDB, mBMI, and echocardiography will be conducted at Months 6 and 12. Holter monitoring will be conducted at Baseline and Months 6 and 12. Biopsies for IENF will be obtained at Baseline only. Assessments of troponin I and NT-pro-BNP levels will be made at each study visit.

Blood samples for pharmacokinetic assessments (Fx-1006A concentrations as well as calculated steady-state parameters) and pharmacodynamic assessments (TTR stabilization) will be collected at Week 6 and Months 6 and 12.

Safety and tolerability will be assessed throughout the study. Vital signs, 12-lead ECG, blood and urine samples for clinical laboratory tests (serum chemistry, hematology, coagulation panel, urinalysis, and urine pregnancy testing), adverse events, and concomitant medications will be assessed at each study visit. Eye examinations (including fundal photography) will be conducted at Months 6 and 12. Abbreviated physical examinations will be conducted at Week 6, and Months 3 and 6, and a complete physical examination will be conducted at Month 12.

All patients will be contacted by telephone 30 days (± 1 week) after the last dose of study medication for assessment of adverse events and concomitant medications.

Patients who complete the Month 12 visit of this open-label study may be allowed to continue receiving Fx-1006A under a compassionate use program.

Patients who discontinue from the study at any time after enrollment (i.e., early termination) will have final safety assessments performed at the time of discontinuation. Any patient discontinuing after the Month 6 visit will have all safety and clinical outcomes assessments scheduled for the Month 12 visit performed.",0,0,0,0.9833277,1,high,1
NCT00240695,A Follow-up Study to Assess Safety and Tolerability of Galantamine Treatment in Individuals With Mild Cognitive Impairment,,The purpose of this follow-up study is to assess the long-term safety and tolerability of galantamine in individuals with mild cognitive impairment who participated in a previous study with galantamine,,,PHASE3,INTERVENTIONAL,724.0,UNKNOWN,UNKNOWN,UNKNOWN,COMPLETED,False,2003-05,,,37.08333333333333,,,UNKNOWN,,,,0,0,0,0,,UNKNOWN,0,A Follow-up Study to Assess Safety and Tolerability of Galantamine Treatment in Individuals With Mild Cognitive Impairment The purpose of this follow-up study is to assess the long-term safety and tolerability of galantamine in individuals with mild cognitive impairment who participated in a previous study with galantamine,0,0,0,0.007724354,0,high,0
NCT00253201,A Study of the Safety and Effectiveness of Two Doses of Galantamine Versus Placebo in the Treatment of Patients With Alzheimer's Disease,,The purpose of this study is to evaluate the safety and effectiveness of two doses of galantamine (a drug for treating dementia) versus placebo in the treatment of patients with Alzheimer's disease.,,,PHASE3,INTERVENTIONAL,636.0,UNKNOWN,UNKNOWN,UNKNOWN,COMPLETED,False,,,,37.08333333333333,,,UNKNOWN,,,,0,0,0,0,,UNKNOWN,0,A Study of the Safety and Effectiveness of Two Doses of Galantamine Versus Placebo in the Treatment of Patients With Alzheimer's Disease The purpose of this study is to evaluate the safety and effectiveness of two doses of galantamine (a drug for treating dementia) versus placebo in the treatment of patients with Alzheimer's disease.,0,0,0,0.048181266,0,high,0
NCT00996918,A Long-Term Safety And Tolerability Study Of Bapineuzumab In Alzheimer Disease Patients,,The purpose of this study is to assess the long-term safety and tolerability of bapineuzumab in subjects with Alzheimer Disease who participated in study 3133K1-3000 (NCT00667810). Over 250 sites will participate in over 26 countries. Subjects will receive bapineuzumab. Each subject's participation will last approximately 4 years.,,,PHASE3,INTERVENTIONAL,198.0,UNKNOWN,UNKNOWN,UNKNOWN,TERMINATED,True,2009-12,2012-11,,35.53333333333333,,,UNKNOWN,,,,0,0,0,0,,UNKNOWN,0,A Long-Term Safety And Tolerability Study Of Bapineuzumab In Alzheimer Disease Patients The purpose of this study is to assess the long-term safety and tolerability of bapineuzumab in subjects with Alzheimer Disease who participated in study 3133K1-3000 (NCT00667810). Over 250 sites will participate in over 26 countries. Subjects will receive bapineuzumab. Each subject's participation will last approximately 4 years.,0,0,0,0.00514634,0,high,0
NCT02317250,Molecular Cerebral Imaging in Incipient Dementia (MCI-ID) II,,"A substantial portion of people covered by Medicare will develop Alzheimer's disease and other forms of dementia that together devastate the lives of millions of people in the United States, and cost us a total of over $200 billion every year. Getting a brain scan with a PET scanner to look for abnormal brain metabolism patterns is recognized as ""reasonable and necessary"" for some patients with ""a recently established diagnosis of dementia"" (Centers for Medicare and Medicaid Services (CMS), Decision Memo CAG-00088R), but the evidence is considered less clear for patients having less severe cognitive problems, and/or for patients getting a brain scan with a PET scanner to look for abnormal proteins in the brain (CMS Decision Memo CAG-00431N). This project employs a scientifically rigorous design (prospective, multi-centered, randomized controlled trial) to determine whether such PET scanning can help distinguish more accurately than is being done in current clinical practice those patients with early molecular changes in their brains who will benefit from Alzheimer related treatments from those patients who will not, as proven by measuring to what extent the PET scans actually lead to earlier appropriate therapy, and in fact result in improved outcomes for Medicare beneficiaries and for the health care system in which they obtain care.",,,PHASE3,INTERVENTIONAL,0.0,UNKNOWN,UNKNOWN,UNKNOWN,WITHDRAWN,False,2018-06,2022-10,,52.766666666666666,,,UNKNOWN,,,,0,0,0,0,,UNKNOWN,0,"Molecular Cerebral Imaging in Incipient Dementia (MCI-ID) II A substantial portion of people covered by Medicare will develop Alzheimer's disease and other forms of dementia that together devastate the lives of millions of people in the United States, and cost us a total of over $200 billion every year. Getting a brain scan with a PET scanner to look for abnormal brain metabolism patterns is recognized as ""reasonable and necessary"" for some patients with ""a recently established diagnosis of dementia"" (Centers for Medicare and Medicaid Services (CMS), Decision Memo CAG-00088R), but the evidence is considered less clear for patients having less severe cognitive problems, and/or for patients getting a brain scan with a PET scanner to look for abnormal proteins in the brain (CMS Decision Memo CAG-00431N). This project employs a scientifically rigorous design (prospective, multi-centered, randomized controlled trial) to determine whether such PET scanning can help distinguish more accurately than is being done in current clinical practice those patients with early molecular changes in their brains who will benefit from Alzheimer related treatments from those patients who will not, as proven by measuring to what extent the PET scans actually lead to earlier appropriate therapy, and in fact result in improved outcomes for Medicare beneficiaries and for the health care system in which they obtain care.",0,0,0,0.026178893,0,high,0
NCT03486938,Study of AGB101 in Mild Cognitive Impairment Due to Alzheimer's Disease,,"The primary objective of the study is to evaluate the efficacy of AGB101 on slowing cognitive and functional impairment as measured by changes in the Clinical Dementia Rating-Sum of Boxes (CDR-SB) score as compared with placebo in participants with mild cognitive impairment due to Alzheimer's Disease (MCI due to AD) also known as prodromal AD. Participants will be randomized to receive placebo or AGB101 (220 mg), once daily for 78 weeks. Secondary objectives are to assess the effect of AGB101 compared with placebo on clinical progression as measured by Mini-Mental State Examination (MMSE) and Functional Activities Questionnaire (FAQ).",,,PHASE2 | PHASE3,INTERVENTIONAL,164.0,UNKNOWN,UNKNOWN,UNKNOWN,COMPLETED,True,2018-12-13,2022-11-02,,47.333333333333336,,,UNKNOWN,,,,0,0,0,0,,UNKNOWN,0,"Study of AGB101 in Mild Cognitive Impairment Due to Alzheimer's Disease The primary objective of the study is to evaluate the efficacy of AGB101 on slowing cognitive and functional impairment as measured by changes in the Clinical Dementia Rating-Sum of Boxes (CDR-SB) score as compared with placebo in participants with mild cognitive impairment due to Alzheimer's Disease (MCI due to AD) also known as prodromal AD. Participants will be randomized to receive placebo or AGB101 (220 mg), once daily for 78 weeks. Secondary objectives are to assess the effect of AGB101 compared with placebo on clinical progression as measured by Mini-Mental State Examination (MMSE) and Functional Activities Questionnaire (FAQ).",0,0,0,0.9901543,1,high,1
NCT00009204,Serotonergic Pharmacotherapy for Agitation of Dementia,,"This study is a randomized, double-blind, placebo-controlled, fixed dose study currently being conducted on two geropsychiatric units at Western Psychiatric Institute and Clinic. It seeks to evaluate the short-term safety and efficacy of citalopram and perphenazine in the treatment of 112 patients suffering from behavioral disturbances associated with dementia. Findings from this research may directly lead to improved acute pharmacotherapy for psychosis and behavioral problems in patients diagnosed with dementia. Improved treatment of behavioral complications with reduced side effects would reduce excess disability in patients diagnosed with dementia, allowing them to be maintained in the community for greater periods of time.",,,PHASE3,INTERVENTIONAL,330.0,UNKNOWN,UNKNOWN,UNKNOWN,COMPLETED,False,1995-09,2000-04,,55.8,,,UNKNOWN,,,,0,0,0,0,,UNKNOWN,0,"Serotonergic Pharmacotherapy for Agitation of Dementia This study is a randomized, double-blind, placebo-controlled, fixed dose study currently being conducted on two geropsychiatric units at Western Psychiatric Institute and Clinic. It seeks to evaluate the short-term safety and efficacy of citalopram and perphenazine in the treatment of 112 patients suffering from behavioral disturbances associated with dementia. Findings from this research may directly lead to improved acute pharmacotherapy for psychosis and behavioral problems in patients diagnosed with dementia. Improved treatment of behavioral complications with reduced side effects would reduce excess disability in patients diagnosed with dementia, allowing them to be maintained in the community for greater periods of time.",0,0,0,0.05136528,0,high,0
NCT00937352,A Long-Term Safety and Tolerability Study in Subjects With Mild to Moderate Alzheimer's Disease,,"The purpose of this study is to assess the long-term safety and tolerability of Bapineuzumab (AAB-001, ELN115727) in subjects with Alzheimer's disease who participated in study ELN115727-301 or study ELN115727-302.",,,PHASE3,INTERVENTIONAL,896.0,UNKNOWN,UNKNOWN,UNKNOWN,TERMINATED,False,2009-07,2012-09,,38.6,,,UNKNOWN,,,,0,0,0,0,,UNKNOWN,0,"A Long-Term Safety and Tolerability Study in Subjects With Mild to Moderate Alzheimer's Disease The purpose of this study is to assess the long-term safety and tolerability of Bapineuzumab (AAB-001, ELN115727) in subjects with Alzheimer's disease who participated in study ELN115727-301 or study ELN115727-302.",0,0,0,0.0058518215,0,high,0
NCT00249158,A Study of the Effectiveness and Safety of Risperidone in the Treatment of Behavioral Disturbances in Patients With Dementia,,"The purpose of the study is to compare the effectiveness of an oral formulation of risperidone (an antipsychotic medication) to that of placebo for treating behavioral and psychological signs and symptoms in dementia (BPSSD), specifically aggression, delusions, and hallucinations, in patients with dementia.",,,PHASE3,INTERVENTIONAL,344.0,UNKNOWN,UNKNOWN,UNKNOWN,COMPLETED,False,1998-03,,,37.08333333333333,,,UNKNOWN,,,,0,0,0,0,,UNKNOWN,0,"A Study of the Effectiveness and Safety of Risperidone in the Treatment of Behavioral Disturbances in Patients With Dementia The purpose of the study is to compare the effectiveness of an oral formulation of risperidone (an antipsychotic medication) to that of placebo for treating behavioral and psychological signs and symptoms in dementia (BPSSD), specifically aggression, delusions, and hallucinations, in patients with dementia.",0,0,0,0.008278415,0,high,0
NCT02327182,Safety Study of MT-4666 in Subjects With Alzheimer's Disease,,"The objective of this study is to evaluate the safety and efficacy of 2 fixed dose of MT-4666 administered once daily for 52 weeks with or without receiving a concomitant acetylcholinesterase inhibitors (AChEIs), in patients with mild to moderate Alzheimer's Disease (AD).",,,PHASE3,INTERVENTIONAL,117.0,UNKNOWN,UNKNOWN,UNKNOWN,TERMINATED,False,2014-12,2015-09,,9.133333333333333,,,UNKNOWN,,,,0,0,0,0,,UNKNOWN,0,"Safety Study of MT-4666 in Subjects With Alzheimer's Disease The objective of this study is to evaluate the safety and efficacy of 2 fixed dose of MT-4666 administered once daily for 52 weeks with or without receiving a concomitant acetylcholinesterase inhibitors (AChEIs), in patients with mild to moderate Alzheimer's Disease (AD).",0,0,0,0.020835778,0,high,0
NCT03325556,Relapse Prevention Study of Pimavanserin in Dementia-related Psychosis,,The purpose of this study is to evaluate the efficacy of pimavanserin compared to placebo in preventing relapse of psychotic symptoms in subjects with dementia-related psychosis who responded to 12 weeks of open label pimavanserin treatment.,,,PHASE3,INTERVENTIONAL,392.0,UNKNOWN,UNKNOWN,UNKNOWN,COMPLETED,True,2017-09-27,2019-07-31,,22.4,,,UNKNOWN,,,,0,0,0,0,,UNKNOWN,0,Relapse Prevention Study of Pimavanserin in Dementia-related Psychosis The purpose of this study is to evaluate the efficacy of pimavanserin compared to placebo in preventing relapse of psychotic symptoms in subjects with dementia-related psychosis who responded to 12 weeks of open label pimavanserin treatment.,0,0,0,0.9607596,1,high,1
NCT00814801,An Efficacy and Safety Study of Galantamine for the Treatment of Patients With Alzheimer's Disease,,The purpose of this study is to evaluate the efficacy and safety of two fixed doses (16mg/day and 24mg/day) of galantamine (a drug for treating dementia) versus placebo for the treatment of patients with Alzheimer's disease.,,,PHASE3,INTERVENTIONAL,580.0,UNKNOWN,UNKNOWN,UNKNOWN,COMPLETED,True,2007-02,2008-09,,19.266666666666666,,,UNKNOWN,,,,0,0,0,0,,UNKNOWN,0,An Efficacy and Safety Study of Galantamine for the Treatment of Patients With Alzheimer's Disease The purpose of this study is to evaluate the efficacy and safety of two fixed doses (16mg/day and 24mg/day) of galantamine (a drug for treating dementia) versus placebo for the treatment of patients with Alzheimer's disease.,0,0,0,0.94547045,1,high,1
NCT00035191,A Placebo-controlled Trial to Evaluate the Safety and Efficacy of Galantamine in the Treatment of Vascular Dementia,,This is a trial to evaluate the safety and effectiveness of galantamine in patients with dementia secondary to blood vessel disease in the brain.,,,PHASE3,INTERVENTIONAL,254.0,UNKNOWN,UNKNOWN,UNKNOWN,COMPLETED,False,2001-10,,,37.08333333333333,,,UNKNOWN,,,,0,0,0,0,,UNKNOWN,0,A Placebo-controlled Trial to Evaluate the Safety and Efficacy of Galantamine in the Treatment of Vascular Dementia This is a trial to evaluate the safety and effectiveness of galantamine in patients with dementia secondary to blood vessel disease in the brain.,0,0,0,0.031127403,0,high,0
NCT01969123,Study of the Safety and Effectiveness of Two Doses of Investigational Study Drug EVP-6124 in Subjects With Alzheimer's Disease,,The purpose of this study is to evaluate the safety and efficacy of 2 fixed doses of EVP-6124 compared to placebo for 26 weeks in subjects with mild to moderate Alzheimer's disease currently receiving stable treatment or previously treated with an acetylcholinesterase inhibitor.,,,PHASE3,INTERVENTIONAL,474.0,UNKNOWN,UNKNOWN,UNKNOWN,TERMINATED,False,2013-10,2017-01,,39.6,,,UNKNOWN,,,,0,0,0,0,,UNKNOWN,0,Study of the Safety and Effectiveness of Two Doses of Investigational Study Drug EVP-6124 in Subjects With Alzheimer's Disease The purpose of this study is to evaluate the safety and efficacy of 2 fixed doses of EVP-6124 compared to placebo for 26 weeks in subjects with mild to moderate Alzheimer's disease currently receiving stable treatment or previously treated with an acetylcholinesterase inhibitor.,0,0,0,0.005768847,0,high,0
NCT01211782,AC-1204 Long-term Efficacy Response Trial (ALERT Protocol),,"The study will evaluate the safety \& efficacy of AC-1204, a ketogenic compound, administered orally on a daily basis for 6 months. Following the 6 month double-blind phase of the study, subjects may enroll in an optional 6 month open-label extension phase. Efficacy will be evaluated by standard tests of memory and cognition, along with other measurements of activities of daily living and quality of life. Safety will be assessed by frequency of adverse events and changes in laboratory test results. Subjects will be stratified and outcomes will be separately analyzed based on apolipoprotein E4 genotype (APOE4).",,,PHASE2 | PHASE3,INTERVENTIONAL,0.0,UNKNOWN,UNKNOWN,UNKNOWN,WITHDRAWN,False,,,,37.08333333333333,,,UNKNOWN,,,,0,0,0,0,,UNKNOWN,0,"AC-1204 Long-term Efficacy Response Trial (ALERT Protocol) The study will evaluate the safety \& efficacy of AC-1204, a ketogenic compound, administered orally on a daily basis for 6 months. Following the 6 month double-blind phase of the study, subjects may enroll in an optional 6 month open-label extension phase. Efficacy will be evaluated by standard tests of memory and cognition, along with other measurements of activities of daily living and quality of life. Safety will be assessed by frequency of adverse events and changes in laboratory test results. Subjects will be stratified and outcomes will be separately analyzed based on apolipoprotein E4 genotype (APOE4).",0,0,0,0.009947068,0,high,0
NCT01922258,Safety and Tolerability Study of Flexible Dosing of Brexpiprazole in the Treatment of Subjects With Agitation Associated With Dementia of the Alzheimer's Type,,To compare the efficacy of flexible dosing of brexpiprazole with placebo in subjects with agitation associated with dementia of the Alzheimer's type,,,PHASE3,INTERVENTIONAL,270.0,UNKNOWN,UNKNOWN,UNKNOWN,COMPLETED,True,2013-09,2017-03,,42.56666666666667,,,UNKNOWN,,,,0,0,0,0,,UNKNOWN,0,Safety and Tolerability Study of Flexible Dosing of Brexpiprazole in the Treatment of Subjects With Agitation Associated With Dementia of the Alzheimer's Type To compare the efficacy of flexible dosing of brexpiprazole with placebo in subjects with agitation associated with dementia of the Alzheimer's type,0,0,0,0.5064151,1,low,1
NCT03491150,An Open-Label Crenezumab Study in Participants With Alzheimer's Disease,,"In the BN40031 OLE study, a dose of crenezumab of 60 mg/kg intravenous (IV) every 4 weeks (Q4W) will be offered to all participants who complete Study BN29552 or BN29553 and who meet eligibility criteria in order to evaluate safety in participants on long-term crenezumab treatment and to investigate the effect of crenezumab on the underlying disease process and disease course as an exploratory efficacy objective.",,,PHASE3,INTERVENTIONAL,149.0,UNKNOWN,UNKNOWN,UNKNOWN,TERMINATED,True,2018-04-11,2019-05-31,,13.833333333333334,,,UNKNOWN,,,,0,0,0,0,,UNKNOWN,0,"An Open-Label Crenezumab Study in Participants With Alzheimer's Disease In the BN40031 OLE study, a dose of crenezumab of 60 mg/kg intravenous (IV) every 4 weeks (Q4W) will be offered to all participants who complete Study BN29552 or BN29553 and who meet eligibility criteria in order to evaluate safety in participants on long-term crenezumab treatment and to investigate the effect of crenezumab on the underlying disease process and disease course as an exploratory efficacy objective.",0,0,0,0.11592384,0,high,0
NCT03451591,LACunar Intervention (LACI-2) Trial-2,,"About 35,000 people each year in the UK have a type of stroke, called 'lacunar' or 'small vessel' stroke, which is different to other common types of stroke and for which there is no proven treatment. It is thought that small vessel stroke is caused by damage to the lining of the tiny blood vessels deep inside the brain that stops them functioning normally. This not only causes stroke but, perhaps more importantly, causes problems with thinking and walking, possibly causing up to 45% of all dementias either on its own, or mixed with Alzheimer's disease (about 350,000 patients in the UK). Some drugs that are commonly used in other blood vessel diseases may help improve small vessel function and prevent worsening of brain damage. One drug (cilostazol) has been tested in patients with stroke in the Asia Pacific countries but not on dementia; the other drug (isosorbide mononitrate) is widely used in the UK for heart disease but not stroke. The investigators want to set up a clinical trial to test if the study methods are practical so that patients and trial centres can follow the procedures, and to confirm how many patients have more stroke-like symptoms or experience worsening of their thinking skills. This information is needed to be sure that a very large clinical trial to find out if these drugs can prevent worsening of small vessel disease will be possible.",,,PHASE2 | PHASE3,INTERVENTIONAL,363.0,UNKNOWN,UNKNOWN,UNKNOWN,COMPLETED,True,2018-01-08,2022-05-31,,53.46666666666667,,,UNKNOWN,,,,0,0,0,0,,UNKNOWN,0,"LACunar Intervention (LACI-2) Trial-2 About 35,000 people each year in the UK have a type of stroke, called 'lacunar' or 'small vessel' stroke, which is different to other common types of stroke and for which there is no proven treatment. It is thought that small vessel stroke is caused by damage to the lining of the tiny blood vessels deep inside the brain that stops them functioning normally. This not only causes stroke but, perhaps more importantly, causes problems with thinking and walking, possibly causing up to 45% of all dementias either on its own, or mixed with Alzheimer's disease (about 350,000 patients in the UK). Some drugs that are commonly used in other blood vessel diseases may help improve small vessel function and prevent worsening of brain damage. One drug (cilostazol) has been tested in patients with stroke in the Asia Pacific countries but not on dementia; the other drug (isosorbide mononitrate) is widely used in the UK for heart disease but not stroke. The investigators want to set up a clinical trial to test if the study methods are practical so that patients and trial centres can follow the procedures, and to confirm how many patients have more stroke-like symptoms or experience worsening of their thinking skills. This information is needed to be sure that a very large clinical trial to find out if these drugs can prevent worsening of small vessel disease will be possible.",0,0,0,0.17767945,0,high,1
NCT00041678,Study of Aripiprazole in the Treatment of Patients With Psychosis Associated With Dementia of the Alzheimer's Type,,The purpose of this study is to learn if aripiprazole is safe and effective in the treatment of psychosis associated with dementia of the Alzheimer's type.,,,PHASE3,INTERVENTIONAL,330.0,UNKNOWN,UNKNOWN,UNKNOWN,COMPLETED,False,2000-01,2003-03,,38.5,,,UNKNOWN,,,,0,0,0,0,,UNKNOWN,0,Study of Aripiprazole in the Treatment of Patients With Psychosis Associated With Dementia of the Alzheimer's Type The purpose of this study is to learn if aripiprazole is safe and effective in the treatment of psychosis associated with dementia of the Alzheimer's type.,0,0,0,0.043186843,0,high,0
NCT01399125,"A 24-Week Efficacy, Safety and Tolerability of Rivastigmine Patch Study in Patients With Probable Alzheimer's Disease",,"The purpose of this study is to assess the efficacy, safety, and tolerability of Exelon® patch in patients with probable AD (MMSE 10-20), in order to support a planned regulatory submission and registration of Exelon transdermal patch in China. The study is designed to confirm the non-inferiority of the efficacy of Exelon patch (target 10 cm² patch size) versus Exelon capsules (target 6.0 mg bid dose) on cognition, using the Alzheimer's Disease Assessment Scale-Cognitive Subscale (ADAS-Cog).",,,PHASE3,INTERVENTIONAL,501.0,UNKNOWN,UNKNOWN,UNKNOWN,COMPLETED,True,2011-07,2013-05,,22.333333333333332,,,UNKNOWN,,,,0,0,0,0,,UNKNOWN,0,"A 24-Week Efficacy, Safety and Tolerability of Rivastigmine Patch Study in Patients With Probable Alzheimer's Disease The purpose of this study is to assess the efficacy, safety, and tolerability of Exelon® patch in patients with probable AD (MMSE 10-20), in order to support a planned regulatory submission and registration of Exelon transdermal patch in China. The study is designed to confirm the non-inferiority of the efficacy of Exelon patch (target 10 cm² patch size) versus Exelon capsules (target 6.0 mg bid dose) on cognition, using the Alzheimer's Disease Assessment Scale-Cognitive Subscale (ADAS-Cog).",0,0,0,0.9776912,1,high,1
NCT03721705,Renew NCP-5 for the Treatment of Mild Cognitive Impairment Due to Alzheimer's Disease (AD) or Mild Dementia of the Alzheimer's Type,,"A Randomized Pivotal Study of RenewTM NCP-5 for the Treatment of Mild Cognitive Impairment due to Alzheimer's Disease or Mild Dementia of the Alzheimer's Type is a pivotal, single blind, parallel design, multi-site study intends to examine the efficacy and safety of RenewTM NCP-5 therapy in the treatment of Cognitive Impairment due to Alzheimer's Disease or Mild Dementia of the Alzheimer's Type. Subjects will be prospectively randomized to treatment or sham (in a 1:1 ratio) using stratification for Cognitive Impairment due to Alzheimer's Disease or Mild Dementia of the Alzheimer's Type, and Cardiovascular Risk (CVR) score at multiple sites. Subjects, ages 55-85, will be consented for 13 months and will receive thirty-five 60-minute RenewTM NCP-5 treatment sessions during a 7-to-12-week initial treatment period, and then transition to a lower frequency maintenance period (twice a week) for a total treatment period of 24 weeks.",,,PHASE3,INTERVENTIONAL,190.0,UNKNOWN,UNKNOWN,UNKNOWN,COMPLETED,True,2018-11-12,2021-03-23,,28.733333333333334,,,UNKNOWN,,,,0,0,0,0,,UNKNOWN,0,"Renew NCP-5 for the Treatment of Mild Cognitive Impairment Due to Alzheimer's Disease (AD) or Mild Dementia of the Alzheimer's Type A Randomized Pivotal Study of RenewTM NCP-5 for the Treatment of Mild Cognitive Impairment due to Alzheimer's Disease or Mild Dementia of the Alzheimer's Type is a pivotal, single blind, parallel design, multi-site study intends to examine the efficacy and safety of RenewTM NCP-5 therapy in the treatment of Cognitive Impairment due to Alzheimer's Disease or Mild Dementia of the Alzheimer's Type. Subjects will be prospectively randomized to treatment or sham (in a 1:1 ratio) using stratification for Cognitive Impairment due to Alzheimer's Disease or Mild Dementia of the Alzheimer's Type, and Cardiovascular Risk (CVR) score at multiple sites. Subjects, ages 55-85, will be consented for 13 months and will receive thirty-five 60-minute RenewTM NCP-5 treatment sessions during a 7-to-12-week initial treatment period, and then transition to a lower frequency maintenance period (twice a week) for a total treatment period of 24 weeks.",0,0,0,0.97937095,1,high,1
NCT01283750,Maximizing Independence at Home (MIND at Home),,"Funded by a unique private philanthropy and public coalition through THE ASSOCIATED: Jewish Community Federation of Baltimore, this project seeks to develop effective ways to deliver dementia care to older adults with memory disorders who live in the community. MIND at Home is an 18 month intervention research study whose goals are two-fold: To partner with community organizations to help proactively identify older adults in the Baltimore community who may need help related to memory disorders; To find out if providing person-centered, coordinated care will help older adults with memory disorders remain at home longer, as well other possible benefits. The investigators hypothesize that individuals with memory disorders that receive person-centered, coordinated care will have fewer unmet dementia-related needs, improved quality of life and function, fewer behavioral and depressive symptoms, and will be able to remain in their homes longer compared to individuals who receive augmented usual care.",,,PHASE2 | PHASE3,INTERVENTIONAL,303.0,UNKNOWN,UNKNOWN,UNKNOWN,COMPLETED,False,2008-07,2011-12,,41.6,,,UNKNOWN,,,,0,0,0,0,,UNKNOWN,0,"Maximizing Independence at Home (MIND at Home) Funded by a unique private philanthropy and public coalition through THE ASSOCIATED: Jewish Community Federation of Baltimore, this project seeks to develop effective ways to deliver dementia care to older adults with memory disorders who live in the community. MIND at Home is an 18 month intervention research study whose goals are two-fold: To partner with community organizations to help proactively identify older adults in the Baltimore community who may need help related to memory disorders; To find out if providing person-centered, coordinated care will help older adults with memory disorders remain at home longer, as well other possible benefits. The investigators hypothesize that individuals with memory disorders that receive person-centered, coordinated care will have fewer unmet dementia-related needs, improved quality of life and function, fewer behavioral and depressive symptoms, and will be able to remain in their homes longer compared to individuals who receive augmented usual care.",0,0,0,0.03264338,0,high,0
NCT02442778,"Efficacy, Safety, and Tolerability of AVP-786 for the Treatment of Agitation in Participants With Dementia of the Alzheimer's Type",,"Participants with agitation secondary to dementia of the Alzheimer's type. The diagnosis of probable Alzheimer's disease (AD) will be based on the ""2011 Diagnostic Guidelines for Alzheimer's Disease"" issued by the National Institute on Aging (NIA)-Alzheimer's Association (AA) workgroups.",,,PHASE3,INTERVENTIONAL,522.0,UNKNOWN,UNKNOWN,UNKNOWN,COMPLETED,True,2015-11-11,2019-08-14,,45.733333333333334,,,UNKNOWN,,,,0,0,0,0,,UNKNOWN,0,"Efficacy, Safety, and Tolerability of AVP-786 for the Treatment of Agitation in Participants With Dementia of the Alzheimer's Type Participants with agitation secondary to dementia of the Alzheimer's type. The diagnosis of probable Alzheimer's disease (AD) will be based on the ""2011 Diagnostic Guidelines for Alzheimer's Disease"" issued by the National Institute on Aging (NIA)-Alzheimer's Association (AA) workgroups.",0,0,0,0.9954209,1,high,1
NCT00676143,Study Evaluating the Safety and Efficacy of Bapineuzumab in Alzheimer Disease Patients,,This is a study to evaluate the efficacy and safety of multiple doses of bapineuzumab in patients with mild to moderate Alzheimer Disease. Patients will receive either bapineuzumab or placebo. Each patient's participation will last approximately 1.5 years.,,,PHASE3,INTERVENTIONAL,1100.0,UNKNOWN,UNKNOWN,UNKNOWN,TERMINATED,True,2008-01,2012-10,,57.833333333333336,,,UNKNOWN,,,,0,0,0,0,,UNKNOWN,0,Study Evaluating the Safety and Efficacy of Bapineuzumab in Alzheimer Disease Patients This is a study to evaluate the efficacy and safety of multiple doses of bapineuzumab in patients with mild to moderate Alzheimer Disease. Patients will receive either bapineuzumab or placebo. Each patient's participation will last approximately 1.5 years.,0,0,0,0.029048167,0,high,0
NCT00151502,To Evaluate the Safety and Effectiveness of Atorvastatin Plus a Cholinesterase Inhibitor in AD Patients.,,"The purpose of this study is to find out if atovastatin, when taken with a cholinesterase inhibitor, is effective for treating Alzheimer's disease.",,,PHASE3,INTERVENTIONAL,600.0,UNKNOWN,UNKNOWN,UNKNOWN,COMPLETED,False,2002-11,,,37.08333333333333,,,UNKNOWN,,,,0,0,0,0,,UNKNOWN,0,"To Evaluate the Safety and Effectiveness of Atorvastatin Plus a Cholinesterase Inhibitor in AD Patients. The purpose of this study is to find out if atovastatin, when taken with a cholinesterase inhibitor, is effective for treating Alzheimer's disease.",0,0,0,0.018410625,0,high,0
NCT00006187,The Safety and Efficacy of an Investigational Drug in Delaying the Progression of Alzheimer's Disease,,"This is a 15-month study with two phases. During the first 12-month phase of this study, patients will be randomly assigned to receive either active study drug or placebo (approximately half of all patients will be on active study drug, the other half on placebo). The second phase is a 3-month randomized withdrawal period. For this phase approximately 10% of the patients will remain on the active drug.",,,PHASE3,INTERVENTIONAL,330.0,UNKNOWN,UNKNOWN,UNKNOWN,TERMINATED,False,,2005-06,,37.08333333333333,,,UNKNOWN,,,,0,0,0,0,,UNKNOWN,0,"The Safety and Efficacy of an Investigational Drug in Delaying the Progression of Alzheimer's Disease This is a 15-month study with two phases. During the first 12-month phase of this study, patients will be randomly assigned to receive either active study drug or placebo (approximately half of all patients will be on active study drug, the other half on placebo). The second phase is a 3-month randomized withdrawal period. For this phase approximately 10% of the patients will remain on the active drug.",0,0,0,0.16499794,0,high,0
NCT00575055,Bapineuzumab in Patients With Mild to Moderate Alzheimer's Disease (ApoE4 Carrier),,"This is a multicenter, double-blind, placebo controlled, randomized, outpatient, multiple dose study in male and female patients ages 50 to less than 89 years with mild to moderate AD. Approximately 200 study sites in the US and Canada will be involved. Patients will be randomized to receive either bapineuzumab or placebo. Each patient's participation will last approximately 1.5 years.

Bapineuzumab is a humanized monoclonal antibody, which binds to and clears beta amyloid peptide, and is designed to provide antibodies to beta amyloid directly to the patient.",,,PHASE3,INTERVENTIONAL,1121.0,UNKNOWN,UNKNOWN,UNKNOWN,COMPLETED,False,2007-12,2012-04,,52.766666666666666,,,UNKNOWN,,,,0,0,0,0,,UNKNOWN,0,"Bapineuzumab in Patients With Mild to Moderate Alzheimer's Disease (ApoE4 Carrier) This is a multicenter, double-blind, placebo controlled, randomized, outpatient, multiple dose study in male and female patients ages 50 to less than 89 years with mild to moderate AD. Approximately 200 study sites in the US and Canada will be involved. Patients will be randomized to receive either bapineuzumab or placebo. Each patient's participation will last approximately 1.5 years.

Bapineuzumab is a humanized monoclonal antibody, which binds to and clears beta amyloid peptide, and is designed to provide antibodies to beta amyloid directly to the patient.",0,0,0,0.3153441,0,medium,0
NCT01400425,Potential of Florbetapir F 18 PET to Inform Clinical Diagnosis and Management of Patients With Progressive Cognitive Decline,,The study is designed to evaluate whether a florbetapir F 18 PET scan can impact clinical thinking when physicians are determining the likely cause of a subject's cognitive impairment.,,,PHASE3,INTERVENTIONAL,239.0,UNKNOWN,UNKNOWN,UNKNOWN,COMPLETED,True,2011-07,2012-07,,12.2,,,UNKNOWN,,,,0,0,0,0,,UNKNOWN,0,Potential of Florbetapir F 18 PET to Inform Clinical Diagnosis and Management of Patients With Progressive Cognitive Decline The study is designed to evaluate whether a florbetapir F 18 PET scan can impact clinical thinking when physicians are determining the likely cause of a subject's cognitive impairment.,0,0,0,0.9310248,1,high,1
